Country;Year;Status;Life expectancy ;Adult Mortality;infant deaths;Alcohol;percentage expenditure;Hepatitis B;Measles ; BMI ;under-five deaths ;Polio;Total expenditure;Diphtheria ; HIV/AIDS;GDP;Population; thinness  1-19 years; thinness 5-9 years;Income composition of resources;Schooling
Afghanistan;2015;Developing;65,00;263;62;0,01;71,28;65;1154;19,1;83;6;8,16;65;0,1;584,26;33736494;17,2;17,3;0,48;10,1
Afghanistan;2014;Developing;59,90;271;64;0,01;73,52;62;492;18,6;86;58;8,18;62;0,1;612,70;327582;17,5;17,5;0,48;10,0
Afghanistan;2013;Developing;59,90;268;66;0,01;73,22;64;430;18,1;89;62;8,13;64;0,1;631,74;31731688;17,7;17,7;0,47;9,9
Afghanistan;2012;Developing;59,50;272;69;0,01;78,18;67;2787;17,6;93;67;8,52;67;0,1;669,96;3696958;17,9;18,0;0,46;9,8
Afghanistan;2011;Developing;59,20;275;71;0,01;7,10;68;3013;17,2;97;68;7,87;68;0,1;63,54;2978599;18,2;18,2;0,45;9,5
Afghanistan;2010;Developing;58,80;279;74;0,01;79,68;66;1989;16,7;102;66;9,20;66;0,1;553,33;2883167;18,4;18,4;0,45;9,2
Afghanistan;2009;Developing;58,60;281;77;0,01;56,76;63;2861;16,2;106;63;9,42;63;0,1;445,89;284331;18,6;18,7;0,43;8,9
Afghanistan;2008;Developing;58,10;287;80;0,03;25,87;64;1599;15,7;110;64;8,33;64;0,1;373,36;2729431;18,8;18,9;0,43;8,7
Afghanistan;2007;Developing;57,50;295;82;0,02;10,91;63;1141;15,2;113;63;6,73;63;0,1;369,84;26616792;19,0;19,1;0,42;8,4
Afghanistan;2006;Developing;57,30;295;84;0,03;17,17;64;1990;14,7;116;58;7,43;58;0,1;272,56;2589345;19,2;19,3;0,41;8,1
Afghanistan;2005;Developing;57,30;291;85;0,02;1,39;66;1296;14,2;118;58;8,70;58;0,1;25,29;257798;19,3;19,5;0,40;7,9
Afghanistan;2004;Developing;57,00;293;87;0,02;15,30;67;466;13,8;120;5;8,79;5;0,1;219,14;24118979;19,5;19,7;0,38;6,8
Afghanistan;2003;Developing;56,70;295;87;0,01;11,09;65;798;13,4;122;41;8,82;41;0,1;198,73;2364851;19,7;19,9;0,37;6,5
Afghanistan;2002;Developing;56,20;3;88;0,01;16,89;64;2486;13,0;122;36;7,76;36;0,1;187,85;21979923;19,9;2,2;0,34;6,2
Afghanistan;2001;Developing;55,30;316;88;0,01;10,57;63;8762;12,6;122;35;7,80;33;0,1;117,50;2966463;2,1;2,4;0,34;5,9
Afghanistan;2000;Developing;54,80;321;88;0,01;10,42;62;6532;12,2;122;24;8,20;24;0,1;114,56;293756;2,3;2,5;0,34;5,5
Albania;2015;Developing;77,80;74;0;4,60;364,98;99;0;58,0;0;99;6,00;99;0,1;3954,23;28873;1,2;1,3;0,76;14,2
Albania;2014;Developing;77,50;8;0;4,51;428,75;98;0;57,2;1;98;5,88;98;0,1;4575,76;288914;1,2;1,3;0,76;14,2
Albania;2013;Developing;77,20;84;0;4,76;430,88;99;0;56,5;1;99;5,66;99;0,1;4414,72;289592;1,3;1,4;0,76;14,2
Albania;2012;Developing;76,90;86;0;5,14;412,44;99;9;55,8;1;99;5,59;99;0,1;4247,61;2941;1,3;1,4;0,75;14,2
Albania;2011;Developing;76,60;88;0;5,37;437,06;99;28;55,1;1;99;5,71;99;0,1;4437,18;295195;1,4;1,5;0,74;13,3
Albania;2010;Developing;76,20;91;1;5,28;41,82;99;10;54,3;1;99;5,34;99;0,1;494,36;291321;1,4;1,5;0,73;12,5
Albania;2009;Developing;76,10;91;1;5,79;348,06;98;0;53,5;1;98;5,79;98;0,1;4114,14;2927519;1,5;1,6;0,72;12,2
Albania;2008;Developing;75,30;1;1;5,61;36,62;99;0;52,6;1;99;5,87;99;0,1;437,54;2947314;1,6;1,6;0,71;12,0
Albania;2007;Developing;75,90;9;1;5,58;32,25;98;22;51,7;1;99;6,10;98;0,1;363,14;29717;1,6;1,7;0,70;11,6
Albania;2006;Developing;74,20;99;1;5,31;3,30;98;68;5,8;1;97;5,86;97;0,1;35,13;2992547;1,7;1,8;0,70;11,4
Albania;2005;Developing;73,50;15;1;5,16;26,99;98;6;49,9;1;97;6,12;98;0,1;279,14;311487;1,8;1,8;0,69;10,8
Albania;2004;Developing;73,00;17;1;4,54;221,84;99;7;48,9;1;98;6,38;97;0,1;2416,59;326939;1,8;1,9;0,68;10,9
Albania;2003;Developing;72,80;18;1;4,29;14,72;97;8;47,9;1;97;6,27;97;0,1;189,68;339616;1,9;2,0;0,67;10,7
Albania;2002;Developing;73,30;15;1;3,73;104,52;96;16;46,9;1;98;6,30;98;0,1;1453,64;3511;2,0;2,1;0,67;10,7
Albania;2001;Developing;73,60;14;1;4,25;96,21;96;18;46,0;1;97;6,00;97;0,1;1326,97;36173;2,1;2,1;0,66;10,6
Albania;2000;Developing;72,60;11;1;3,66;91,71;96;662;45,0;1;97;6,26;97;0,1;1175,79;38927;2,1;2,2;0,66;10,7
Algeria;2015;Developing;75,60;19;21;0,00;0,00;95;63;59,5;24;95;0,00;95;0,1;4132,76;39871528;6,0;5,8;0,74;14,4
Algeria;2014;Developing;75,40;11;21;0,01;54,24;95;0;58,4;24;95;7,21;95;0,1;547,85;39113313;6,0;5,8;0,74;14,4
Algeria;2013;Developing;75,30;112;21;0,53;544,45;95;25;57,2;24;95;7,12;95;0,1;5471,87;38338562;5,9;5,8;0,74;14,4
Algeria;2012;Developing;75,10;113;21;0,66;555,93;95;18;56,1;24;95;6,14;95;0,1;5564,83;37565847;5,9;5,8;0,73;14,4
Algeria;2011;Developing;74,90;116;21;0,56;509,00;95;112;55,0;24;95;5,29;95;0,1;5432,25;36819558;5,9;5,8;0,72;14,0
Algeria;2010;Developing;74,70;119;21;0,45;430,72;95;103;53,9;24;95;5,12;95;0,1;4463,39;36117637;5,9;5,8;0,71;13,6
Algeria;2009;Developing;74,40;123;20;0,50;352,06;94;107;52,8;23;94;5,36;95;0,1;3868,83;3546576;6,0;5,9;0,71;13,1
Algeria;2008;Developing;74,10;126;20;0,46;43,09;91;217;51,8;23;92;4,20;93;0,1;495,25;3486715;6,0;5,9;0,70;12,6
Algeria;2007;Developing;73,80;129;20;0,44;320,32;9;0;5,8;23;95;3,82;95;0,1;3935,18;34376;6,0;5,9;0,69;12,3
Algeria;2006;Developing;73,40;132;20;0,36;270,24;8;944;49,8;23;95;3,36;95;0,1;3464,62;33777915;6,1;6,0;0,69;12,3
Algeria;2005;Developing;72,90;136;19;0,50;2,55;83;2302;48,9;22;88;3,24;88;0,1;31,12;33288437;6,1;6,0;0,68;12,0
Algeria;2004;Developing;72,30;14;19;0,45;220,39;81;3289;47,9;23;86;3,54;86;0,1;2598,98;3283196;6,2;6,1;0,67;11,7
Algeria;2003;Developing;71,70;146;20;0,34;25,02;0;15374;47,0;23;87;3,60;87;0,1;294,34;3243514;6,3;6,1;0,66;11,5
Algeria;2002;Developing;71,60;145;20;0,36;148,51;0;5862;46,1;23;86;3,73;86;0,1;1774,34;3199546;6,3;6,2;0,65;11,1
Algeria;2001;Developing;71,40;145;20;0,23;147,99;0;2686;45,3;24;89;3,84;89;0,1;1732,86;31592153;6,4;6,3;0,64;10,9
Algeria;2000;Developing;71,30;145;21;0,25;154,46;0;0;44,4;25;86;3,49;86;0,1;1757,18;3118366;6,5;6,4;0,64;10,7
Angola;2015;Developing;52,40;335;66;0,00;0,00;64;118;23,3;98;7;0,00;64;1,9;3695,79;2785935;8,3;8,2;0,53;11,4
Angola;2014;Developing;51,70;348;67;8,33;23,97;64;11699;22,7;101;68;3,31;64;2,0;479,31;2692466;8,5;8,3;0,53;11,4
Angola;2013;Developing;51,10;355;69;8,10;35,96;77;8523;22,1;105;67;4,26;77;2,3;484,62;2599834;8,6;8,5;0,52;11,4
Angola;2012;Developing;56,00;358;72;8,24;256,12;75;4458;21,5;110;75;3,30;75;2,6;4598,25;259615;8,8;8,6;0,51;10,3
Angola;2011;Developing;51,00;361;75;8,06;239,89;72;1449;21,0;115;73;3,38;71;2,5;4299,13;24218565;8,9;8,8;0,50;9,4
Angola;2010;Developing;49,60;365;78;7,80;191,65;77;1190;2,4;121;81;3,39;77;2,5;3529,53;23369131;9,1;9,0;0,49;9,0
Angola;2009;Developing;49,10;369;81;7,01;212,92;61;2807;19,8;127;63;4,37;6;2,5;3347,84;22549547;9,3;9,2;0,48;8,5
Angola;2008;Developing;48,70;371;84;7,07;249,91;69;265;19,3;133;65;3,84;69;2,6;3868,58;2175942;9,5;9,4;0,47;8,1
Angola;2007;Developing;48,20;375;87;6,35;184,82;73;1014;18,8;138;75;3,38;73;2,6;2878,84;2997687;9,6;9,6;0,45;7,7
Angola;2006;Developing;47,70;381;90;5,84;25,09;0;765;18,2;143;36;4,54;34;2,5;262,42;2262399;9,8;9,7;0,44;7,2
Angola;2005;Developing;47,40;382;92;5,04;98,19;0;258;17,7;148;39;4,10;38;2,6;1443,99;19552542;1,0;9,9;0,43;6,8
Angola;2004;Developing;47,10;386;94;3,53;8,87;0;29;17,2;152;4;4,71;4;2,5;141,87;18865716;1,2;1,1;0,42;6,4
Angola;2003;Developing;46,80;388;95;3,49;35,93;0;1196;16,8;155;4;4,41;4;2,4;779,47;1823369;1,4;1,3;0,41;5,9
Angola;2002;Developing;46,50;391;96;2,82;24,04;0;11945;16,3;157;37;3,63;41;2,3;711,18;17572649;1,5;1,5;0,40;5,5
Angola;2001;Developing;45,70;44;97;2,58;30,36;0;9046;15,8;159;41;5,38;38;2,1;526,17;16983266;1,7;1,7;0,39;5,1
Angola;2000;Developing;45,30;48;97;1,85;15,88;0;2219;15,4;160;3;2,79;28;2,0;555,30;1644924;1,9;1,9;0,38;4,6
Antigua and Barbuda;2015;Developing;76,40;13;0;0,00;0,00;99;0;47,7;0;86;0,00;99;0,2;13566,95;0;3,3;3,3;0,78;13,9
Antigua and Barbuda;2014;Developing;76,20;131;0;8,56;2423,00;99;0;47,0;0;96;5,54;99;0,2;12888,30;0;3,3;3,3;0,78;13,9
Antigua and Barbuda;2013;Developing;76,10;133;0;8,58;1991,43;99;0;46,4;0;98;5,33;99;0,2;12224,86;0;3,3;3,3;0,78;13,9
Antigua and Barbuda;2012;Developing;75,90;134;0;8,18;2156,23;98;0;45,7;0;97;5,39;98;0,2;12565,44;0;3,3;3,3;0,78;13,8
Antigua and Barbuda;2011;Developing;75,70;136;0;7,84;1810,88;99;0;45,1;0;99;5,65;99;0,1;11929,35;0;3,3;3,3;0,78;14,1
Antigua and Barbuda;2010;Developing;75,60;138;0;7,84;1983,96;98;0;44,4;0;99;5,63;98;0,1;12126,88;0;3,3;3,3;0,78;14,1
Antigua and Barbuda;2009;Developing;75,40;14;0;7,82;149,36;98;0;43,8;0;98;4,86;99;0,1;1312,47;0;3,4;3,3;0,79;14,2
Antigua and Barbuda;2008;Developing;75,20;142;0;8,27;180,78;98;0;43,2;0;99;4,69;99;0,1;1473,32;0;3,4;3,3;0,79;14,4
Antigua and Barbuda;2007;Developing;75,00;144;0;8,64;257,97;97;0;42,6;0;98;4,27;99;0,1;14252,29;0;3,4;3,3;0,78;14,5
Antigua and Barbuda;2006;Developing;74,80;145;0;8,93;216,31;99;0;42,0;0;99;4,34;99;0,1;12724,39;0;3,4;3,4;0,77;14,7
Antigua and Barbuda;2005;Developing;74,60;147;0;8,15;1455,61;99;0;41,4;0;98;4,41;99;0,1;11371,94;0;3,5;3,4;0,00;0,0
Antigua and Barbuda;2004;Developing;74,40;149;0;7,28;22,86;97;0;4,8;0;97;4,21;97;0,1;1352,84;0;3,5;3,4;0,00;0,0
Antigua and Barbuda;2003;Developing;74,20;151;0;7,16;1158,07;99;0;4,1;0;99;4,53;99;0,1;9739,83;0;3,5;3,5;0,00;0,0
Antigua and Barbuda;2002;Developing;74,00;153;0;7,21;927,41;99;0;39,5;0;93;4,41;98;0,1;9386,72;0;3,6;3,5;0,00;0,0
Antigua and Barbuda;2001;Developing;73,80;154;0;7,51;163,77;96;0;38,9;0;99;4,48;97;0,1;9358,15;0;3,6;3,5;0,00;0,0
Antigua and Barbuda;2000;Developing;73,60;156;0;7,27;1127,74;0;0;38,2;0;96;4,13;95;0,1;9875,16;0;3,7;3,6;0,00;0,0
Argentina;2015;Developing;76,30;116;8;0,00;0,00;94;0;62,8;9;93;0,00;94;0,1;13467,12;43417765;1,0;0,9;0,83;17,3
Argentina;2014;Developing;76,20;118;8;7,93;847,37;94;1;62,2;9;92;4,79;94;0,1;12245,26;42981515;1,0;0,9;0,83;17,3
Argentina;2013;Developing;76,00;119;8;8,28;1001,80;94;0;61,6;10;99;4,99;94;0,1;12976,64;42539925;1,0;0,9;0,82;17,3
Argentina;2012;Developing;75,90;12;9;8,35;1133,56;91;2;61,0;10;99;5,20;91;0,1;12969,77;4296739;1,0;0,9;0,82;17,2
Argentina;2011;Developing;75,70;12;9;8,11;1504,33;91;3;6,4;10;93;5,89;91;0,1;12726,98;41656879;1,0;0,9;0,82;17,1
Argentina;2010;Developing;75,50;121;10;8,15;187,61;94;17;59,8;11;95;6,55;94;0,1;1276,27;41223889;1,0;0,9;0,80;16,8
Argentina;2009;Developing;75,60;126;10;8,33;1398,04;94;3;59,2;11;97;7,63;94;0,1;8161,37;479947;1,0;0,9;0,79;16,5
Argentina;2008;Developing;75,40;126;10;8,41;1413,74;9;0;58,6;11;94;6,66;93;0,1;8953,36;4382389;1,0;0,9;0,79;16,3
Argentina;2007;Developing;74,80;129;10;8,16;1105,66;85;0;58,0;12;92;6,49;91;0,1;7193,62;3997224;1,1;0,9;0,79;16,3
Argentina;2006;Developing;75,20;127;11;7,75;961,18;84;0;57,5;12;92;6,68;91;0,1;5878,76;3955889;1,1;0,9;0,78;16,1
Argentina;2005;Developing;74,90;127;11;7,53;96,17;88;0;56,9;12;95;6,85;98;0,1;576,88;39145488;1,1;1,0;0,78;16,3
Argentina;2004;Developing;74,70;13;11;7,63;719,37;81;0;56,3;12;91;6,84;98;0,1;4251,57;38728696;1,1;1,0;0,78;16,3
Argentina;2003;Developing;74,10;137;11;7,62;57,58;73;0;55,7;13;95;8,22;96;0,1;333,44;3839379;1,2;1,0;0,77;16,4
Argentina;2002;Developing;74,10;138;12;7,81;470,19;66;0;55,1;13;94;8,31;93;0,1;2579,19;3788937;1,2;1,0;0,78;16,3
Argentina;2001;Developing;74,00;138;12;7,76;123,01;0;0;54,6;13;85;9,38;83;0,1;717,69;3747159;1,2;1,1;0,77;15,6
Argentina;2000;Developing;74,10;137;12;7,68;1349,03;0;6;54,0;14;88;9,21;83;0,1;7669,27;3757452;1,2;1,1;0,76;15,0
Armenia;2015;Developing;74,80;118;1;0,00;0,00;94;33;54,9;1;96;0,00;94;0,1;369,65;291695;2,1;2,2;0,74;12,7
Armenia;2014;Developing;74,60;12;1;3,91;295,61;93;13;54,1;1;95;4,48;93;0,1;3994,71;29622;2,1;2,1;0,74;12,7
Armenia;2013;Developing;74,40;123;1;3,79;279,43;95;10;53,3;1;96;4,55;95;0,1;3843,59;289359;2,1;2,1;0,74;12,7
Armenia;2012;Developing;74,40;121;1;3,89;274,15;95;0;52,6;1;96;4,48;95;0,1;3684,85;2881922;2,0;2,1;0,73;12,7
Armenia;2011;Developing;73,90;128;1;4,09;261,00;95;0;51,9;1;96;3,71;95;0,1;3526,98;2875581;2,0;2,1;0,73;12,7
Armenia;2010;Developing;73,50;132;1;4,23;224,32;94;2;51,2;1;96;4,56;94;0,1;3218,38;2877311;2,0;2,1;0,72;12,3
Armenia;2009;Developing;73,30;137;1;3,96;201,19;93;0;5,7;1;94;4,55;93;0,1;2993,83;2888584;2,0;2,1;0,73;11,9
Armenia;2008;Developing;73,20;14;1;3,96;2,89;89;0;5,1;1;91;3,80;89;0,1;41,27;29822;2,0;2,1;0,72;12,3
Armenia;2007;Developing;73,50;132;1;3,99;44,57;85;1;49,7;1;9;4,31;88;0,1;3138,89;293356;2,0;2,1;0,71;11,7
Armenia;2006;Developing;72,90;141;1;4,01;244,54;78;137;49,2;1;87;4,58;87;0,1;2158,30;29585;2,0;2,1;0,69;11,2
Armenia;2005;Developing;73,00;137;1;4,25;20,22;91;2281;48,8;1;92;5,25;9;0,1;1643,76;2981259;2,0;2,1;0,68;10,9
Armenia;2004;Developing;73,00;132;1;3,81;97,74;91;1783;48,4;1;93;5,50;91;0,1;1191,96;3612;2,0;2,1;0,67;10,9
Armenia;2003;Developing;72,70;134;1;3,03;7,34;93;4;48,1;1;96;5,56;94;0,1;93,17;31786;2,0;2,1;0,66;10,8
Armenia;2002;Developing;72,60;134;1;2,86;57,18;91;40;47,8;1;96;5,40;94;0,1;783,26;333897;2,1;2,1;0,65;10,8
Armenia;2001;Developing;72,60;141;1;2,86;53,19;69;69;47,4;1;97;5,94;94;0,1;694,44;35655;2,1;2,1;0,64;11,1
Armenia;2000;Developing;72,00;142;1;2,90;32,76;55;15;47,1;1;96;6,25;93;0,1;622,74;369588;2,1;2,2;0,64;11,2
Australia;2015;Developed;82,80;59;1;0,00;0,00;93;74;66,6;1;93;0,00;93;0,1;56554,39;23789338;0,6;0,6;0,94;20,4
Australia;2014;Developed;82,70;6;1;9,71;10769,36;91;340;66,1;1;92;9,42;92;0,1;62214,69;2346694;0,6;0,6;0,94;20,4
Australia;2013;Developed;82,50;61;1;9,87;11734,85;91;158;65,5;1;91;9,36;91;0,1;67792,34;23117353;0,6;0,6;0,93;20,3
Australia;2012;Developed;82,30;61;1;10,03;11715,00;91;199;65,0;1;92;9,36;92;0,1;67677,63;22728254;0,6;0,6;0,93;20,1
Australia;2011;Developed;82,00;63;1;10,30;10986,27;92;190;64,4;1;92;9,20;92;0,1;62245,13;223424;0,6;0,6;0,93;19,8
Australia;2010;Developed;81,90;64;1;10,52;8875,79;92;70;63,9;1;92;9,20;92;0,1;51874,85;223175;0,7;0,6;0,93;19,5
Australia;2009;Developed;81,70;66;1;10,62;7172,28;94;104;63,4;1;92;9,50;92;0,1;42743,00;216917;0,7;0,6;0,93;19,1
Australia;2008;Developed;81,30;66;1;10,76;8547,29;94;65;62,9;1;92;8,78;92;0,1;49664,69;212492;0,7;0,6;0,92;19,1
Australia;2007;Developed;81,30;66;1;10,56;872,60;94;11;62,5;2;92;8,53;92;0,1;4991,98;28276;0,7;0,6;0,92;19,0
Australia;2006;Developed;81,20;66;1;10,31;6187,06;95;0;62,0;2;92;8,49;92;0,1;36118,28;26979;0,7;0,6;0,92;20,3
Australia;2005;Developed;81,00;67;1;10,30;579,13;95;10;61,5;2;92;8,45;92;0,1;3416,71;23948;0,7;0,6;0,91;20,3
Australia;2004;Developed;86,00;69;1;9,84;588,57;95;70;6,9;1;92;8,57;92;0,1;3472,38;21274;0,7;0,6;0,91;20,7
Australia;2003;Developed;83,00;71;1;9,97;3829,55;95;91;6,3;1;92;8,32;93;0,1;23465,39;198954;0,7;0,7;0,91;20,6
Australia;2002;Developed;79,90;73;1;9,84;46,39;95;32;59,6;2;92;8,39;92;0,1;281,82;196514;0,7;0,7;0,90;20,1
Australia;2001;Developed;79,90;75;1;9,53;3064,30;94;141;59,0;2;91;8,18;92;0,1;19517,84;19413;0,7;0,7;0,90;20,5
Australia;2000;Developed;79,50;78;1;10,17;347,19;0;108;58,2;2;9;8,80;9;0,1;2169,92;19153;0,7;0,7;0,90;20,4
Austria;2015;Developed;81,50;65;0;0,00;0,00;93;309;57,6;0;93;0,00;93;0,1;43665,95;8633169;1,9;2,1;0,89;15,9
Austria;2014;Developed;81,40;66;0;12,32;8350,19;98;117;57,1;0;98;11,21;98;0,1;51322,64;8541575;1,8;2,0;0,89;15,9
Austria;2013;Developed;81,10;68;0;11,82;90,59;95;0;56,6;0;95;11,14;95;0,1;554,72;8479375;1,8;2,0;0,89;15,7
Austria;2012;Developed;88,00;7;0;12,26;7878,37;92;36;56,1;0;92;11,17;92;0,1;48333,57;8429991;1,8;2,0;0,88;15,7
Austria;2011;Developed;88,00;73;0;12,04;8272,31;89;68;55,7;0;89;1,94;89;0,1;51126,74;8391643;1,7;2,0;0,88;15,7
Austria;2010;Developed;84,00;75;0;12,10;7423,23;86;52;55,2;0;86;11,17;86;0,1;46657,63;836344;1,7;1,9;0,87;15,4
Austria;2009;Developed;82,00;77;0;11,30;8053,56;83;49;54,7;0;83;11,19;83;0,1;47654,19;8343323;1,7;1,9;0,87;15,3
Austria;2008;Developed;84,00;76;0;12,00;8329,73;83;448;54,2;0;83;1,60;83;0,1;51386,38;8321496;1,7;1,9;0,86;15,1
Austria;2007;Developed;81,00;8;0;12,50;7453,86;85;20;53,7;0;85;1,40;85;0,1;46586,65;8295487;1,7;1,9;0,86;15,2
Austria;2006;Developed;79,80;81;0;12,40;69,93;83;23;53,2;0;83;1,35;83;0,1;443,99;8268641;1,7;1,9;0,85;15,0
Austria;2005;Developed;79,40;85;0;12,40;5992,59;86;9;52,7;0;86;1,53;86;0,1;38242,43;8227829;1,7;1,9;0,85;14,9
Austria;2004;Developed;79,30;86;0;12,10;5316,88;83;15;52,2;0;83;1,56;83;0,1;36693,43;8171966;1,7;1,9;0,84;14,7
Austria;2003;Developed;78,80;88;0;12,20;504,43;83;90;51,7;0;84;1,48;84;0,1;3212,94;8121423;1,7;1,9;0,84;14,7
Austria;2002;Developed;78,70;9;0;12,50;3979,06;81;0;51,2;0;82;1,27;83;0,1;26351,38;881957;1,7;1,9;0,85;16,1
Austria;2001;Developed;78,60;92;0;12,40;3582,85;44;0;5,6;0;83;1,12;84;0,1;24489,74;842293;1,7;1,9;0,84;15,5
Austria;2000;Developed;78,10;96;0;13,20;3557,46;33;0;5,1;0;71;1,60;81;0,1;24517,27;811566;1,7;1,9;0,83;15,4
Azerbaijan;2015;Developing;72,70;118;5;0,00;0,00;96;0;52,5;6;98;0,00;96;0,1;55,31;9649341;2,8;2,9;0,76;12,7
Azerbaijan;2014;Developing;72,50;119;5;0,01;306,18;94;0;51,5;6;97;6,40;94;0,1;7891,30;953579;2,8;2,9;0,75;12,2
Azerbaijan;2013;Developing;72,20;121;5;2,14;275,65;93;164;5,6;6;96;5,54;93;0,1;7875,76;941681;2,8;2,8;0,75;11,9
Azerbaijan;2012;Developing;71,90;123;5;0,01;285,61;88;0;49,7;6;92;5,37;89;0,1;7496,34;9295784;2,8;2,8;0,74;11,8
Azerbaijan;2011;Developing;71,60;125;5;1,98;263,14;84;0;48,8;6;91;5,10;87;0,1;7189,69;917382;2,8;2,9;0,74;11,7
Azerbaijan;2010;Developing;71,10;13;5;1,98;246,57;8;0;48,0;6;85;5,33;81;0,1;5842,86;954332;2,8;2,9;0,74;11,7
Azerbaijan;2009;Developing;78,00;132;6;2,10;22,49;74;0;47,3;6;84;5,85;81;0,1;495,29;8947243;2,8;2,9;0,73;11,6
Azerbaijan;2008;Developing;73,00;141;6;1,18;206,26;68;5;46,6;6;85;4,37;81;0,1;5574,64;87634;2,8;2,9;0,72;11,6
Azerbaijan;2007;Developing;73,00;14;6;1,02;176,01;62;0;45,9;7;81;5,10;79;0,1;3851,44;85813;2,8;2,9;0,71;11,6
Azerbaijan;2006;Developing;69,20;154;6;0,85;105,63;52;222;45,3;7;8;6,17;78;0,1;2473,86;848455;2,9;2,9;0,68;10,7
Azerbaijan;2005;Developing;68,40;162;6;0,73;81,29;49;1238;44,7;7;79;7,86;75;0,1;1578,42;839185;2,9;3,0;0,68;11,2
Azerbaijan;2004;Developing;68,40;154;6;0,62;8,60;5;827;44,2;8;78;7,92;77;0,1;145,22;8365;3,0;3,0;0,67;11,0
Azerbaijan;2003;Developing;67,80;154;7;0,55;42,41;51;1978;43,6;8;79;6,56;77;0,1;883,64;82341;3,0;3,0;0,66;10,8
Azerbaijan;2002;Developing;67,80;146;7;0,55;39,33;5;4353;43,1;9;8;4,47;76;0,1;763,74;817195;3,1;3,1;0,65;10,6
Azerbaijan;2001;Developing;67,50;151;8;0,51;4,10;0;574;42,6;10;77;4,48;77;0,1;73,68;81112;3,1;3,1;0,64;10,4
Azerbaijan;2000;Developing;66,60;16;9;0,65;35,09;0;210;42,1;11;75;4,67;76;0,1;655,97;8486;3,2;3,1;0,64;10,1
Bahamas;2015;Developing;76,10;147;0;0,00;0,00;95;0;64,5;0;95;0,00;95;0,1;0,00;0;2,5;2,5;0,79;12,6
Bahamas;2014;Developing;75,40;16;0;9,45;0,00;96;0;63,8;0;96;7,74;96;0,1;0,00;0;2,5;2,5;0,79;12,6
Bahamas;2013;Developing;74,80;172;0;9,42;0,00;97;0;63,2;0;97;7,50;97;0,1;0,00;0;2,5;2,5;0,79;12,6
Bahamas;2012;Developing;74,90;167;0;9,50;0,00;96;0;62,6;0;99;7,43;98;0,2;0,00;0;2,5;2,5;0,79;12,6
Bahamas;2011;Developing;75,00;162;0;9,34;0,00;95;0;62,0;0;97;7,63;98;0,1;0,00;0;2,5;2,5;0,79;12,6
Bahamas;2010;Developing;75,00;161;0;9,19;0,00;98;0;61,3;0;97;7,44;99;0,2;0,00;0;2,5;2,5;0,79;12,6
Bahamas;2009;Developing;74,60;168;0;9,29;0,00;95;0;6,7;0;97;7,43;96;0,1;0,00;0;2,5;2,5;0,79;12,6
Bahamas;2008;Developing;74,50;167;0;10,15;0,00;9;0;6,1;0;93;7,30;93;0,1;0,00;0;2,5;2,5;0,79;12,6
Bahamas;2007;Developing;74,40;167;0;10,75;0,00;93;0;59,4;0;95;7,80;95;0,1;0,00;0;2,5;2,5;0,79;12,5
Bahamas;2006;Developing;74,20;171;0;11,07;0,00;96;0;58,7;0;94;6,93;95;0,1;0,00;0;2,5;2,5;0,79;12,4
Bahamas;2005;Developing;74,10;172;0;10,49;0,00;93;0;58,1;0;93;5,95;93;0,1;0,00;0;2,6;2,5;0,79;12,4
Bahamas;2004;Developing;73,80;174;0;10,10;0,00;93;0;57,4;0;92;6,20;93;0,1;0,00;0;2,6;2,5;0,78;12,3
Bahamas;2003;Developing;73,20;189;0;10,68;0,00;88;0;56,7;0;93;5,62;92;0,1;0,00;0;2,6;2,5;0,78;12,2
Bahamas;2002;Developing;73,10;19;0;10,85;0,00;89;0;56,0;0;93;5,26;94;0,1;0,00;0;2,6;2,6;0,78;12,1
Bahamas;2001;Developing;72,90;189;0;11,64;0,00;21;0;55,2;0;98;5,15;99;0,2;0,00;0;2,7;2,6;0,78;12,1
Bahamas;2000;Developing;72,60;192;0;12,15;0,00;0;0;54,4;0;91;5,21;99;0,1;0,00;0;2,7;2,6;0,00;12,0
Bahrain;2015;Developing;76,90;69;0;0,00;0,00;98;0;63,6;0;98;0,00;98;0,1;22688,88;0;6,2;6,1;0,82;14,5
Bahrain;2014;Developing;76,80;7;0;1,57;367,26;98;46;62,9;0;98;4,98;98;0,1;24983,38;0;6,1;6,0;0,82;14,5
Bahrain;2013;Developing;76,70;7;0;1,65;3,97;99;0;62,2;0;99;4,69;99;0,1;251,18;0;6,1;6,0;0,82;14,5
Bahrain;2012;Developing;76,50;71;0;1,70;2211,22;99;0;61,5;0;99;4,37;99;0,1;23649,37;0;6,1;6,0;0,81;14,5
Bahrain;2011;Developing;76,10;76;0;1,66;197,77;99;0;6,8;0;99;3,40;99;0,1;2281,12;0;6,1;6,0;0,81;14,4
Bahrain;2010;Developing;76,10;73;0;1,93;266,77;99;0;6,1;0;99;3,64;99;0,1;2722,14;0;6,0;5,9;0,81;14,4
Bahrain;2009;Developing;76,00;74;0;1,95;332,93;98;3;59,3;0;97;3,79;98;0,1;19356,67;0;6,0;5,9;0,81;14,4
Bahrain;2008;Developing;75,80;76;0;2,00;231,55;97;2;58,5;0;97;3,17;97;0,1;2367,57;0;6,0;5,9;0,82;14,4
Bahrain;2007;Developing;75,60;77;0;2,00;278,36;97;7;57,6;0;97;3,80;97;0,1;2977,12;0;6,1;5,9;0,81;14,4
Bahrain;2006;Developing;75,50;79;0;2,10;170,74;98;3;56,8;0;98;3,80;98;0,1;1938,00;0;6,1;5,9;0,81;14,2
Bahrain;2005;Developing;75,30;81;0;2,05;1553,47;98;4;56,1;0;98;3,16;98;0,1;17959,18;0;6,1;5,9;0,81;14,0
Bahrain;2004;Developing;75,20;83;0;2,16;1380,23;98;11;55,6;0;98;3,37;98;0,1;15846,48;0;6,1;5,9;0,80;13,9
Bahrain;2003;Developing;75,00;85;0;2,16;1214,56;98;12;55,2;0;97;3,74;97;0,1;14221,99;0;6,1;5,9;0,80;13,7
Bahrain;2002;Developing;74,90;87;0;1,99;106,43;98;8;55,0;0;98;3,89;98;0,1;1312,33;0;6,2;5,9;0,80;13,5
Bahrain;2001;Developing;74,70;9;0;1,95;1150,42;99;5;54,8;0;99;3,80;99;0,1;12868,21;0;6,2;6,0;0,79;13,3
Bahrain;2000;Developing;74,50;92;0;2,15;167,73;97;6;54,5;0;97;3,51;97;0,1;13636,35;0;6,2;6,0;0,79;13,2
Bangladesh;2015;Developing;71,80;129;92;0,00;0,00;97;240;18,3;113;97;0,00;97;0,1;121,16;1612886;17,9;18,3;0,58;10,2
Bangladesh;2014;Developing;71,40;132;98;0,01;10,45;97;289;17,7;121;97;2,82;97;0,1;184,57;15945279;18,1;18,6;0,57;10,0
Bangladesh;2013;Developing;71,00;135;104;0,01;52,83;96;237;17,0;130;96;2,88;96;0,1;951,89;157571292;18,3;18,8;0,57;10,0
Bangladesh;2012;Developing;77,00;137;111;0,01;59,26;94;1986;16,4;139;94;3,80;94;0,1;856,34;15572753;18,5;19,0;0,56;9,9
Bangladesh;2011;Developing;73,00;14;118;0,01;62,35;96;5625;15,8;150;96;3,16;96;0,1;835,79;153911916;18,7;19,2;0,55;9,4
Bangladesh;2010;Developing;69,90;142;126;0,01;62,66;94;788;15,2;161;94;3,60;94;0,1;757,67;15214912;18,9;19,4;0,54;8,9
Bangladesh;2009;Developing;69,50;144;135;0,01;53,26;97;718;14,6;173;97;2,91;97;0,1;681,13;1545478;19,1;19,7;0,52;8,4
Bangladesh;2008;Developing;69,10;147;144;0,01;42,49;96;2660;14,0;186;96;2,85;96;0,1;615,78;14885814;19,3;19,9;0,52;8,6
Bangladesh;2007;Developing;68,60;151;154;0,01;46,37;95;2924;13,5;201;96;2,80;94;0,1;541,65;147139191;19,5;2,1;0,51;8,6
Bangladesh;2006;Developing;68,20;152;164;0,01;42,33;86;6192;13,0;215;95;2,80;94;0,1;494,51;1453684;19,7;2,3;0,51;8,4
Bangladesh;2005;Developing;67,80;155;174;0,01;38,05;45;25934;12,5;231;94;2,68;93;0,1;484,16;14343111;19,9;2,5;0,50;8,2
Bangladesh;2004;Developing;67,30;158;185;0,01;4,11;11;9743;12,0;247;88;2,62;99;0,1;46,76;14137489;2,1;2,7;0,49;8,1
Bangladesh;2003;Developing;66,80;161;196;0,01;35,48;5;4067;11,6;264;9;2,51;87;0,1;432,74;139191;2,3;2,9;0,48;7,9
Bangladesh;2002;Developing;66,30;164;207;0,01;0,40;0;3484;11,2;280;83;2,59;83;0,1;4,61;1366667;2,5;21,1;0,48;7,7
Bangladesh;2001;Developing;65,80;168;219;0,01;3,40;0;4414;1,8;298;85;2,47;85;0,1;42,60;1341716;2,7;21,3;0,47;7,5
Bangladesh;2000;Developing;65,30;173;231;0,01;3,70;0;5098;1,4;316;83;2,33;82;0,1;45,63;131581243;2,9;21,5;0,46;7,3
Barbados;2015;Developing;75,50;98;0;0,00;0,00;97;0;54,5;0;97;0,00;97;0,1;15557,84;0;3,8;3,7;0,79;15,3
Barbados;2014;Developing;75,40;1;0;8,82;294,91;94;0;53,7;0;95;7,47;94;0,1;15359,67;0;3,8;3,7;0,79;15,3
Barbados;2013;Developing;75,20;11;0;8,74;263,04;91;0;53,0;0;91;7,57;91;0,1;15472,78;0;3,8;3,8;0,79;15,3
Barbados;2012;Developing;75,10;12;0;8,61;260,00;87;0;52,2;0;88;7,43;87;0,1;15384,87;0;3,8;3,8;0,79;15,3
Barbados;2011;Developing;74,90;14;0;8,51;173,98;91;0;51,4;0;91;6,67;91;0,1;15534,16;0;3,8;3,8;0,78;15,5
Barbados;2010;Developing;74,70;16;0;8,41;154,96;86;0;5,7;0;9;6,17;86;0,1;1595,91;0;3,8;3,8;0,78;15,8
Barbados;2009;Developing;74,60;19;0;8,46;327,16;93;0;49,9;0;93;6,21;93;0,1;16523,32;0;3,8;3,8;0,78;15,5
Barbados;2008;Developing;74,40;111;0;8,95;25,52;85;0;49,2;0;85;6,10;85;0,1;1657,32;0;3,9;3,9;0,78;15,3
Barbados;2007;Developing;74,20;113;0;8,47;1641,31;93;0;48,4;0;93;5,64;93;0,1;16462,49;0;3,9;3,9;0,77;15,0
Barbados;2006;Developing;74,10;115;0;8,39;181,50;84;0;47,7;0;85;5,27;84;0,1;15646,56;0;4,0;3,9;0,77;14,8
Barbados;2005;Developing;73,90;117;0;8,01;1311,44;92;0;46,9;0;91;5,38;92;0,1;14223,87;0;4,0;4,0;0,76;14,6
Barbados;2004;Developing;73,80;119;0;7,68;166,01;93;0;46,2;0;93;5,71;93;0,2;12868,86;0;4,1;4,0;0,76;14,4
Barbados;2003;Developing;73,70;121;0;7,65;13,51;91;0;45,4;0;9;5,82;89;0,4;1228,54;0;4,1;4,1;0,75;14,2
Barbados;2002;Developing;73,50;123;0;7,59;133,10;66;0;44,6;0;86;5,76;87;0,8;11675,39;0;4,2;4,1;0,75;14,0
Barbados;2001;Developing;73,40;125;0;7,38;138,17;18;0;43,8;0;93;5,47;84;0,7;11513,87;0;4,2;4,2;0,75;14,0
Barbados;2000;Developing;73,30;127;0;7,43;1140,62;0;0;43,0;0;86;5,16;93;0,9;11568,11;0;4,3;4,2;0,74;14,0
Belarus;2015;Developing;72,30;196;0;0,00;0,00;99;2;62,3;0;99;0,00;99;0,1;5949,12;9489616;1,9;2,0;0,80;15,6
Belarus;2014;Developing;72,00;199;0;13,94;1147,11;97;64;61,7;0;97;5,69;97;0,1;8318,43;9474511;1,9;2,0;0,80;15,7
Belarus;2013;Developing;71,70;23;0;14,66;1109,85;98;16;61,1;1;98;6,70;98;0,1;7978,83;9465997;2,0;2,0;0,80;15,7
Belarus;2012;Developing;71,90;194;0;16,35;91,71;97;10;6,5;1;98;5,10;98;0,1;694,24;9464495;2,0;2,1;0,79;15,6
Belarus;2011;Developing;72,00;232;0;17,31;846,91;98;50;59,9;1;98;4,92;98;0,1;6519,72;9473172;2,0;2,1;0,79;15,5
Belarus;2010;Developing;73,00;222;0;14,44;8,49;96;1;59,3;1;99;5,55;98;0,1;63,39;949583;2,0;2,2;0,78;15,5
Belarus;2009;Developing;70,00;226;0;14,09;434,80;98;0;58,7;1;98;6,90;96;0,1;5176,17;956765;2,1;2,2;0,77;15,4
Belarus;2008;Developing;70,00;224;1;14,67;501,81;98;0;58,2;1;98;5,95;97;0,1;6376,18;9527985;2,1;2,3;0,76;15,1
Belarus;2007;Developing;69,80;226;1;14,22;464,08;91;1;57,7;1;9;6,44;95;0,1;4735,48;956953;2,2;2,3;0,74;14,9
Belarus;2006;Developing;68,90;243;1;12,60;364,43;98;149;57,2;1;97;6,34;99;0,1;3848,22;964924;2,2;2,4;0,72;14,6
Belarus;2005;Developing;68,10;252;1;11,01;45,65;99;1;56,7;1;98;6,89;99;0,1;3126,72;9663915;2,3;2,5;0,71;14,4
Belarus;2004;Developing;68,20;247;1;12,05;42,33;99;2;56,2;1;99;6,59;99;0,1;2378,34;973146;2,4;2,5;0,70;14,1
Belarus;2003;Developing;67,70;253;1;11,17;23,84;56;21;55,8;1;53;6,59;5;0,1;1819,53;9796749;2,5;2,6;0,70;13,9
Belarus;2002;Developing;67,20;262;1;12,23;145,42;99;14;55,3;1;99;6,47;99;0,1;1479,38;9865548;2,5;2,7;0,69;13,6
Belarus;2001;Developing;67,70;254;1;10,74;14,06;93;45;54,9;1;99;6,62;99;0,1;1244,37;9928549;2,6;2,7;0,68;13,3
Belarus;2000;Developing;68,00;247;1;12,98;24,25;7;21;54,4;1;99;6,13;99;0,1;1276,29;997961;2,7;2,8;0,68;13,1
Belgium;2015;Developed;81,10;74;0;0,00;0,00;98;47;63,7;1;99;0,00;99;0,1;4356,88;11274196;1,0;1,0;0,90;16,6
Belgium;2014;Developed;89,00;76;0;12,60;7163,35;98;70;63,4;1;99;1,59;99;0,1;47439,40;112957;1,0;1,0;0,89;16,3
Belgium;2013;Developed;87,00;77;0;11,77;702,36;98;39;63,0;1;99;1,57;99;0,1;4651,39;11182817;1,0;0,9;0,89;16,3
Belgium;2012;Developed;83,00;78;0;10,08;664,47;98;109;62,6;1;99;1,54;99;0,1;4474,57;11128246;0,9;0,9;0,89;16,2
Belgium;2011;Developed;83,00;8;0;10,11;713,53;97;576;62,3;1;98;1,42;98;0,1;4772,77;1147744;0,9;0,9;0,88;16,1
Belgium;2010;Developed;80,00;81;0;10,22;665,74;97;40;61,9;1;98;1,17;98;0,1;4438,24;1895586;0,9;0,9;0,88;15,9
Belgium;2009;Developed;79,80;85;0;10,05;671,94;97;33;61,6;1;98;1,39;98;0,1;4488,56;1796493;0,9;0,9;0,88;15,8
Belgium;2008;Developed;79,50;87;0;10,47;7191,05;98;98;61,3;1;99;9,60;99;0,1;48424,59;179973;0,8;0,8;0,87;15,8
Belgium;2007;Developed;79,50;86;0;10,25;640,36;94;64;6,9;1;99;9,25;98;0,1;4443,83;16257;0,8;0,8;0,87;15,8
Belgium;2006;Developed;79,40;85;0;10,98;5579,20;94;15;6,6;1;99;9,17;98;0,1;38852,36;1547958;0,8;0,8;0,87;15,7
Belgium;2005;Developed;78,90;89;0;12,27;5068,21;77;26;6,2;1;97;9,24;97;0,1;36967,28;1478617;0,8;0,8;0,86;15,7
Belgium;2004;Developed;78,80;91;1;12,05;5160,51;64;61;59,8;1;96;9,32;95;0,1;35589,71;1421137;0,8;0,8;0,88;18,8
Belgium;2003;Developed;78,30;95;0;11,28;507,31;64;44;59,4;1;96;9,30;95;0,1;3743,96;1376133;0,8;0,8;0,88;18,6
Belgium;2002;Developed;78,00;99;1;11,29;320,32;6;0;59,0;1;96;8,46;95;0,1;2552,33;1332785;0,8;0,8;0,88;18,8
Belgium;2001;Developed;78,00;1;1;11,01;2943,38;6;83;58,5;1;96;8,29;95;0,1;23121,57;128657;0,8;0,8;0,87;18,2
Belgium;2000;Developed;77,60;11;1;11,21;287,21;6;0;58,1;1;96;8,12;95;0,1;2327,46;125125;0,8;0,8;0,87;18,0
Belize;2015;Developing;71,00;175;0;0,00;0,00;94;0;5,9;0;94;0,00;94;0,2;4850,00;359288;3,5;3,4;0,71;12,8
Belize;2014;Developing;70,00;177;0;6,58;670,09;95;0;5,1;0;95;5,79;95;0,2;4852,22;351694;3,4;3,4;0,71;12,8
Belize;2013;Developing;69,80;18;0;6,56;629,20;95;0;49,3;0;95;5,79;95;0,2;4688,54;344181;3,4;3,4;0,71;12,9
Belize;2012;Developing;69,40;189;0;6,66;582,80;98;0;48,5;0;98;5,45;98;0,1;4673,64;33671;3,5;3,4;0,70;12,5
Belize;2011;Developing;69,40;188;0;6,64;605,63;95;0;47,8;0;95;5,61;95;0,5;4516,25;329192;3,5;3,4;0,70;12,4
Belize;2010;Developing;69,50;186;0;6,76;569,95;96;0;47,0;0;96;5,85;96;0,2;4344,15;32168;3,5;3,4;0,70;12,4
Belize;2009;Developing;69,50;184;0;6,85;549,81;97;0;46,3;0;98;5,81;97;0,3;4258,79;313929;3,5;3,4;0,70;12,7
Belize;2008;Developing;69,60;181;0;7,22;51,25;94;0;45,7;0;94;5,90;94;0,1;447,23;36165;3,5;3,4;0,70;12,8
Belize;2007;Developing;69,60;181;0;7,24;69,63;96;0;45,0;0;97;4,76;96;0,6;4324,88;29847;3,5;3,5;0,70;12,8
Belize;2006;Developing;69,40;184;0;6,48;387,33;98;0;44,4;0;98;4,40;98;0,6;4187,38;29747;3,6;3,5;0,69;12,3
Belize;2005;Developing;69,00;191;0;6,25;365,80;96;0;43,8;0;96;4,45;96;0,8;3933,33;283277;3,6;3,5;0,70;12,8
Belize;2004;Developing;68,70;197;0;6,20;325,68;97;0;43,2;0;97;4,39;97;0,8;3831,54;27689;3,6;3,5;0,69;12,5
Belize;2003;Developing;68,40;21;0;5,67;312,80;96;0;42,6;0;95;4,53;96;1,5;3680,00;26913;3,6;3,6;0,68;12,2
Belize;2002;Developing;68,50;199;0;4,99;262,83;97;0;42,0;0;93;4,38;89;0,1;3556,56;26226;3,7;3,6;0,68;11,9
Belize;2001;Developing;68,20;21;0;4,90;251,66;96;0;41,4;0;96;4,50;96;0,4;3419,28;254984;3,7;3,7;0,68;11,8
Belize;2000;Developing;68,30;196;0;4,79;219,02;76;0;4,8;0;91;3,98;91;0,3;3364,42;247315;3,8;3,7;0,67;11,7
Benin;2015;Developing;60,00;249;25;0,00;0,00;82;55;25,7;39;78;0,00;82;1,0;783,95;1575952;6,9;6,8;0,48;10,7
Benin;2014;Developing;59,70;252;25;0,01;90,12;78;786;25,2;39;74;4,59;78;1,1;943,69;1286712;7,1;6,9;0,48;10,7
Benin;2013;Developing;59,50;251;25;0,01;87,41;77;637;24,6;39;73;4,59;77;1,2;915,27;14451;7,2;7,1;0,47;10,3
Benin;2012;Developing;59,30;251;25;0,01;9,80;8;288;24,1;39;8;4,86;8;1,3;837,96;972916;7,4;7,3;0,46;10,0
Benin;2011;Developing;59,10;251;25;1,40;110,26;75;426;23,5;39;77;5,37;75;1,4;825,94;94682;7,6;7,5;0,45;9,8
Benin;2010;Developing;58,70;254;25;1,33;94,26;76;392;23,0;39;77;4,95;76;1,4;757,70;9199259;7,8;7,6;0,45;9,5
Benin;2009;Developing;58,40;259;25;1,16;71,01;79;1461;22,5;39;8;4,46;79;1,6;793,45;894476;7,9;7,8;0,45;9,3
Benin;2008;Developing;57,60;278;25;1,28;7,62;75;928;22,0;39;77;4,20;75;1,8;82,15;8696916;8,1;8,0;0,44;9,1
Benin;2007;Developing;57,10;283;25;1,12;7,49;82;341;21,5;39;82;4,55;82;2,0;76,54;8454791;8,3;8,2;0,44;8,9
Benin;2006;Developing;56,80;284;25;1,19;75,91;74;176;21,0;39;76;4,75;74;2,0;625,84;8216896;8,5;8,4;0,43;8,7
Benin;2005;Developing;56,50;285;25;1,13;7,11;7;210;2,5;39;73;4,73;7;2,1;61,80;7982225;8,7;8,6;0,43;8,5
Benin;2004;Developing;56,10;285;25;1,15;10,74;75;262;2,1;39;74;4,56;72;2,1;583,49;7754;8,9;8,8;0,42;8,1
Benin;2003;Developing;55,80;285;25;1,35;8,93;73;217;19,7;40;75;4,63;73;2,1;519,29;752555;9,1;9,0;0,42;7,7
Benin;2002;Developing;55,60;283;25;1,23;40,49;15;1588;19,2;40;76;4,27;75;2,1;418,70;7295394;9,3;9,2;0,41;7,3
Benin;2001;Developing;55,50;281;25;1,29;45,33;0;5859;18,8;40;77;4,69;76;2,1;378,74;776733;9,5;9,4;0,40;6,6
Benin;2000;Developing;55,40;279;25;1,34;37,38;0;4244;18,4;40;78;4,34;78;2,0;374,19;6865951;9,7;9,6;0,39;6,4
Bhutan;2015;Developing;69,80;211;0;0,00;0,00;99;11;24,5;0;98;0,00;99;0,5;2613,65;787386;15,4;16,0;0,60;12,5
Bhutan;2014;Developing;69,40;216;0;0,01;209,39;99;0;23,6;1;98;3,57;99;0,5;2522,80;776448;15,7;16,2;0,60;12,5
Bhutan;2013;Developing;69,10;219;0;0,01;19,79;97;0;22,7;1;97;3,83;97;0,6;235,88;764961;15,9;16,5;0,59;12,6
Bhutan;2012;Developing;68,70;223;0;0,01;188,74;97;1;21,9;1;97;3,70;97;0,6;2422,82;752967;16,1;16,7;0,58;12,3
Bhutan;2011;Developing;68,30;225;0;0,23;289,85;95;10;21,1;1;95;4,73;95;0,5;2458,46;7451;16,3;17,0;0,57;11,9
Bhutan;2010;Developing;67,90;228;1;0,28;244,04;91;21;2,3;1;92;5,17;91;0,5;2178,92;727641;16,6;17,3;0,00;11,4
Bhutan;2009;Developing;67,40;232;1;0,17;27,49;93;6;19,5;1;93;6,30;93;0,4;177,23;714458;16,8;17,5;0,00;10,9
Bhutan;2008;Developing;67,00;234;1;0,21;302,67;96;7;18,8;1;96;6,58;96;0,4;1795,18;795;17,1;17,8;0,00;10,5
Bhutan;2007;Developing;66,50;238;1;0,16;283,81;95;11;18,0;1;93;5,88;95;0,3;1741,14;686958;17,3;18,1;0,00;10,1
Bhutan;2006;Developing;65,80;245;1;0,29;169,20;95;2;17,4;1;96;5,27;95;0,3;1335,46;672228;17,5;18,3;0,00;9,6
Bhutan;2005;Developing;65,00;254;1;0,73;145,60;95;11;16,7;1;95;5,28;95;0,3;1247,61;656639;17,8;18,6;0,00;9,2
Bhutan;2004;Developing;64,20;263;1;0,96;2,59;89;3;16,1;1;9;4,41;89;0,3;197,46;64282;18,0;18,8;0,00;8,8
Bhutan;2003;Developing;63,30;273;1;0,52;19,16;95;0;15,5;1;96;4,90;95;0,2;997,74;623434;18,3;19,1;0,00;8,4
Bhutan;2002;Developing;62,50;282;1;0,29;151,98;83;27;14,9;1;89;7,75;86;0,1;885,64;66399;18,6;19,4;0,00;8,0
Bhutan;2001;Developing;61,70;29;1;0,14;8,57;89;756;14,4;1;88;5,91;88;0,1;87,94;5896;18,9;19,6;0,00;7,6
Bhutan;2000;Developing;62,00;312;1;0,17;93,36;98;418;13,9;1;98;6,91;92;0,1;765,86;573416;19,2;19,9;0,00;7,3
Bolivia (Plurinational State of);2015;Developing;77,00;186;8;0,00;0,00;99;0;52,6;10;99;0,00;99;0,1;0,00;0;1,2;1,1;0,67;13,8
Bolivia (Plurinational State of);2014;Developing;74,00;189;8;3,62;0,00;98;0;51,9;10;99;6,33;98;0,1;0,00;0;1,2;1,1;0,67;13,8
Bolivia (Plurinational State of);2013;Developing;71,00;192;8;3,78;0,00;94;0;51,2;10;95;5,96;94;0,1;0,00;0;1,2;1,1;0,66;13,8
Bolivia (Plurinational State of);2012;Developing;69,80;194;8;3,89;0,00;93;0;5,6;11;93;5,56;93;0,1;0,00;0;1,2;1,1;0,66;13,8
Bolivia (Plurinational State of);2011;Developing;69,30;198;9;3,93;0,00;95;0;49,9;11;95;5,49;95;0,2;0,00;0;1,2;1,1;0,65;13,8
Bolivia (Plurinational State of);2010;Developing;68,70;22;9;3,95;0,00;91;0;49,3;12;9;5,44;91;0,2;0,00;0;1,2;1,1;0,64;13,8
Bolivia (Plurinational State of);2009;Developing;68,00;27;10;3,87;0,00;93;0;48,6;12;92;5,76;93;0,2;0,00;0;1,2;1,1;0,64;13,8
Bolivia (Plurinational State of);2008;Developing;67,40;211;10;3,77;0,00;88;0;48,0;13;87;5,00;88;0,2;0,00;0;1,3;1,1;0,63;14,0
Bolivia (Plurinational State of);2007;Developing;66,80;216;11;3,47;0,00;84;0;47,3;14;85;4,96;84;0,2;0,00;0;1,3;1,2;0,63;14,1
Bolivia (Plurinational State of);2006;Developing;66,20;219;11;3,23;0,00;83;0;46,7;15;82;5,19;83;0,2;0,00;0;1,3;1,2;0,63;14,3
Bolivia (Plurinational State of);2005;Developing;65,70;222;12;2,86;0,00;85;0;46,0;16;84;5,67;85;0,2;0,00;0;1,3;1,2;0,62;14,4
Bolivia (Plurinational State of);2004;Developing;65,10;226;12;2,66;0,00;84;0;45,4;16;84;5,22;84;0,2;0,00;0;1,4;1,2;0,62;14,6
Bolivia (Plurinational State of);2003;Developing;64,50;23;13;2,37;0,00;8;0;44,7;17;82;5,30;88;0,2;0,00;0;1,4;1,3;0,62;14,4
Bolivia (Plurinational State of);2002;Developing;63,90;234;14;2,26;0,00;77;0;44,0;18;76;6,53;77;0,1;0,00;0;1,4;1,3;0,61;14,0
Bolivia (Plurinational State of);2001;Developing;63,30;238;14;2,20;0,00;77;0;43,3;19;71;6,31;71;0,1;0,00;0;1,5;1,4;0,61;13,7
Bolivia (Plurinational State of);2000;Developing;62,60;243;15;2,32;0,00;77;122;42,6;20;74;5,67;75;0,1;0,00;0;1,5;1,4;0,60;13,3
Bosnia and Herzegovina;2015;Developing;77,40;88;0;0,00;0,00;82;1677;55,8;0;74;0,00;82;0,1;4574,98;3535961;2,3;2,3;0,75;14,2
Bosnia and Herzegovina;2014;Developing;77,20;89;0;4,03;732,87;89;3000;55,3;0;86;9,57;86;0,1;5193,95;35662;2,4;2,4;0,74;14,2
Bosnia and Herzegovina;2013;Developing;77,00;9;0;4,12;75,61;91;0;54,7;0;87;9,46;89;0,1;535,87;364999;2,4;2,4;0,74;14,2
Bosnia and Herzegovina;2012;Developing;76,80;92;0;4,61;693,82;92;22;54,2;0;87;9,94;92;0,1;4716,67;36482;2,5;2,5;0,73;13,9
Bosnia and Herzegovina;2011;Developing;76,90;92;0;4,64;7,96;88;10;53,7;0;89;9,71;88;0,1;55,16;3688865;2,6;2,5;0,71;13,4
Bosnia and Herzegovina;2010;Developing;76,40;94;0;4,54;630,39;89;45;53,1;0;9;9,58;89;0,1;4611,47;372284;2,6;2,6;0,72;13,3
Bosnia and Herzegovina;2009;Developing;76,10;97;0;4,75;645,02;9;22;52,6;0;9;9,64;9;0,1;4697,90;3746561;2,7;2,7;0,72;13,3
Bosnia and Herzegovina;2008;Developing;76,00;98;0;5,13;66,05;88;8;52,1;0;92;8,58;91;0,1;575,32;3763599;2,8;2,7;0,71;13,1
Bosnia and Herzegovina;2007;Developing;75,40;16;0;5,16;8,24;94;166;51,5;0;95;8,37;95;0,1;418,29;3774;2,8;2,8;0,70;12,9
Bosnia and Herzegovina;2006;Developing;75,70;1;0;4,82;38,25;9;17;51,0;0;91;8,28;87;0,1;344,32;3779468;2,9;2,8;0,70;12,7
Bosnia and Herzegovina;2005;Developing;75,00;12;0;4,56;45,71;93;23;5,5;0;95;8,50;93;0,1;2968,41;378153;2,9;2,9;0,00;12,5
Bosnia and Herzegovina;2004;Developing;75,50;99;0;4,25;3,48;36;28;49,9;0;87;9,40;84;0,1;265,64;3781287;3,0;3,0;0,00;12,3
Bosnia and Herzegovina;2003;Developing;75,20;12;0;4,14;39,87;0;18;49,4;0;87;7,94;87;0,1;2214,73;3779247;3,0;3,0;0,00;12,1
Bosnia and Herzegovina;2002;Developing;75,40;11;0;3,84;151,14;0;28;48,8;0;86;7,10;8;0,1;1761,54;377587;3,1;3,1;0,00;11,9
Bosnia and Herzegovina;2001;Developing;74,90;113;0;3,85;143,29;0;0;48,2;0;92;7,16;91;0,1;1524,41;3771284;3,2;3,2;0,00;11,6
Bosnia and Herzegovina;2000;Developing;74,60;116;0;3,64;165,62;0;43;47,6;0;87;7,90;85;0,1;1461,76;376676;3,3;3,2;0,00;0,0
Botswana;2015;Developing;65,70;256;2;0,00;0,00;95;0;37,9;2;96;0,00;95;2,2;6532,65;229197;6,4;6,1;0,70;12,6
Botswana;2014;Developing;65,10;268;2;0,01;662,80;95;1;37,3;2;96;5,41;95;2,3;7497,76;2168573;6,7;6,4;0,70;12,6
Botswana;2013;Developing;64,20;286;2;0,01;1,12;95;1;36,8;2;96;5,84;95;2,8;77,63;212857;7,0;6,7;0,69;12,6
Botswana;2012;Developing;63,40;3;2;0,01;12,83;95;7;36,2;3;96;6,27;95;4,4;729,23;289315;7,3;7,0;0,69;12,5
Botswana;2011;Developing;62,20;325;2;5,76;668,96;95;8;35,7;3;96;5,25;95;5,5;7645,21;251339;7,7;7,4;0,68;12,4
Botswana;2010;Developing;61,10;349;2;5,99;547,04;95;853;35,2;3;96;5,64;95;6,2;6346,16;214866;8,0;7,8;0,67;12,3
Botswana;2009;Developing;59,20;393;2;5,01;426,79;94;184;34,7;3;96;6,39;96;9,0;5185,73;1979882;8,4;8,2;0,66;12,2
Botswana;2008;Developing;57,50;427;2;6,56;476,86;94;0;34,2;3;96;5,55;96;12,7;5623,38;1946351;8,8;8,6;0,65;12,1
Botswana;2007;Developing;56,90;436;2;6,21;512,59;93;1;33,7;3;96;4,71;96;13,4;5714,48;1914414;9,2;9,0;0,63;12,1
Botswana;2006;Developing;54,80;491;2;6,45;76,32;93;6;33,2;3;96;4,93;96;14,4;5374,55;1884238;9,6;9,4;0,61;11,9
Botswana;2005;Developing;51,70;566;2;6,37;629,84;92;5;32,7;3;96;5,62;96;20,6;5351,25;1855852;1,0;9,9;0,59;11,9
Botswana;2004;Developing;48,10;652;2;4,90;469,58;91;1;32,2;4;96;5,56;96;28,4;4896,58;182933;1,5;1,4;0,58;11,8
Botswana;2003;Developing;46,40;693;2;5,51;299,37;9;59;31,6;4;96;4,65;96;31,9;4163,66;184339;1,9;1,8;0,57;11,8
Botswana;2002;Developing;46,00;699;2;6,41;6,33;88;7;31,1;4;97;6,47;97;34,6;355,62;1779953;11,4;11,3;0,56;11,9
Botswana;2001;Developing;46,70;679;2;5,48;306,95;87;1;3,5;4;97;5,73;97;37,2;3128,98;1754935;11,8;11,8;0,56;11,8
Botswana;2000;Developing;47,80;647;2;5,37;250,89;86;2672;29,9;4;97;4,64;97;38,8;3349,69;172834;12,3;12,2;0,56;11,7
Brazil;2015;Developing;75,00;142;42;0,00;0,00;96;214;56,1;47;98;0,00;96;0,1;8757,26;2596218;2,7;2,6;0,75;15,2
Brazil;2014;Developing;74,80;144;44;7,32;83,16;96;876;55,3;49;96;8,32;93;0,1;1226,62;24213133;2,7;2,7;0,75;15,2
Brazil;2013;Developing;74,70;146;46;7,24;916,27;96;220;54,5;52;96;8,48;97;0,1;12216,94;2248632;2,8;2,7;0,73;14,2
Brazil;2012;Developing;74,50;148;49;7,55;843,19;96;2;53,6;54;96;8,26;95;0,1;12291,47;256983;2,8;2,8;0,73;14,2
Brazil;2011;Developing;74,10;152;51;7,58;1085,00;98;43;52,8;57;98;8,90;99;0,1;13167,47;198686688;2,9;2,8;0,72;14,0
Brazil;2010;Developing;73,80;154;54;7,52;1111,19;96;68;52,0;61;99;8,27;99;0,1;11224,15;196796269;2,9;2,9;0,72;13,8
Brazil;2009;Developing;73,60;157;57;7,33;564,52;99;0;51,1;64;99;8,65;99;0,1;8553,38;194895996;3,0;2,9;0,71;13,8
Brazil;2008;Developing;73,40;158;61;7,21;526,38;96;0;5,3;68;99;8,24;99;0,1;8787,61;19297929;3,0;3,0;0,70;13,3
Brazil;2007;Developing;73,30;159;65;7,19;394,93;99;0;49,4;73;99;8,28;99;0,1;7313,56;19126637;3,1;3,0;0,70;13,5
Brazil;2006;Developing;73,00;161;70;7,10;30,30;99;57;48,6;79;99;8,36;99;0,1;586,15;18912412;3,1;3,1;0,70;13,8
Brazil;2005;Developing;72,70;163;75;6,97;23,76;98;6;47,8;85;99;8,27;99;0,1;477,18;186917361;3,2;3,1;0,69;13,8
Brazil;2004;Developing;72,00;17;81;6,85;186,61;96;0;46,9;93;99;7,70;99;0,1;3623,48;184738458;3,2;3,2;0,70;14,0
Brazil;2003;Developing;71,80;172;88;6,95;15,86;97;2;46,1;100;99;6,94;99;0,1;359,59;182482149;3,3;3,3;0,70;14,8
Brazil;2002;Developing;71,40;176;95;7,00;140,98;92;1;45,3;109;99;7,13;99;0,1;2819,65;1815121;3,3;3,3;0,69;14,6
Brazil;2001;Developing;71,00;179;103;7,13;149,48;91;1;44,5;118;99;7,19;98;0,1;3146,95;1777567;3,4;3,4;0,69;14,3
Brazil;2000;Developing;75,00;183;111;7,26;179,48;94;36;43,7;127;99;7,30;98;0,1;3739,12;175287587;3,4;3,4;0,68;14,1
Brunei Darussalam;2015;Developing;77,70;78;0;0,00;0,00;99;4;41,2;0;99;0,00;99;0,1;3967,90;0;5,7;5,1;0,86;14,9
Brunei Darussalam;2014;Developing;77,60;8;0;0,01;269,14;99;1;4,2;0;99;2,65;99;0,1;4159,87;0;5,7;5,2;0,86;15,0
Brunei Darussalam;2013;Developing;77,10;84;0;0,01;2845,31;98;0;39,2;0;99;2,61;99;0,1;44597,28;0;5,8;5,2;0,86;14,9
Brunei Darussalam;2012;Developing;78,30;79;0;0,01;3192,63;99;1;38,2;0;99;2,30;99;0,1;47651,26;0;5,8;5,3;0,85;14,4
Brunei Darussalam;2011;Developing;77,40;79;0;0,97;295,77;93;4;37,2;0;99;2,25;97;0,1;4717,27;0;5,9;5,4;0,85;14,1
Brunei Darussalam;2010;Developing;76,90;79;0;0,88;2218,36;96;0;36,2;0;99;2,73;95;0,1;35268,11;0;5,9;5,4;0,85;14,2
Brunei Darussalam;2009;Developing;76,80;88;0;0,25;1873,69;96;2;35,2;0;99;2,85;99;0,1;27965,48;0;6,0;5,5;0,84;14,1
Brunei Darussalam;2008;Developing;77,20;84;0;0,67;2538,94;96;3;34,2;0;97;2,23;98;0,1;37951,29;0;6,1;5,6;0,84;14,2
Brunei Darussalam;2007;Developing;76,00;1;0;0,85;2048,56;97;0;33,2;0;95;2,32;99;0,1;32672,37;0;6,2;5,7;0,84;14,3
Brunei Darussalam;2006;Developing;76,30;93;0;0,67;24,98;99;0;32,2;0;94;2,24;97;0,1;398,97;0;6,3;5,8;0,84;14,3
Brunei Darussalam;2005;Developing;76,20;92;0;0,16;179,71;99;9;31,2;0;93;2,62;94;0,1;2612,13;0;6,4;5,9;0,83;14,1
Brunei Darussalam;2004;Developing;76,40;89;0;0,11;1504,30;99;16;3,1;0;92;3,10;92;0,1;21896,65;0;6,5;6,0;0,83;13,7
Brunei Darussalam;2003;Developing;76,00;89;0;0,12;1406,51;99;24;29,1;0;99;3,90;92;0,1;18555,57;0;6,6;6,1;0,82;13,4
Brunei Darussalam;2002;Developing;74,80;95;0;0,13;941,70;99;0;28,0;0;99;3,40;94;0,1;16846,22;0;6,7;6,1;0,82;13,3
Brunei Darussalam;2001;Developing;74,70;19;0;0,47;1078,66;99;11;27,0;0;99;3,60;97;0,1;16468,13;0;6,8;6,2;0,82;13,4
Brunei Darussalam;2000;Developing;74,40;16;0;0,37;11,80;99;42;26,1;0;99;3,50;99;0,1;188,45;0;6,8;6,3;0,82;13,4
Bulgaria;2015;Developed;74,50;137;0;0,00;0,00;92;0;65,7;1;91;0,00;91;0,1;6993,48;7177991;1,9;1,8;0,79;15,0
Bulgaria;2014;Developed;74,30;138;1;12,03;153,14;95;0;65,1;1;88;8,44;88;0,1;7853,34;7223938;1,9;1,9;0,79;14,8
Bulgaria;2013;Developed;74,10;14;1;12,06;149,66;95;14;64,5;1;95;7,93;95;0,1;7674,87;7265115;1,9;1,9;0,78;14,4
Bulgaria;2012;Developed;73,90;139;1;10,99;851,45;95;1;63,9;1;95;7,11;95;0,1;7378,26;735888;1,9;1,9;0,78;14,3
Bulgaria;2011;Developed;73,70;144;1;10,67;875,15;96;157;63,3;1;95;6,88;95;0,1;7813,83;7348328;2,0;2,0;0,78;14,2
Bulgaria;2010;Developed;73,40;147;1;10,80;766,45;95;22004;62,7;1;94;7,24;94;0,1;6843,26;7395599;2,0;2,0;0,77;13,9
Bulgaria;2009;Developed;73,20;152;1;10,93;661,51;96;2249;62,1;1;94;6,78;94;0,1;6955,99;7444443;2,0;2,1;0,77;13,8
Bulgaria;2008;Developed;72,90;155;1;10,98;107,98;96;1;61,5;1;96;6,61;95;0,1;7296,12;7492561;2,1;2,1;0,76;13,8
Bulgaria;2007;Developed;72,60;157;1;10,89;591,51;95;1;6,9;1;95;6,41;95;0,1;5932,90;7545338;2,1;2,2;0,76;13,5
Bulgaria;2006;Developed;72,20;161;1;10,39;508,63;96;1;6,3;1;96;6,67;95;0,1;4513,14;76122;2,2;2,2;0,75;13,5
Bulgaria;2005;Developed;72,10;16;1;10,48;456,34;96;3;59,7;1;97;7,80;96;0,1;3893,69;7658972;2,2;2,3;0,75;13,5
Bulgaria;2004;Developed;72,20;157;1;10,96;384,15;94;0;59,1;1;94;7,90;95;0,1;3381,58;771686;2,3;2,3;0,74;13,3
Bulgaria;2003;Developed;72,00;155;1;11,19;32,39;96;0;58,6;1;96;7,43;96;0,1;271,47;7775327;2,3;2,4;0,73;12,9
Bulgaria;2002;Developed;71,80;157;1;10,20;33,27;88;0;58,1;1;94;7,41;93;0,1;287,53;7837161;2,4;2,4;0,72;12,9
Bulgaria;2001;Developed;71,60;16;1;10,72;25,06;93;8;57,5;1;94;7,23;94;0,1;1764,97;89142;2,4;2,5;0,71;12,9
Bulgaria;2000;Developed;71,10;163;1;9,69;15,24;94;46;57,0;1;94;6,70;93;0,1;169,29;817172;2,5;2,5;0,71;12,9
Burkina Faso;2015;Developing;59,90;26;38;0,00;0,00;91;99;19,4;61;91;0,00;91;0,6;615,59;1811624;8,0;7,5;0,40;7,7
Burkina Faso;2014;Developing;59,30;268;39;0,01;8,39;91;343;18,8;63;91;4,96;91;0,6;75,15;17585977;8,2;7,7;0,40;7,7
Burkina Faso;2013;Developing;59,00;27;40;4,64;88,97;88;375;18,2;66;89;5,91;88;0,7;699,45;1772723;8,4;7,9;0,39;7,5
Burkina Faso;2012;Developing;58,60;271;41;4,75;78,77;9;7362;17,7;68;9;5,33;9;0,8;673,82;16571216;8,6;8,1;0,38;7,2
Burkina Faso;2011;Developing;58,10;275;42;4,51;85,56;91;860;17,1;71;9;5,17;91;0,9;666,84;168194;8,8;8,4;0,38;6,7
Burkina Faso;2010;Developing;57,50;279;43;4,55;90,46;91;2511;16,6;74;9;7,17;91;1,0;575,45;1565217;9,0;8,6;0,37;6,3
Burkina Faso;2009;Developing;56,90;283;44;4,55;81,14;92;54118;16,1;77;91;7,41;92;1,1;552,75;1514199;9,3;8,8;0,36;5,9
Burkina Faso;2008;Developing;56,10;288;45;4,50;107,80;93;395;15,6;80;92;6,77;93;1,5;569,76;14689726;9,5;9,1;0,35;5,4
Burkina Faso;2007;Developing;55,30;293;46;4,58;73,93;89;12;15,1;83;93;6,63;89;1,7;475,11;1425221;9,8;9,3;0,33;4,9
Burkina Faso;2006;Developing;54,30;32;47;4,73;64,24;76;125;14,6;86;94;6,58;86;2,0;422,63;13829177;1,0;9,6;0,33;4,7
Burkina Faso;2005;Developing;53,30;313;48;4,88;8,77;0;253;14,2;89;94;6,87;82;2,3;47,00;1342193;1,3;9,8;0,00;4,3
Burkina Faso;2004;Developing;52,40;323;49;4,54;56,96;0;77;13,7;91;83;6,45;79;2,5;371,32;133569;1,5;1,1;0,00;3,9
Burkina Faso;2003;Developing;51,60;332;49;4,58;41,61;0;2946;13,3;92;83;5,61;79;2,9;332,34;12654621;1,7;1,3;0,00;3,8
Burkina Faso;2002;Developing;51,00;338;49;4,53;3,20;0;1744;12,9;93;69;5,26;69;3,2;26,76;122931;11,0;1,6;0,00;3,6
Burkina Faso;2001;Developing;56,00;344;48;4,56;23,10;0;4174;12,5;93;62;4,85;62;3,6;235,49;11944587;11,2;1,8;0,00;3,5
Burkina Faso;2000;Developing;51,00;348;48;3,71;19,84;0;6074;12,2;92;45;5,60;45;4,0;226,48;1167942;11,4;11,1;0,00;3,4
Burundi;2015;Developing;59,60;288;21;0,00;0,00;94;9;18,7;31;94;0,00;94;0,7;33,68;119927;7,3;7,2;0,41;10,6
Burundi;2014;Developing;59,10;297;22;0,01;41,25;95;0;18,2;32;95;7,54;95;0,7;312,75;989179;7,4;7,3;0,40;10,6
Burundi;2013;Developing;58,60;33;22;0,01;40,15;96;0;17,6;32;96;8,30;96;1,0;282,76;96186;7,4;7,4;0,40;10,5
Burundi;2012;Developing;58,00;312;22;0,01;38,73;96;49;17,1;33;96;8,21;96;1,2;265,29;931971;7,5;7,5;0,39;10,3
Burundi;2011;Developing;57,40;321;22;4,16;3,60;96;129;16,6;33;95;8,58;96;1,5;26,48;94358;7,6;7,6;0,39;9,9
Burundi;2010;Developing;56,80;33;23;4,16;31,14;96;495;16,1;34;94;8,82;96;1,9;231,19;876693;7,7;7,7;0,36;9,3
Burundi;2009;Developing;56,20;338;23;4,05;2,03;94;305;15,7;34;96;6,96;94;2,4;24,94;848931;7,8;7,8;0,34;8,6
Burundi;2008;Developing;55,30;35;23;4,33;15,99;92;173;15,2;35;89;7,86;92;2,9;196,25;8212264;7,9;7,9;0,32;7,9
Burundi;2007;Developing;54,80;355;24;4,54;1,73;99;43;14,8;36;93;1,30;99;3,4;17,80;7939573;8,0;8,0;0,31;7,2
Burundi;2006;Developing;54,10;361;24;4,50;21,25;92;784;14,5;36;88;11,49;92;3,8;165,88;7675338;8,1;8,2;0,29;5,9
Burundi;2005;Developing;53,40;369;24;5,54;1,75;87;0;14,1;37;82;9,84;87;4,3;15,57;7423289;8,2;8,3;0,29;5,6
Burundi;2004;Developing;52,60;378;24;5,72;11,23;83;2;13,8;38;76;7,10;83;4,8;127,43;7182451;8,4;8,4;0,28;5,2
Burundi;2003;Developing;51,90;387;24;5,84;6,55;0;224;13,5;38;75;5,25;82;5,1;112,85;6953113;8,5;8,5;0,28;4,7
Burundi;2002;Developing;51,50;387;24;5,98;9,66;0;1016;13,3;39;74;5,15;81;5,2;122,43;6741569;8,7;8,7;0,27;4,4
Burundi;2001;Developing;51,30;385;25;6,09;10,62;0;0;13,0;40;72;4,96;81;5,3;133,74;6555829;8,8;8,8;0,27;4,5
Burundi;2000;Developing;58,00;386;25;6,61;9,70;0;18363;12,8;41;71;4,98;8;5,2;136,00;6476;9,0;8,9;0,27;4,5
Côte d'Ivoire;2015;Developing;53,30;397;57;0,00;0,00;83;65;28,0;79;81;0,00;83;1,9;0,00;0;5,5;5,5;0,00;0,0
Côte d'Ivoire;2014;Developing;52,80;47;58;0,01;0,00;76;50;27,4;80;76;5,72;76;2,0;0,00;0;5,6;5,6;0,00;0,0
Côte d'Ivoire;2013;Developing;52,30;412;59;3,15;0,00;8;48;26,8;81;79;5,81;8;2,4;0,00;0;5,8;5,7;0,00;0,0
Côte d'Ivoire;2012;Developing;52,00;415;59;3,24;0,00;82;137;26,2;82;83;6,14;82;2,9;0,00;0;5,9;5,9;0,00;0,0
Côte d'Ivoire;2011;Developing;51,70;419;60;3,13;0,00;62;628;25,6;83;58;6,42;62;3,3;0,00;0;6,1;6,0;0,00;0,0
Côte d'Ivoire;2010;Developing;51,50;417;60;3,15;0,00;85;441;25,0;84;81;6,32;85;3,3;0,00;0;6,3;6,2;0,00;0,0
Côte d'Ivoire;2009;Developing;51,00;426;60;2,92;0,00;81;183;24,4;84;77;6,41;81;3,7;0,00;0;6,5;6,4;0,00;0,0
Côte d'Ivoire;2008;Developing;54,00;437;60;2,69;0,00;74;12;23,8;85;58;6,21;74;4,1;0,00;0;6,6;6,6;0,00;0,0
Côte d'Ivoire;2007;Developing;49,90;443;61;2,58;0,00;76;5;23,2;87;75;6,35;76;5,3;0,00;0;6,8;6,7;0,00;0,0
Côte d'Ivoire;2006;Developing;49,40;452;62;2,65;0,00;77;11;22,6;89;76;5,87;77;5,8;0,00;0;7,0;6,9;0,00;0,0
Côte d'Ivoire;2005;Developing;48,70;466;63;3,11;0,00;76;115;22,1;90;87;5,39;76;6,1;0,00;0;7,2;7,1;0,00;0,0
Côte d'Ivoire;2004;Developing;48,20;472;64;3,08;0,00;67;3466;21,5;91;76;5,24;67;6,5;0,00;0;7,3;7,3;0,00;0,0
Côte d'Ivoire;2003;Developing;48,00;473;64;3,12;0,00;63;4770;2,9;92;68;4,65;61;6,7;0,00;0;7,5;7,5;0,00;0,0
Côte d'Ivoire;2002;Developing;47,70;473;65;3,13;0,00;48;5882;2,4;93;7;4,47;64;6,9;0,00;0;7,7;7,7;0,00;0,0
Côte d'Ivoire;2001;Developing;47,80;467;65;3,15;0,00;1;5790;19,9;94;7;4,85;66;7,0;0,00;0;7,9;7,9;0,00;0,0
Côte d'Ivoire;2000;Developing;47,90;461;67;3,45;0,00;0;5729;19,4;95;66;6,00;65;7,1;0,00;0;8,1;8,1;0,00;0,0
Cabo Verde;2015;Developing;73,30;114;0;0,00;0,00;96;0;31,3;0;93;0,00;93;0,2;2954,12;532913;6,6;6,6;0,65;13,5
Cabo Verde;2014;Developing;73,00;117;0;0,01;414,02;97;0;3,5;0;95;4,76;95;0,2;3529,62;526437;6,8;6,7;0,64;13,5
Cabo Verde;2013;Developing;72,80;12;0;0,01;325,63;94;0;29,7;0;93;4,29;93;0,2;3558,80;5216;6,9;6,9;0,64;13,6
Cabo Verde;2012;Developing;72,70;121;0;0,01;33,56;94;0;29,0;0;94;4,61;94;0,3;348,48;513979;7,1;7,1;0,64;13,2
Cabo Verde;2011;Developing;72,60;122;0;5,07;4,41;9;0;28,2;0;9;4,60;9;0,3;367,43;5867;7,3;7,2;0,63;13,1
Cabo Verde;2010;Developing;72,50;123;0;4,75;286,89;98;0;27,5;0;99;4,83;99;0,4;3312,83;52384;7,4;7,4;0,63;12,7
Cabo Verde;2009;Developing;72,40;124;0;4,45;339,98;98;0;26,8;0;99;4,24;99;0,4;3444,56;496963;7,6;7,6;0,62;12,4
Cabo Verde;2008;Developing;72,40;124;0;4,16;360,62;98;0;26,2;0;99;3,96;99;0,4;3638,96;491723;7,8;7,8;0,62;12,2
Cabo Verde;2007;Developing;72,30;126;0;5,28;345,46;96;0;25,5;0;98;4,30;98;0,6;3112,29;486438;8,1;8,0;0,60;11,9
Cabo Verde;2006;Developing;72,10;129;0;4,25;26,45;95;0;24,9;0;97;5,11;96;0,6;234,29;48795;8,3;8,3;0,60;11,9
Cabo Verde;2005;Developing;71,80;134;0;4,26;3,35;93;0;24,3;0;95;4,86;95;0,8;248,13;474567;8,5;8,5;0,58;11,2
Cabo Verde;2004;Developing;71,40;14;0;4,19;240,14;91;0;23,7;0;94;5,60;93;0,8;1976,46;467664;8,7;8,7;0,57;11,1
Cabo Verde;2003;Developing;71,10;144;0;4,16;209,09;66;0;23,2;0;93;5,00;92;0,9;1768,92;46147;8,9;8,9;0,57;11,3
Cabo Verde;2002;Developing;77,00;148;0;3,82;155,21;4;0;22,6;0;92;5,17;91;0,8;1373,52;45216;9,2;9,1;0,57;11,3
Cabo Verde;2001;Developing;73,00;152;0;3,81;150,74;0;0;22,1;0;91;5,19;9;0,8;1268,88;443716;9,4;9,3;0,56;11,0
Cabo Verde;2000;Developing;69,90;155;0;3,49;122,57;0;2;21,5;0;9;4,81;9;0,8;1239,38;43579;9,6;9,5;0,00;11,3
Cambodia;2015;Developing;68,70;174;10;0,00;0,00;89;0;19,6;12;87;0,00;89;0,2;1163,19;15517635;1,9;1,9;0,56;10,9
Cambodia;2014;Developing;68,30;179;11;0,01;12,18;88;0;18,9;12;87;5,68;88;0,2;198,69;152779;1,9;11,0;0,55;10,9
Cambodia;2013;Developing;67,80;183;11;0,01;8,76;83;0;18,2;13;66;5,93;83;0,2;128,42;1522692;11,0;11,1;0,55;10,8
Cambodia;2012;Developing;67,40;186;12;0,01;6,91;86;15;17,6;14;84;6,24;86;0,3;95,24;14776866;11,0;11,2;0,54;10,7
Cambodia;2011;Developing;67,00;19;13;2,12;60,19;88;722;17,0;15;87;5,64;88;0,3;882,49;14537886;11,0;11,2;0,53;10,7
Cambodia;2010;Developing;66,60;192;14;2,20;56,88;89;1156;16,4;16;88;5,95;89;0,5;785,69;143874;11,0;11,3;0,52;10,6
Cambodia;2009;Developing;66,10;195;15;2,13;48,35;92;4779;15,9;17;95;6,36;94;0,6;738,23;14928;11,1;11,4;0,52;10,5
Cambodia;2008;Developing;65,60;199;16;2,24;53,10;91;4211;15,3;18;91;5,55;91;0,7;745,79;138859;11,2;11,4;0,51;10,5
Cambodia;2007;Developing;65,00;24;16;2,08;57,74;82;394;14,8;20;82;3,75;82;0,9;631,68;13676693;11,3;11,5;0,50;10,3
Cambodia;2006;Developing;64,10;216;17;2,03;51,50;8;188;14,3;21;8;4,48;8;1,1;539,88;13474489;11,4;11,6;0,48;10,1
Cambodia;2005;Developing;62,90;234;18;1,99;62,22;0;264;13,9;22;82;5,84;82;1,4;474,22;132721;11,5;11,6;0,47;10,0
Cambodia;2004;Developing;61,50;253;19;1,38;8,39;0;352;13,5;24;86;6,43;85;1,7;48,62;1363377;11,6;11,7;0,46;9,7
Cambodia;2003;Developing;63,00;268;21;1,44;55,60;0;653;13,1;26;69;6,74;69;1,9;362,42;12853124;11,6;11,7;0,45;9,3
Cambodia;2002;Developing;59,30;273;23;1,43;30,91;0;1361;12,8;29;54;5,95;54;2,1;339,68;12634729;11,6;11,8;0,43;8,2
Cambodia;2001;Developing;58,50;273;25;1,71;27,69;0;3761;12,4;33;59;5,70;6;2,2;321,23;1242473;11,6;11,8;0,41;7,6
Cambodia;2000;Developing;57,70;274;27;1,51;0,33;0;12237;12,1;36;62;5,87;59;2,1;3,69;12152354;11,6;11,9;0,40;7,2
Cameroon;2015;Developing;57,30;357;45;0,00;0,00;84;1809;29,0;68;83;0,00;84;3,5;1244,43;22834522;5,6;5,5;0,51;10,4
Cameroon;2014;Developing;56,70;366;47;0,01;61,39;87;831;28,4;71;86;4,10;87;3,7;1441,14;2223994;5,7;5,7;0,51;10,4
Cameroon;2013;Developing;56,40;364;48;0,01;63,08;89;760;27,8;73;88;4,29;89;4,0;1365,34;21655715;5,8;5,8;0,50;10,4
Cameroon;2012;Developing;55,90;369;50;0,01;68,56;85;609;27,2;76;85;4,34;85;4,6;1255,65;2182383;5,9;5,9;0,50;10,4
Cameroon;2011;Developing;55,60;371;51;6,19;83,18;82;504;26,6;79;8;3,96;82;4,9;1295,65;252447;6,0;6,0;0,49;10,0
Cameroon;2010;Developing;55,30;37;53;6,15;100,90;84;240;26,0;82;83;5,28;84;5,5;1182,87;1997495;6,1;6,2;0,48;9,7
Cameroon;2009;Developing;54,80;373;54;5,89;9,04;8;251;25,4;85;79;5,70;8;6,3;123,20;19432541;6,3;6,3;0,47;9,2
Cameroon;2008;Developing;54,20;382;56;5,90;68,71;84;495;24,9;87;82;5,18;84;6,7;1233,52;18978;6,4;6,5;0,47;8,8
Cameroon;2007;Developing;53,60;395;57;5,44;7,56;82;100;24,4;89;81;4,76;82;7,0;111,71;18395389;6,6;6,6;0,46;8,0
Cameroon;2006;Developing;53,30;394;58;5,22;0,96;81;196;23,8;91;78;4,69;81;7,2;12,99;17899562;6,7;6,8;0,46;8,2
Cameroon;2005;Developing;52,80;4;58;5,03;73,03;79;605;23,3;93;79;4,75;8;7,4;952,19;1742795;6,9;7,0;0,46;8,3
Cameroon;2004;Developing;52,10;412;59;4,71;7,18;0;358;22,8;94;72;4,73;73;7,5;93,21;1695981;7,0;7,1;0,46;8,2
Cameroon;2003;Developing;51,80;412;60;4,64;67,64;0;899;22,3;95;72;4,97;73;7,7;824,87;16513822;7,2;7,3;0,45;8,1
Cameroon;2002;Developing;51,60;47;60;4,58;53,71;0;1448;21,8;97;66;4,86;66;7,8;676,40;1684886;7,4;7,5;0,45;8,4
Cameroon;2001;Developing;51,50;41;61;4,43;41,74;0;23934;21,3;99;61;4,70;63;7,9;614,67;15671927;7,5;7,7;0,44;7,1
Cameroon;2000;Developing;51,40;394;62;3,91;4,72;0;14629;2,9;100;57;4,48;62;7,7;68,41;15274234;7,7;7,8;0,43;6,9
Canada;2015;Developing;82,20;64;2;0,00;0,00;55;195;67,0;2;91;0,00;91;0,1;43315,74;3584861;0,6;0,5;0,92;16,3
Canada;2014;Developing;82,00;65;2;8,10;102,19;55;418;66,4;2;91;1,45;91;0,1;544,43;35544564;0,5;0,5;0,91;15,9
Canada;2013;Developing;81,80;67;2;8,20;9733,23;55;83;65,8;2;91;1,67;91;0,1;52413,72;35155451;0,5;0,5;0,91;15,9
Canada;2012;Developing;81,60;68;2;8,30;9748,64;7;10;65,3;2;99;1,78;95;0,1;52496,69;3475545;0,5;0,5;0,91;15,9
Canada;2011;Developing;81,50;68;2;8,20;971,93;7;803;64,7;2;87;1,82;87;0,1;5282,22;3434278;0,5;0,5;0,90;15,9
Canada;2010;Developing;81,20;7;2;8,40;8649,67;56;99;64,1;2;88;11,20;89;0,1;47447,48;345274;0,5;0,4;0,90;15,9
Canada;2009;Developing;81,00;72;2;8,40;864,95;42;14;63,6;2;89;11,17;91;0,1;4773,45;33628571;0,5;0,4;0,90;15,9
Canada;2008;Developing;87,00;74;2;8,30;8433,94;28;62;63,0;2;89;1,30;92;0,1;46596,34;33245773;0,5;0,4;0,90;15,8
Canada;2007;Developing;85,00;74;2;8,30;7946,74;14;101;62,5;2;9;9,83;94;0,1;44544,53;32887928;0,5;0,4;0,89;15,8
Canada;2006;Developing;85,00;75;2;8,20;771,18;14;13;61,9;2;95;9,75;95;0,1;4386,70;325755;0,5;0,4;0,89;15,8
Canada;2005;Developing;81,00;76;2;8,00;6333,18;14;6;61,3;2;93;9,57;93;0,1;36189,59;32312;0,5;0,4;0,89;15,8
Canada;2004;Developing;80,00;77;2;7,80;5513,33;14;7;6,6;2;91;9,56;91;0,1;31979,87;31995;0,5;0,4;0,88;15,8
Canada;2003;Developing;79,70;78;2;7,70;4687,85;14;15;6,0;2;88;9,54;91;0,1;28172,15;31676;0,5;0,4;0,88;15,8
Canada;2002;Developing;79,50;79;2;7,70;3895,86;0;6;59,3;2;88;9,37;88;0,1;24167,84;31362;0,5;0,4;0,87;15,8
Canada;2001;Developing;79,40;8;2;7,60;3665,09;0;34;58,5;2;88;9,10;89;0,1;23691,59;31819;0,5;0,4;0,87;15,8
Canada;2000;Developing;79,10;82;2;7,60;3787,49;0;206;57,8;2;88;8,67;89;0,1;24124,17;37697;0,5;0,5;0,86;15,9
Central African Republic;2015;Developing;52,50;397;15;0,00;0,00;47;150;22,7;21;47;0,00;47;4,4;348,38;45461;8,2;8,2;0,35;7,1
Central African Republic;2014;Developing;58,00;437;15;0,01;53,44;47;210;22,1;22;47;4,20;47;4,5;377,13;4515392;8,4;8,3;0,35;7,1
Central African Republic;2013;Developing;49,90;451;16;0,01;52,38;23;596;21,6;23;23;3,82;23;5,1;337,48;4499653;8,5;8,5;0,37;7,1
Central African Republic;2012;Developing;53,00;439;16;0,01;7,34;47;141;21,2;23;47;3,62;47;5,1;486,41;449416;8,7;8,6;0,37;7,1
Central African Republic;2011;Developing;49,80;443;16;1,66;58,53;47;679;2,7;24;47;3,73;47;5,8;494,34;4476153;8,8;8,8;0,36;6,8
Central African Republic;2010;Developing;49,20;446;17;1,67;43,48;45;2;2,2;24;46;3,90;45;6,6;446,44;4448525;9,0;8,9;0,35;6,6
Central African Republic;2009;Developing;48,60;453;17;1,56;40,45;42;11;19,8;25;45;3,58;42;7,3;449,96;44423;9,1;9,1;0,35;6,4
Central African Republic;2008;Developing;47,60;477;17;1,52;67,34;0;12;19,4;25;46;4,30;45;8,3;456,86;4345386;9,3;9,2;0,34;6,3
Central African Republic;2007;Developing;46,80;495;17;1,50;60,05;0;49;19,0;26;46;4,40;48;9,0;397,15;42758;9,4;9,4;0,33;6,2
Central African Republic;2006;Developing;46,30;56;17;1,54;46,90;0;3;18,6;26;47;3,99;51;10,0;347,67;421758;9,6;9,6;0,32;6,0
Central African Republic;2005;Developing;45,90;511;17;1,50;40,92;0;471;18,2;26;47;4,29;54;11,2;327,11;412791;9,7;9,7;0,32;5,9
Central African Republic;2004;Developing;45,70;512;17;1,50;41,50;0;1233;17,9;26;45;4,10;51;12,0;313,22;45536;9,9;9,9;0,32;5,7
Central African Republic;2003;Developing;45,70;51;17;1,49;46,12;0;652;17,5;26;44;4,31;47;12,8;286,26;3981665;1,0;1,1;0,32;5,6
Central African Republic;2002;Developing;45,60;58;17;1,47;31,59;0;938;17,2;25;42;4,16;44;13,4;253,77;397612;1,2;1,2;0,32;5,4
Central African Republic;2001;Developing;45,60;54;17;1,52;33,65;0;2837;16,8;25;4;3,95;4;13,9;243,16;383223;1,4;1,4;0,31;5,3
Central African Republic;2000;Developing;46,00;49;16;1,51;30,78;0;3207;16,5;25;38;4,24;37;14,3;243,54;3754986;1,5;1,5;0,31;5,2
Chad;2015;Developing;53,10;356;46;0,00;0,00;46;418;19,1;77;52;0,00;46;2,8;777,25;149413;8,5;8,4;0,39;7,3
Chad;2014;Developing;52,60;362;46;0,01;11,30;37;1275;18,7;78;44;3,62;37;2,9;126,00;13569438;8,7;8,5;0,39;7,3
Chad;2013;Developing;52,20;366;46;0,64;76,52;39;226;18,2;78;46;3,42;39;3,1;986,13;13133589;8,8;8,7;0,39;7,3
Chad;2012;Developing;51,80;367;46;0,62;57,82;4;120;17,9;79;51;3,00;4;3,6;973,47;1275135;9,0;8,9;0,38;7,3
Chad;2011;Developing;51,60;365;46;0,56;67,76;33;8650;17,5;79;4;3,17;33;3,9;989,24;12288651;9,2;9,1;0,37;6,7
Chad;2010;Developing;51,20;364;46;0,50;43,57;39;194;17,1;80;43;2,95;39;4,1;896,57;1188722;9,4;9,3;0,36;6,7
Chad;2009;Developing;57,00;37;46;0,47;4,98;24;165;16,7;80;32;3,31;24;4,4;84,46;1152786;9,6;9,5;0,34;6,3
Chad;2008;Developing;49,60;394;46;0,45;49,09;17;63;16,4;80;3;2,92;19;4,7;929,77;11133861;9,8;9,7;0,34;6,0
Chad;2007;Developing;49,40;394;46;0,42;5,96;0;441;16,1;80;38;3,35;28;4,9;81,68;177578;1,0;1,0;0,31;5,7
Chad;2006;Developing;48,50;414;45;0,41;62,67;0;1594;15,7;80;49;3,32;4;5,1;712,18;1421597;1,3;1,2;0,30;5,5
Chad;2005;Developing;48,60;46;45;0,42;8,94;0;2;15,4;79;37;3,91;25;5,2;66,24;1679;1,5;1,4;0,31;5,6
Chad;2004;Developing;48,50;45;44;0,34;72,38;0;10324;15,1;78;31;5,72;21;5,2;454,68;97143;1,7;1,6;0,30;5,6
Chad;2003;Developing;48,40;43;44;0,42;3,98;0;15801;14,8;77;36;5,49;23;5,1;292,59;935321;1,9;1,8;0,28;5,4
Chad;2002;Developing;48,10;43;43;0,36;3,04;0;7277;14,4;76;31;8,33;25;5,0;22,85;91689;11,1;11,0;0,30;5,1
Chad;2001;Developing;48,00;4;42;0,30;26,87;0;24908;14,1;75;26;6,90;26;4,8;197,32;866312;11,3;11,2;0,30;4,9
Chad;2000;Developing;47,60;44;41;0,25;21,53;0;3546;13,9;74;3;6,28;36;4,6;166,23;8342559;11,5;11,4;0,00;4,7
Chile;2015;Developing;85,00;82;2;0,00;0,00;97;9;63,8;2;96;0,00;96;0,1;13653,23;17762681;0,8;0,8;0,85;16,3
Chile;2014;Developing;83,00;83;2;7,16;2353,00;95;0;63,1;2;95;7,79;95;0,1;14817,38;17613798;0,8;0,8;0,84;16,2
Chile;2013;Developing;81,00;84;2;7,20;2442,22;9;0;62,5;2;9;7,53;91;0,1;15941,40;17462982;0,8;0,8;0,83;15,6
Chile;2012;Developing;79,90;84;2;6,76;2260,78;9;0;61,8;2;9;7,24;9;0,1;15431,93;1739746;0,8;0,8;0,83;15,5
Chile;2011;Developing;79,80;86;2;7,26;211,61;94;6;61,2;2;93;7,00;94;0,1;1475,69;17153357;0,8;0,8;0,82;15,4
Chile;2010;Developing;79,10;89;2;7,93;177,49;92;0;6,6;2;92;6,97;92;0,1;1286,18;16993354;0,8;0,9;0,82;15,2
Chile;2009;Developing;79,30;91;2;7,67;181,53;94;1;59,9;2;94;7,39;94;0,1;1243,33;16829442;0,8;0,9;0,82;15,3
Chile;2008;Developing;79,60;88;2;7,31;241,55;95;0;59,3;2;95;6,87;95;0,1;1781,37;16661942;0,9;0,9;0,80;15,2
Chile;2007;Developing;78,90;9;2;7,39;209,49;92;0;58,7;2;95;6,35;96;0,1;1526,88;16491687;0,9;0,9;0,80;14,8
Chile;2006;Developing;78,90;91;2;7,33;1275,69;95;0;58,1;2;94;6,18;94;0,1;9484,68;16319792;0,9;0,9;0,80;14,9
Chile;2005;Developing;78,40;93;2;7,57;954,96;0;0;57,4;2;92;6,69;91;0,1;7615,35;1614764;0,9;1,0;0,79;14,6
Chile;2004;Developing;78,00;97;2;6,32;78,79;0;0;56,8;2;94;6,93;93;0,1;621,83;15973778;0,9;1,0;0,78;14,3
Chile;2003;Developing;77,90;1;2;6,37;584,10;0;1;56,1;2;96;7,34;96;0,1;4787,70;15799542;1,0;1,0;0,78;14,0
Chile;2002;Developing;77,80;11;2;6,06;675,78;0;0;55,4;3;97;6,48;97;0,1;4463,55;15623635;1,0;1,0;0,77;13,9
Chile;2001;Developing;77,30;16;2;6,10;687,51;0;0;54,7;3;96;6,51;97;0,1;4595,67;15444969;1,0;1,0;0,76;13,7
Chile;2000;Developing;77,30;13;2;6,24;74,15;0;0;54,0;3;91;6,40;91;0,1;511,37;15262754;1,1;1,1;0,76;13,5
China;2015;Developing;76,10;85;157;0,00;0,00;99;42361;32,9;183;99;0,00;99;0,1;869,21;137122;3,6;2,9;0,73;13,5
China;2014;Developing;75,80;86;171;5,78;109,87;99;52628;31,9;198;99;5,55;99;0,1;7683,52;136427;3,7;3,0;0,72;13,1
China;2013;Developing;75,60;88;185;5,79;9,96;99;26883;3,9;216;99;5,39;99;0,1;777,78;135738;3,8;3,2;0,71;12,7
China;2012;Developing;75,40;89;201;5,74;94,43;99;6183;3,0;233;99;5,26;99;0,1;6337,88;135695;3,9;3,3;0,70;12,4
China;2011;Developing;75,20;91;215;5,63;91,27;99;9943;29,0;251;99;5,30;99;0,1;5633,80;134413;4,1;3,5;0,70;12,8
China;2010;Developing;75,00;92;231;5,75;5,66;99;38159;28,1;268;99;4,89;99;0,1;456,51;133775;4,2;3,6;0,69;12,5
China;2009;Developing;74,90;93;248;4,88;50,28;99;52461;27,3;288;99;5,80;99;0,1;3838,43;133126;4,4;3,8;0,68;12,2
China;2008;Developing;74,50;97;266;4,27;39,23;95;131441;26,5;308;99;4,59;97;0,1;3471,25;1324655;4,5;4,0;0,67;11,9
China;2007;Developing;74,40;96;285;3,88;312,66;92;109023;25,7;332;94;4,32;93;0,1;2695,37;1317885;4,7;4,1;0,66;11,4
China;2006;Developing;74,20;98;307;3,28;29,74;91;99602;24,9;360;94;4,52;93;0,1;299,23;13112;4,8;4,3;0,65;11,0
China;2005;Developing;73,90;99;332;2,92;171,66;84;124219;24,1;392;87;4,66;87;0,1;1753,42;13372;5,0;4,4;0,63;10,6
China;2004;Developing;73,50;11;360;3,04;1,59;79;70549;23,4;427;87;4,72;87;0,1;158,67;129675;5,1;4,6;0,62;10,2
China;2003;Developing;73,10;13;391;2,96;122,94;75;71879;22,6;467;87;4,82;86;0,1;1288,64;12884;5,3;4,7;0,61;9,9
China;2002;Developing;72,70;16;422;2,91;106,36;7;58341;21,9;511;86;4,79;86;0,1;1148,59;1284;5,5;4,9;0,60;9,7
China;2001;Developing;72,20;11;457;2,84;14,23;65;88962;21,2;558;86;4,56;86;0,1;153,18;127185;5,7;5,0;0,59;9,6
China;2000;Developing;71,70;115;490;3,06;17,46;6;71093;2,5;608;86;4,60;85;0,1;959,37;1262645;5,9;5,1;0,58;9,5
Colombia;2015;Developing;74,80;143;10;0,00;0,00;91;1;57,9;12;91;0,00;91;0,1;644,53;48228697;2,1;1,9;0,72;13,6
Colombia;2014;Developing;74,60;144;11;4,38;1435,49;9;0;57,2;12;9;7,20;9;0,1;7913,38;47791911;2,1;1,9;0,72;13,6
Colombia;2013;Developing;74,40;145;11;4,41;15,16;91;1;56,4;13;91;6,84;91;0,1;83,59;47342981;2,1;1,9;0,71;13,3
Colombia;2012;Developing;74,30;143;11;4,44;1487,90;92;1;55,7;13;91;6,93;91;0,1;7884,98;46881475;2,1;1,9;0,71;13,2
Colombia;2011;Developing;74,20;144;12;4,37;184,31;85;6;55,0;14;85;6,64;85;0,1;7227,74;4646646;2,2;2,0;0,70;13,0
Colombia;2010;Developing;73,60;15;12;4,28;113,24;88;0;54,2;15;88;6,76;88;0,1;625,66;4591897;2,2;2,0;0,70;12,8
Colombia;2009;Developing;73,60;15;13;4,34;941,65;92;0;53,5;15;92;7,10;92;0,1;5148,42;45416181;2,2;2,0;0,69;12,4
Colombia;2008;Developing;73,50;146;14;4,45;978,07;92;0;52,8;16;92;6,62;92;0,1;5433,72;4491544;2,3;2,0;0,68;12,2
Colombia;2007;Developing;73,50;144;14;4,66;780,59;93;0;52,0;17;93;6,25;93;0,1;4674,22;44374572;2,3;2,1;0,68;11,9
Colombia;2006;Developing;73,10;147;15;4,53;62,44;93;0;51,3;17;94;6,11;93;0,1;379,79;43835722;2,3;2,1;0,67;11,5
Colombia;2005;Developing;73,10;144;15;4,38;531,98;93;0;5,5;18;93;5,82;93;0,1;3386,26;43285634;2,4;2,1;0,66;11,1
Colombia;2004;Developing;72,80;148;16;4,26;42,18;89;0;49,8;19;89;5,37;89;0,1;274,25;42724163;2,4;2,2;0,66;11,3
Colombia;2003;Developing;72,40;15;16;4,25;417,80;92;0;49,0;19;92;5,92;92;0,1;2246,26;42152151;2,5;2,2;0,66;11,6
Colombia;2002;Developing;71,80;163;17;4,45;393,88;78;139;48,2;20;83;5,67;81;0,1;2355,73;41572491;2,5;2,3;0,66;11,5
Colombia;2001;Developing;71,50;165;17;4,43;404,42;8;3;47,5;21;83;5,96;8;0,1;2395,86;498899;2,5;2,3;0,65;11,4
Colombia;2000;Developing;71,40;167;18;4,66;477,13;78;1;46,7;21;82;5,91;79;0,1;2472,20;443958;2,6;2,3;0,65;11,3
Comoros;2015;Developing;63,50;227;1;0,00;0,00;91;0;24,2;2;92;0,00;91;0,8;727,65;777424;6,7;6,5;0,50;11,1
Comoros;2014;Developing;63,20;23;1;0,01;73,87;88;0;23,7;2;87;6,75;87;0,8;852,95;759385;6,8;6,6;0,50;11,1
Comoros;2013;Developing;62,90;233;1;0,01;61,57;88;0;23,2;2;85;6,51;87;0,8;834,34;7415;6,8;6,6;0,49;10,9
Comoros;2012;Developing;62,50;237;2;0,01;78,39;89;1;22,6;2;85;7,11;86;0,8;788,63;723868;6,9;6,7;0,48;10,8
Comoros;2011;Developing;62,20;241;2;0,12;59,66;83;3;22,1;2;85;6,10;83;0,2;829,76;76569;7,0;6,8;0,48;10,6
Comoros;2010;Developing;61,80;246;2;0,15;47,30;74;0;21,6;2;82;5,82;74;0,1;769,17;689692;7,1;6,9;0,48;10,5
Comoros;2009;Developing;61,30;251;2;0,17;56,99;83;1;21,1;2;84;3,82;83;0,1;778,55;673252;7,2;7,0;0,47;10,3
Comoros;2008;Developing;61,00;255;2;0,12;93,37;81;0;2,6;2;81;5,13;81;0,1;795,98;657229;7,2;7,1;0,46;10,2
Comoros;2007;Developing;66,00;259;2;0,16;9,09;75;0;2,1;2;75;4,93;75;0,1;72,76;64162;7,3;7,2;0,46;10,0
Comoros;2006;Developing;63,00;262;2;0,25;77,03;69;85;19,6;2;69;4,57;69;0,1;648,39;626425;7,4;7,3;0,45;9,9
Comoros;2005;Developing;60,00;266;2;0,24;69,97;68;912;19,2;2;67;4,32;68;0,1;621,93;611627;7,5;7,4;0,43;9,7
Comoros;2004;Developing;59,80;269;2;0,27;7,21;77;0;18,8;2;73;3,96;76;0,1;616,42;597228;7,5;7,5;0,00;9,5
Comoros;2003;Developing;59,60;271;2;0,26;45,09;28;0;18,4;2;8;3,65;8;0,1;544,57;583211;7,6;7,6;0,00;9,2
Comoros;2002;Developing;59,50;271;2;0,08;29,42;0;0;18,0;2;98;3,39;89;0,1;433,27;569479;7,7;7,7;0,00;8,8
Comoros;2001;Developing;59,50;272;1;0,08;19,72;0;0;17,6;2;7;2,86;7;0,1;395,93;555888;7,8;7,8;0,00;8,5
Comoros;2000;Developing;59,50;272;1;0,09;35,03;0;0;17,3;2;7;3,56;7;0,1;375,85;542357;7,9;7,9;0,00;8,2
Congo;2015;Developing;64,70;267;7;0,00;0,00;8;1359;27,4;10;8;0,00;8;2,8;0,00;0;7,5;7,1;0,59;11,1
Congo;2014;Developing;64,20;275;7;0,01;0,00;9;71;26,8;10;9;5,15;9;3,0;0,00;0;7,6;7,3;0,58;11,1
Congo;2013;Developing;63,90;274;7;0,01;0,00;85;124;26,2;10;85;5,90;85;3,0;0,00;0;7,7;7,4;0,58;11,1
Congo;2012;Developing;63,70;273;7;0,01;0,00;62;260;25,6;10;61;3,98;85;3,3;0,00;0;7,9;7,5;0,56;10,2
Congo;2011;Developing;62,90;285;7;3,82;0,00;7;315;25,0;10;69;2,79;82;3,5;0,00;0;8,0;7,6;0,56;10,7
Congo;2010;Developing;62,00;298;7;3,53;0,00;74;4;24,5;10;72;2,29;74;3,8;0,00;0;8,1;7,7;0,55;10,5
Congo;2009;Developing;68,00;314;7;3,47;0,00;75;1;23,9;11;76;2,27;78;4,0;0,00;0;8,3;7,9;0,55;10,3
Congo;2008;Developing;59,40;338;8;2,58;0,00;73;2;23,3;11;77;2,90;79;4,3;0,00;0;8,4;8,0;0,53;10,0
Congo;2007;Developing;58,20;354;8;2,75;0,00;64;84;22,8;11;71;2,54;72;5,0;0,00;0;8,5;8,2;0,52;9,8
Congo;2006;Developing;56,90;368;8;2,25;0,00;0;126;22,3;12;73;2,37;73;5,5;0,00;0;8,7;8,3;0,51;9,6
Congo;2005;Developing;55,30;394;8;2,03;0,00;0;146;21,7;13;62;2,42;62;5,9;0,00;0;8,8;8,5;0,50;9,4
Congo;2004;Developing;54,10;48;9;2,58;0,00;0;3524;21,2;13;67;2,56;67;6,3;0,00;0;9,0;8,6;0,50;9,2
Congo;2003;Developing;53,20;417;9;2,45;0,00;0;3712;2,7;14;5;2,61;5;6,8;0,00;0;9,1;8,8;0,49;9,4
Congo;2002;Developing;52,60;424;9;2,55;0,00;0;2788;2,3;14;41;2,45;41;7,2;0,00;0;9,3;8,9;0,49;9,5
Congo;2001;Developing;52,70;419;9;2,30;0,00;0;2152;19,8;14;32;2,44;31;7,6;0,00;0;9,4;9,0;0,49;9,7
Congo;2000;Developing;52,90;416;9;2,26;0,00;0;1678;19,3;14;31;2,13;33;7,8;0,00;0;9,5;9,2;0,49;9,8
Cook Islands;2013;Developing;0,00;0;0;0,01;0,00;98;0;82,8;0;98;3,58;98;0,1;0,00;0;0,1;0,1;0,00;0,0
Costa Rica;2015;Developing;79,60;95;1;0,00;0,00;92;0;6,5;1;92;0,00;92;0,1;1146,36;487852;1,7;1,7;0,78;14,2
Costa Rica;2014;Developing;79,50;96;1;3,45;384,51;91;1;59,5;1;91;9,31;91;0,1;1647,44;4757575;1,7;1,7;0,77;13,9
Costa Rica;2013;Developing;79,40;96;1;3,42;386,14;94;0;58,5;1;95;9,47;95;0,1;1569,67;47641;1,7;1,7;0,76;13,7
Costa Rica;2012;Developing;79,20;97;1;3,34;2568,24;91;0;57,5;1;9;9,56;91;0,1;9985,37;4654122;1,8;1,7;0,76;13,6
Costa Rica;2011;Developing;79,00;98;1;3,41;2429,85;84;0;56,5;1;82;9,73;85;0,1;9186,60;46474;1,8;1,7;0,75;13,4
Costa Rica;2010;Developing;78,10;16;1;3,58;2377,01;89;0;55,5;1;93;9,66;88;0,1;8199,41;454528;1,8;1,8;0,75;13,3
Costa Rica;2009;Developing;79,20;96;1;4,07;24,89;87;0;54,4;1;8;9,69;86;0,1;689,40;4488263;1,9;1,8;0,75;13,1
Costa Rica;2008;Developing;78,90;99;1;4,22;1859,10;89;0;53,4;1;89;9,10;9;0,1;6911,14;442958;1,9;1,8;0,74;12,9
Costa Rica;2007;Developing;78,90;93;1;4,20;150,89;89;0;52,4;1;89;8,37;89;0,1;612,62;4369469;1,9;1,9;0,73;12,8
Costa Rica;2006;Developing;78,00;16;1;4,15;1185,41;88;0;51,4;1;89;7,82;89;0,1;5245,19;438794;2,0;1,9;0,73;12,6
Costa Rica;2005;Developing;78,60;97;1;4,10;1002,83;9;1;5,3;1;91;7,74;91;0,1;4697,11;4247841;2,0;2,0;0,72;12,4
Costa Rica;2004;Developing;77,70;12;1;4,09;1043,11;89;0;49,3;1;9;7,80;9;0,1;4425,57;418738;2,1;2,0;0,72;12,2
Costa Rica;2003;Developing;78,00;1;1;4,04;1070,27;86;1;48,3;1;88;8,45;88;0,1;4167,71;4125971;2,2;2,1;0,72;12,1
Costa Rica;2002;Developing;78,30;99;1;4,17;112,95;94;0;47,3;1;94;8,23;94;0,1;462,15;46324;2,2;2,2;0,71;11,9
Costa Rica;2001;Developing;77,50;1;1;4,29;868,37;8;0;46,4;1;92;7,25;91;0,1;3981,53;3996798;2,3;2,2;0,71;11,7
Costa Rica;2000;Developing;77,60;98;1;4,34;94,18;89;0;45,4;1;8;7,12;88;0,1;388,36;3925443;2,4;2,3;0,70;11,6
Croatia;2015;Developed;78,00;95;0;0,00;0,00;94;206;63,7;0;94;0,00;94;0,1;11579,67;42364;1,5;1,4;0,82;15,3
Croatia;2014;Developed;77,80;97;0;12,14;1884,10;95;0;63,1;0;95;7,80;95;0,1;13467,47;4238389;1,5;1,5;0,82;15,1
Croatia;2013;Developed;77,70;97;0;12,39;1899,11;96;0;62,5;0;96;7,83;96;0,1;13574,75;4255689;1,5;1,5;0,82;14,9
Croatia;2012;Developed;77,10;14;0;11,49;1851,71;98;2;61,9;0;96;7,80;96;0,1;13235,98;4267558;1,5;1,5;0,82;14,6
Croatia;2011;Developed;77,00;14;0;12,19;1913,36;97;12;61,3;0;96;7,80;96;0,1;14539,18;428622;1,6;1,5;0,81;14,5
Croatia;2010;Developed;76,60;16;0;12,10;206,89;97;7;6,6;0;97;8,25;97;0,1;1355,75;4417781;1,6;1,6;0,80;14,2
Croatia;2009;Developed;76,30;19;0;12,21;2160,38;97;2;6,0;0;96;8,18;96;0,1;14157,14;442978;1,7;1,6;0,80;14,2
Croatia;2008;Developed;76,00;116;0;12,06;2425,40;97;51;59,4;0;96;7,70;96;0,1;15893,87;443458;1,7;1,7;0,80;14,3
Croatia;2007;Developed;75,80;114;0;12,56;2019,81;95;0;58,7;0;96;7,44;96;0,1;13546,70;4436;1,8;1,7;0,79;14,3
Croatia;2006;Developed;75,90;113;0;11,83;1555,65;0;1;58,1;0;96;6,95;96;0,1;11363,42;444;1,8;1,8;0,78;13,9
Croatia;2005;Developed;75,20;116;0;11,59;167,23;0;2;57,5;0;96;6,89;96;0,1;1224,25;4442;1,8;1,8;0,78;13,6
Croatia;2004;Developed;75,40;114;0;13,11;1116,40;0;54;56,9;0;96;6,56;96;0,1;9365,74;4439;1,9;1,9;0,77;13,3
Croatia;2003;Developed;74,70;122;0;13,78;93,68;0;19;56,3;0;95;6,35;94;0,1;785,88;444;1,9;1,9;0,77;12,9
Croatia;2002;Developed;74,80;124;0;13,39;11,64;0;6;55,8;0;95;6,19;95;0,1;653,72;444;2,0;2,0;0,76;12,6
Croatia;2001;Developed;74,90;126;0;13,15;650,96;0;8;55,2;0;94;7,16;94;0,1;5245,42;444;2,0;2,0;0,75;12,3
Croatia;2000;Developed;74,70;127;0;12,73;649,39;0;9;54,7;0;94;7,66;93;0,1;4919,63;4426;2,1;2,1;0,74;12,2
Cuba;2015;Developing;79,10;92;1;0,00;0,00;99;0;61,4;1;99;0,00;99;0,1;762,26;0;3,5;3,3;0,77;13,9
Cuba;2014;Developing;79,00;93;1;4,37;13,67;97;0;6,7;1;99;11,60;99;0,1;75,52;0;3,4;3,3;0,77;14,0
Cuba;2013;Developing;78,70;96;1;4,18;95,68;96;0;59,9;1;99;9,48;99;0,1;676,15;0;3,4;3,3;0,77;14,7
Cuba;2012;Developing;78,70;96;1;4,16;742,20;96;0;59,2;1;98;8,59;99;0,1;6425,94;0;3,4;3,2;0,78;15,7
Cuba;2011;Developing;78,80;92;1;4,14;102,06;96;0;58,4;1;99;1,60;97;0,1;675,92;0;3,4;3,2;0,78;16,5
Cuba;2010;Developing;78,00;98;1;4,13;787,28;96;0;57,7;1;99;1,19;96;0,1;5676,14;0;3,4;3,2;0,78;17,6
Cuba;2009;Developing;78,10;11;1;4,01;818,88;96;0;56,9;1;99;11,78;96;0,1;5484,78;0;3,4;3,2;0,78;17,7
Cuba;2008;Developing;77,90;12;1;4,26;708,62;95;0;56,2;1;99;1,79;95;0,1;5376,45;0;3,4;3,2;0,77;17,1
Cuba;2007;Developing;78,10;14;1;4,13;750,71;93;0;55,4;1;99;1,42;93;0,1;5184,49;0;3,4;3,2;0,75;16,0
Cuba;2006;Developing;78,00;14;1;4,17;523,47;89;0;54,6;1;99;7,67;89;0,1;4669,69;0;3,4;3,2;0,73;14,7
Cuba;2005;Developing;77,20;19;1;4,48;518,94;95;0;53,8;1;99;9,39;89;0,1;3779,58;0;3,4;3,3;0,72;14,2
Cuba;2004;Developing;77,30;17;1;4,38;4,48;99;0;53,0;1;98;6,14;88;0,1;339,72;0;3,4;3,3;0,71;13,2
Cuba;2003;Developing;77,40;18;1;4,39;60,34;99;0;52,1;1;98;6,31;72;0,1;3192,67;0;3,5;3,3;0,69;12,9
Cuba;2002;Developing;77,70;19;1;4,10;334,77;98;0;51,3;1;98;6,50;99;0,1;2994,34;0;3,5;3,3;0,69;12,5
Cuba;2001;Developing;76,70;115;1;4,04;322,59;98;0;5,4;1;99;6,27;98;0,1;2832,19;0;3,6;3,4;0,69;12,3
Cuba;2000;Developing;76,90;115;1;3,92;49,34;98;0;49,4;1;98;6,70;95;0,1;2741,12;0;3,6;3,4;0,68;12,1
Cyprus;2015;Developed;85,00;52;0;0,00;0,00;97;0;6,3;0;97;0,00;97;0,1;2375,11;116985;1,0;1,0;0,85;14,3
Cyprus;2014;Developed;83,00;53;0;0,01;207,30;96;10;59,8;0;99;7,37;99;0,1;2734,88;115239;0,9;1,0;0,85;14,0
Cyprus;2013;Developed;81,00;54;0;9,04;212,09;96;0;59,2;0;99;7,46;99;0,1;2797,97;1143896;0,9;1,0;0,85;13,8
Cyprus;2012;Developed;80,00;56;0;10,55;2159,76;96;1;58,7;0;99;7,44;99;0,1;28951,16;113562;0,9;1,0;0,85;13,8
Cyprus;2011;Developed;79,70;57;0;10,69;2443,33;96;0;58,3;0;99;7,54;99;0,1;32233,84;1124835;0,9;1,0;0,85;13,8
Cyprus;2010;Developed;79,50;59;0;11,32;283,33;96;18;57,8;0;99;7,23;99;0,1;3818,46;111267;0,9;1,0;0,85;14,6
Cyprus;2009;Developed;79,30;6;0;10,80;230,25;96;0;57,3;0;99;7,40;99;0,1;3215,82;19876;0,9;1,0;0,85;14,1
Cyprus;2008;Developed;79,10;62;0;12,01;239,64;93;1;56,8;0;97;6,89;97;0,1;3539,75;181563;0,9;1,0;0,84;13,7
Cyprus;2007;Developed;78,90;63;0;11,56;1958,53;93;0;56,3;0;97;6,50;97;0,1;31386,63;163712;0,9;1,0;0,84;13,5
Cyprus;2006;Developed;78,80;64;0;11,47;1700,84;93;0;55,8;0;97;6,28;97;0,1;27169,99;14559;0,9;1,0;0,83;13,4
Cyprus;2005;Developed;78,70;65;0;11,41;1562,52;88;1;55,3;0;98;6,37;98;0,1;25324,49;127658;0,9;1,0;0,83;13,5
Cyprus;2004;Developed;78,60;65;0;13,03;1586,72;88;0;54,8;0;98;6,42;98;0,1;23932,49;1141;0,9;1,0;0,82;13,4
Cyprus;2003;Developed;78,50;66;0;10,62;158,71;88;0;54,3;0;98;6,83;98;0,1;2293,48;993563;0,9;1,0;0,82;13,0
Cyprus;2002;Developed;78,40;68;0;11,68;1128,05;88;0;53,8;0;98;6,12;98;0,1;16372,29;976966;0,9;1,0;0,81;12,5
Cyprus;2001;Developed;78,20;69;0;10,16;100,81;89;0;53,3;0;97;5,78;97;0,1;1562,92;96282;0,9;1,0;0,80;12,4
Cyprus;2000;Developed;78,10;7;0;9,56;950,80;89;0;52,8;0;97;5,77;97;0,1;14672,88;943286;0,9;1,0;0,80;12,5
Czechia;2015;Developed;78,80;86;0;0,00;0,00;97;9;66,1;0;97;0,00;97;0,1;0,00;0;1,8;1,8;0,00;0,0
Czechia;2014;Developed;78,60;88;0;12,68;0,00;99;222;65,6;0;99;7,41;97;0,1;0,00;0;1,8;1,9;0,00;0,0
Czechia;2013;Developed;78,20;9;0;12,45;0,00;99;15;65,1;0;99;7,49;98;0,1;0,00;0;1,8;1,9;0,00;0,0
Czechia;2012;Developed;78,00;93;0;12,71;0,00;99;22;64,5;0;99;7,55;99;0,1;0,00;0;1,8;1,9;0,00;0,0
Czechia;2011;Developed;77,80;97;0;12,43;0,00;99;17;64,0;0;99;7,50;99;0,1;0,00;0;1,9;1,9;0,00;0,0
Czechia;2010;Developed;77,50;99;0;12,69;0,00;99;0;63,6;0;99;7,43;99;0,1;0,00;0;1,9;2,0;0,00;0,0
Czechia;2009;Developed;77,10;12;0;13,23;0,00;99;5;63,1;0;99;7,85;99;0,1;0,00;0;1,9;2,0;0,00;0,0
Czechia;2008;Developed;77,00;16;0;13,25;0,00;99;2;62,6;0;99;6,82;99;0,1;0,00;0;1,9;2,0;0,00;0,0
Czechia;2007;Developed;76,80;17;0;13,43;0,00;99;2;62,2;0;99;6,52;99;0,1;0,00;0;2,0;2,1;0,00;0,0
Czechia;2006;Developed;76,50;19;0;13,03;0,00;98;7;61,8;0;98;6,69;98;0,1;0,00;0;2,0;2,1;0,00;0,0
Czechia;2005;Developed;75,90;114;0;13,19;0,00;99;0;61,3;0;96;6,93;97;0,1;0,00;0;2,1;2,1;0,00;0,0
Czechia;2004;Developed;75,80;116;0;13,24;0,00;98;17;6,8;0;96;6,90;98;0,1;0,00;0;2,1;2,2;0,00;0,0
Czechia;2003;Developed;75,20;122;0;13,01;0,00;92;30;6,4;0;97;7,13;97;0,1;0,00;0;2,2;2,2;0,00;0,0
Czechia;2002;Developed;75,30;12;0;13,47;0,00;86;4;59,9;0;97;6,80;98;0,1;0,00;0;2,2;2,3;0,00;0,0
Czechia;2001;Developed;75,10;123;0;13,36;0,00;0;6;59,4;0;97;6,42;98;0,1;0,00;0;2,2;2,3;0,00;0,0
Czechia;2000;Developed;74,70;126;0;13,22;0,00;0;9;59,0;0;98;6,31;98;0,1;0,00;0;2,3;2,3;0,00;0,0
Democratic People's Republic of Korea;2015;Developing;76,00;139;6;0,00;0,00;96;0;32,9;7;99;0,00;96;0,1;0,00;0;4,9;4,9;0,00;0,0
Democratic People's Republic of Korea;2014;Developing;73,00;142;6;0,01;0,00;93;3;32,4;8;99;0,00;93;0,1;0,00;0;4,9;4,9;0,00;0,0
Democratic People's Republic of Korea;2013;Developing;71,00;146;6;3,35;0,00;93;0;31,8;8;99;0,00;93;0,1;0,00;0;5,0;5,0;0,00;0,0
Democratic People's Republic of Korea;2012;Developing;69,80;149;7;3,61;0,00;96;0;31,3;9;99;0,00;96;0,1;0,00;0;5,1;5,1;0,00;0,0
Democratic People's Republic of Korea;2011;Developing;69,40;153;8;3,39;0,00;94;0;3,8;10;99;0,00;94;0,1;0,00;0;5,1;5,2;0,00;0,0
Democratic People's Republic of Korea;2010;Developing;69,00;157;8;3,12;0,00;93;0;3,3;10;99;0,00;93;0,1;0,00;0;5,2;5,2;0,00;0,0
Democratic People's Republic of Korea;2009;Developing;68,70;161;9;3,35;0,00;93;0;29,7;11;98;0,00;93;0,1;0,00;0;5,3;5,3;0,00;0,0
Democratic People's Republic of Korea;2008;Developing;68,60;164;9;3,16;0,00;92;8;29,2;12;98;0,00;92;0,1;0,00;0;5,4;5,4;0,00;0,0
Democratic People's Republic of Korea;2007;Developing;68,50;166;9;3,13;0,00;92;3550;28,7;12;99;0,00;92;0,1;0,00;0;5,5;5,5;0,00;0,0
Democratic People's Republic of Korea;2006;Developing;68,50;165;10;3,28;0,00;96;0;28,2;12;98;0,00;89;0,1;0,00;0;5,6;5,6;0,00;0,0
Democratic People's Republic of Korea;2005;Developing;68,50;165;10;3,21;0,00;92;0;27,7;13;97;0,00;79;0,1;0,00;0;5,7;5,7;0,00;0,0
Democratic People's Republic of Korea;2004;Developing;68,40;165;11;3,13;0,00;98;0;27,2;14;99;0,00;72;0,1;0,00;0;5,7;5,7;0,00;0,0
Democratic People's Republic of Korea;2003;Developing;68,10;165;12;3,13;0,00;27;0;26,7;15;99;0,00;68;0,1;0,00;0;5,8;5,8;0,00;0,0
Democratic People's Republic of Korea;2002;Developing;67,60;167;14;3,08;0,00;0;0;26,2;18;99;0,00;64;0,1;0,00;0;5,9;5,9;0,00;0,0
Democratic People's Republic of Korea;2001;Developing;66,60;177;16;2,53;0,00;0;0;25,7;21;98;0,00;62;0,1;0,00;0;5,9;6,0;0,00;0,0
Democratic People's Republic of Korea;2000;Developing;65,40;192;18;3,52;0,00;0;0;25,2;25;93;0,00;56;0,1;0,00;0;6,0;6,0;0,00;0,0
Democratic Republic of the Congo;2015;Developing;59,80;258;236;0,00;0,00;81;5020;21,6;308;78;0,00;81;1,1;0,00;0;9,5;9,3;0,00;0,0
Democratic Republic of the Congo;2014;Developing;59,30;266;237;0,01;0,00;8;33711;21,1;312;79;4,33;8;1,1;0,00;0;9,7;9,5;0,00;0,0
Democratic Republic of the Congo;2013;Developing;58,80;272;238;0,01;0,00;74;88381;2,6;314;74;3,89;74;1,2;0,00;0;9,9;9,6;0,00;0,0
Democratic Republic of the Congo;2012;Developing;58,30;277;239;0,01;0,00;75;72029;2,1;317;76;3,77;75;1,5;0,00;0;1,0;9,8;0,00;0,0
Democratic Republic of the Congo;2011;Developing;57,90;278;239;1,82;0,00;74;133802;19,6;319;77;3,53;74;1,6;0,00;0;1,2;1,0;0,00;0,0
Democratic Republic of the Congo;2010;Developing;57,40;283;239;1,81;0,00;6;5407;19,1;321;76;4,40;6;1,6;0,00;0;1,4;1,2;0,00;0,0
Democratic Republic of the Congo;2009;Developing;56,70;292;238;2,13;0,00;72;57;18,6;323;78;5,61;72;1,7;0,00;0;1,6;1,4;0,00;0,0
Democratic Republic of the Congo;2008;Developing;56,30;295;237;2,09;0,00;65;12461;18,2;324;64;4,46;65;1,8;0,00;0;1,8;1,7;0,00;0,0
Democratic Republic of the Congo;2007;Developing;55,70;299;236;1,52;0,00;7;55577;17,8;326;72;3,61;7;1,9;0,00;0;11,1;1,9;0,00;0,0
Democratic Republic of the Congo;2006;Developing;55,00;36;235;1,53;0,00;0;80123;17,3;327;62;3,39;62;2,0;0,00;0;11,3;11,1;0,00;0,0
Democratic Republic of the Congo;2005;Developing;54,30;314;233;1,43;0,00;0;182485;16,9;329;6;3,14;6;2,0;0,00;0;11,5;11,3;0,00;0,0
Democratic Republic of the Congo;2004;Developing;53,50;323;232;1,44;0,00;0;44934;16,5;330;52;3,34;54;2,1;0,00;0;11,7;11,5;0,00;0,0
Democratic Republic of the Congo;2003;Developing;52,80;332;231;1,83;0,00;0;21956;16,1;331;47;3,20;41;2,2;0,00;0;11,9;11,7;0,00;0,0
Democratic Republic of the Congo;2002;Developing;52,10;341;229;1,85;0,00;0;30466;15,7;331;4;2,59;38;2,4;0,00;0;12,1;11,9;0,00;0,0
Democratic Republic of the Congo;2001;Developing;51,80;34;227;1,90;0,00;0;8072;15,3;332;3;2,67;3;2,4;0,00;0;12,2;12,1;0,00;0,0
Democratic Republic of the Congo;2000;Developing;51,30;346;226;1,98;0,00;0;8282;14,9;332;42;1,45;4;2,5;0,00;0;12,4;12,3;0,00;0,0
Denmark;2015;Developed;86,00;71;0;0,00;0,00;0;9;58,8;0;93;0,00;93;0,1;5314,64;5683483;1,1;0,9;0,92;19,2
Denmark;2014;Developed;84,00;73;0;9,64;10468,76;0;27;58,4;0;94;1,80;94;0,1;62425,54;5643475;1,1;0,9;0,93;19,2
Denmark;2013;Developed;81,00;75;0;9,50;10261,76;0;17;58,1;0;94;11,25;94;0,1;61191,19;5614932;1,1;0,9;0,92;18,7
Denmark;2012;Developed;80,00;76;0;9,26;928,42;0;2;57,7;0;94;1,98;94;0,1;5857,52;5591572;1,1;0,9;0,92;18,4
Denmark;2011;Developed;79,70;79;0;10,47;10251,11;0;84;57,4;0;91;1,87;91;0,1;61753,67;557572;1,1;0,9;0,91;16,9
Denmark;2010;Developed;79,20;84;0;10,28;954,49;0;5;57,0;0;9;11,80;9;0,1;5841,41;5547683;1,1;0,9;0,91;16,8
Denmark;2009;Developed;78,90;86;0;10,08;9765,62;0;6;56,6;0;89;11,47;89;0,1;58163,29;552395;1,1;0,9;0,91;16,8
Denmark;2008;Developed;78,80;88;0;10,70;10761,18;0;14;56,3;0;88;1,18;88;0,1;64322,67;5493621;1,1;0,9;0,91;16,8
Denmark;2007;Developed;78,40;93;0;10,99;9703,07;0;2;55,9;0;87;9,99;87;0,1;58487,45;5461438;1,2;0,9;0,90;16,7
Denmark;2006;Developed;78,10;93;0;11,02;850,95;0;27;55,4;0;93;9,92;93;0,1;5226,99;5437272;1,2;0,9;0,90;16,9
Denmark;2005;Developed;78,10;92;0;11,28;7627,41;0;2;55,0;0;93;9,77;93;0,1;48799,82;5419432;1,2;1,0;0,90;16,6
Denmark;2004;Developed;77,70;98;0;11,27;6948,84;0;0;54,4;0;95;9,67;95;0,1;46511,65;544523;1,2;1,0;0,89;16,5
Denmark;2003;Developed;77,30;11;0;11,54;650,98;0;0;53,9;0;96;9,51;96;0,1;4458,78;539574;1,2;1,0;0,88;16,3
Denmark;2002;Developed;77,00;14;0;11,34;4801,55;0;32;53,3;0;98;9,33;98;0,1;33228,69;5375931;1,2;1,0;0,88;16,6
Denmark;2001;Developed;77,00;12;0;11,56;530,48;0;11;52,8;0;97;9,10;97;0,1;3751,65;5358783;1,3;1,0;0,86;16,2
Denmark;2000;Developed;76,90;12;0;11,69;508,75;0;14;52,2;0;97;8,70;97;0,1;3743,56;5339616;1,3;1,0;0,86;16,5
Djibouti;2015;Developing;63,50;241;1;0,00;0,00;84;47;35,0;1;84;0,00;84;2,1;1862,17;927414;5,6;5,4;0,47;6,3
Djibouti;2014;Developing;63,00;252;1;0,38;24,73;78;0;34,4;1;78;1,57;78;2,1;174,92;912164;5,6;5,4;0,47;6,3
Djibouti;2013;Developing;62,70;256;1;0,53;229,44;82;28;33,8;2;82;9,14;82;2,1;1622,64;896688;5,6;5,4;0,46;6,3
Djibouti;2012;Developing;62,20;263;1;0,52;217,21;81;709;33,2;2;81;8,95;81;1,9;1536,16;881185;5,6;5,5;0,46;6,3
Djibouti;2011;Developing;61,80;268;1;0,39;20,36;87;49;32,7;2;87;8,71;87;2,7;143,99;865937;5,6;5,5;0,45;5,9
Djibouti;2010;Developing;61,30;273;1;0,44;187,50;88;7;32,2;2;88;8,84;88;3,1;1326,00;851146;5,6;5,6;0,44;5,5
Djibouti;2009;Developing;69,00;279;1;0,49;177,27;89;48;31,7;2;89;8,37;89;3,2;1253,66;83684;5,7;5,6;0,44;5,3
Djibouti;2008;Developing;62,00;289;1;0,49;171,77;88;143;31,3;2;89;8,50;89;3,3;1214,77;822934;5,7;5,6;0,43;5,0
Djibouti;2007;Developing;59,80;296;1;0,45;20,87;25;24;3,9;2;88;7,72;88;3,5;147,59;8942;5,8;5,7;0,42;4,5
Djibouti;2006;Developing;59,10;39;2;1,02;121,48;0;49;3,6;2;72;7,50;72;3,7;965,67;79628;5,8;5,7;0,41;4,3
Djibouti;2005;Developing;58,60;318;2;1,23;12,70;0;298;3,2;2;71;7,21;71;3,9;94,73;783254;5,9;5,8;0,40;4,0
Djibouti;2004;Developing;58,10;326;2;1,18;106,04;0;71;29,8;2;64;6,76;64;4,0;864,18;77752;6,0;5,9;0,39;3,7
Djibouti;2003;Developing;58,00;325;2;1,02;94,13;0;37;29,4;2;68;6,22;68;4,2;819,97;758615;6,1;5,9;0,38;3,5
Djibouti;2002;Developing;57,90;322;2;1,03;13,47;0;50;29,0;2;62;5,45;62;4,3;792,15;746221;6,2;6,0;0,37;3,3
Djibouti;2001;Developing;57,70;323;2;0,95;92,50;0;79;28,6;2;49;5,37;53;4,3;781,23;732711;6,3;6,1;0,36;2,9
Djibouti;2000;Developing;57,40;325;2;1,34;91,95;0;183;28,2;2;46;5,75;46;4,1;768,18;717584;6,4;6,1;0,36;2,9
Dominica;2013;Developing;0,00;0;0;0,01;11,42;96;0;58,4;0;96;5,58;96;0,1;722,76;0;2,7;2,6;0,72;12,7
Dominican Republic;2015;Developing;73,90;152;6;0,00;0,00;81;0;58,9;7;87;0,00;85;0,3;6468,47;1528394;3,3;3,2;0,72;13,2
Dominican Republic;2014;Developing;73,60;154;6;5,92;1088,24;89;0;57,9;7;9;4,38;91;0,3;6268,69;145844;3,3;3,2;0,71;13,2
Dominican Republic;2013;Developing;73,40;157;6;5,93;97,52;8;0;56,8;7;82;4,12;83;0,3;627,56;1281296;3,3;3,2;0,71;13,2
Dominican Republic;2012;Developing;72,10;174;6;5,93;857,13;74;0;55,8;7;85;4,26;85;0,4;5968,88;115495;3,3;3,2;0,71;13,1
Dominican Republic;2011;Developing;73,10;16;6;5,91;843,79;8;2;54,7;7;84;4,22;84;0,7;5759,64;12795;3,3;3,2;0,70;13,0
Dominican Republic;2010;Developing;72,70;166;6;6,02;664,56;83;0;53,6;8;85;4,60;88;0,9;5451,67;9897985;3,3;3,3;0,70;12,9
Dominican Republic;2009;Developing;73,60;157;6;6,05;587,88;8;0;52,6;8;85;4,41;82;1,2;4952,68;9767758;3,4;3,3;0,70;12,9
Dominican Republic;2008;Developing;73,30;161;6;6,12;49,09;81;0;51,5;8;86;4,20;82;1,4;511,38;963652;3,4;3,3;0,69;12,8
Dominican Republic;2007;Developing;72,90;164;6;6,05;74,82;81;0;5,4;8;86;4,34;85;1,6;4647,31;954353;3,4;3,4;0,69;12,7
Dominican Republic;2006;Developing;72,30;178;7;6,20;352,96;84;0;49,3;8;88;4,34;89;1,8;3836,47;9371338;3,5;3,4;0,68;12,6
Dominican Republic;2005;Developing;69,70;28;7;5,71;289,74;87;0;48,2;8;86;4,26;87;2,0;3681,60;9237566;3,5;3,4;0,67;12,6
Dominican Republic;2004;Developing;69,30;214;7;5,16;182,62;82;0;47,2;8;66;4,28;79;2,1;2421,97;912998;3,6;3,5;0,67;12,5
Dominican Republic;2003;Developing;73,00;22;7;6,32;293,02;79;0;46,1;8;65;5,53;79;2,3;2372,63;896776;3,6;3,5;0,67;12,4
Dominican Republic;2002;Developing;71,40;189;7;6,43;4,67;63;0;45,1;8;74;5,79;82;2,4;38,47;8832285;3,7;3,6;0,66;12,3
Dominican Republic;2001;Developing;71,20;188;7;6,13;340,02;66;113;44,1;9;71;5,59;72;2,5;2862,15;8697126;3,8;3,6;0,66;12,3
Dominican Republic;2000;Developing;72,00;176;7;6,58;44,79;68;253;43,1;9;71;5,90;78;2,5;282,42;8562622;3,8;3,7;0,65;12,2
Ecuador;2015;Developing;76,20;118;6;0,00;0,00;78;0;54,2;7;84;0,00;78;0,1;625,62;16144368;1,2;1,1;0,74;14,0
Ecuador;2014;Developing;76,00;121;6;3,82;79,12;83;0;53,5;7;84;9,16;83;0,1;6432,22;1593112;1,2;1,1;0,74;14,0
Ecuador;2013;Developing;76,00;121;6;3,77;59,13;87;0;52,8;8;87;7,29;87;0,1;674,98;15661547;1,3;1,1;0,73;13,4
Ecuador;2012;Developing;75,50;127;7;3,92;41,88;88;72;52,1;8;85;6,48;87;0,1;572,14;15419666;1,3;1,2;0,72;13,3
Ecuador;2011;Developing;75,30;131;7;3,99;344,74;88;257;51,4;8;85;5,92;88;0,1;5223,35;15177355;1,3;1,2;0,71;13,2
Ecuador;2010;Developing;75,00;134;7;3,95;367,93;9;0;5,7;8;88;5,90;91;0,1;4657,32;1493469;1,3;1,2;0,70;13,1
Ecuador;2009;Developing;75,10;137;7;3,87;282,14;91;0;5,0;8;91;5,58;94;0,1;4255,57;14691275;1,3;1,2;0,70;13,1
Ecuador;2008;Developing;74,60;139;7;3,76;197,93;93;1;49,3;9;94;5,66;96;0,1;4274,95;14447562;1,3;1,2;0,70;13,0
Ecuador;2007;Developing;74,70;14;7;3,63;19,60;94;0;48,6;9;95;5,94;96;0,2;359,72;1425453;1,4;1,3;0,70;12,9
Ecuador;2006;Developing;74,40;144;8;3,52;19,14;96;0;47,9;9;92;5,86;96;0,3;335,79;1396748;1,4;1,3;0,69;12,8
Ecuador;2005;Developing;74,20;151;8;3,54;18,09;92;0;47,2;9;89;5,87;92;0,3;321,94;13735233;1,4;1,3;0,69;12,8
Ecuador;2004;Developing;74,40;148;8;3,65;16,38;88;0;46,5;9;9;6,22;88;0,3;278,56;1359647;1,5;1,3;0,68;12,7
Ecuador;2003;Developing;74,40;151;8;3,69;18,26;82;0;45,8;10;97;6,46;87;0,3;244,47;1328961;1,5;1,4;0,68;12,6
Ecuador;2002;Developing;73,60;157;8;3,88;187,38;75;0;45,1;10;88;4,62;88;0,3;2183,97;13726;1,5;1,4;0,68;12,5
Ecuador;2001;Developing;73,40;158;9;4,13;14,59;69;2;44,3;10;9;3,86;89;0,3;193,74;12852755;1,6;1,5;0,67;12,4
Ecuador;2000;Developing;72,80;163;9;3,99;84,18;36;0;43,6;11;83;3,38;87;0,3;1451,30;12628596;1,6;1,5;0,67;12,4
Egypt;2015;Developing;79,00;159;51;0,00;0,00;93;5432;61,1;60;93;0,00;93;0,1;0,00;0;2,8;2,8;0,69;13,1
Egypt;2014;Developing;78,00;161;53;0,21;0,00;94;1314;6,2;62;94;5,64;94;0,1;0,00;0;2,8;2,8;0,69;13,1
Egypt;2013;Developing;79,00;159;54;0,21;0,00;97;405;59,4;63;97;5,46;97;0,1;0,00;0;2,9;2,8;0,68;12,8
Egypt;2012;Developing;72,00;165;54;0,23;0,00;93;245;58,6;64;93;5,29;93;0,1;0,00;0;2,9;2,8;0,67;12,4
Egypt;2011;Developing;74,00;168;55;0,22;0,00;96;26;57,8;64;96;5,40;96;0,1;0,00;0;2,9;2,9;0,67;12,4
Egypt;2010;Developing;70,00;173;54;0,22;0,00;97;16;57,0;64;97;4,80;97;0,1;0,00;0;3,0;2,9;0,67;12,2
Egypt;2009;Developing;69,90;174;54;0,21;0,00;97;608;56,2;64;97;5,10;97;0,1;0,00;0;3,0;3,0;0,66;12,0
Egypt;2008;Developing;69,80;172;54;0,24;0,00;97;668;55,5;65;97;4,82;97;0,1;0,00;0;3,1;3,0;0,65;11,9
Egypt;2007;Developing;69,70;171;55;0,21;0,00;98;1684;54,8;65;98;4,95;98;0,1;0,00;0;3,1;3,1;0,64;11,7
Egypt;2006;Developing;69,50;175;55;0,18;0,00;98;953;54,2;66;98;5,24;98;0,1;0,00;0;3,2;3,1;0,64;11,5
Egypt;2005;Developing;69,40;174;56;0,16;0,00;98;77;53,5;68;98;5,60;98;0,1;0,00;0;3,2;3,2;0,63;11,4
Egypt;2004;Developing;69,00;176;57;0,16;0,00;97;80;52,9;70;97;5,21;97;0,1;0,00;0;3,3;3,2;0,62;11,2
Egypt;2003;Developing;68,60;178;59;0,15;0,00;98;164;52,3;72;98;5,41;98;0,1;0,00;0;3,3;3,3;0,62;11,3
Egypt;2002;Developing;68,70;177;61;0,15;0,00;97;653;51,8;75;97;5,97;97;0,1;0,00;0;3,4;3,4;0,62;11,2
Egypt;2001;Developing;68,60;177;63;0,14;0,00;99;2150;51,2;78;99;5,75;99;0,1;0,00;0;3,5;3,4;0,61;11,1
Egypt;2000;Developing;68,80;171;65;0,14;0,00;98;2633;5,7;82;98;5,55;98;0,1;0,00;0;3,6;3,5;0,61;11,0
El Salvador;2015;Developing;73,50;178;2;0,00;0,00;91;0;56,1;2;92;0,00;91;0,2;4127,12;6312478;1,6;1,5;0,68;13,2
El Salvador;2014;Developing;73,30;181;2;2,52;665,73;93;0;55,4;2;93;6,77;94;0,2;3988,77;6281189;1,6;1,6;0,68;13,2
El Salvador;2013;Developing;73,00;184;2;2,42;653,69;92;0;54,7;2;92;6,95;92;0,2;3895,66;625777;1,6;1,6;0,68;13,2
El Salvador;2012;Developing;73,00;181;2;2,48;591,78;92;0;54,1;2;93;6,70;92;0,3;3827,79;6221246;1,6;1,6;0,67;13,2
El Salvador;2011;Developing;72,00;197;2;2,37;549,28;89;0;53,4;2;9;6,81;89;0,3;3736,59;619256;1,7;1,6;0,67;13,0
El Salvador;2010;Developing;72,00;191;2;2,36;469,39;89;0;52,8;2;89;6,91;89;0,3;3474,39;6164626;1,7;1,6;0,66;12,9
El Salvador;2009;Developing;71,40;23;2;2,55;416,43;91;0;52,1;2;91;6,83;91;0,3;3366,48;6137276;1,7;1,6;0,66;12,8
El Salvador;2008;Developing;71,70;194;2;2,68;53,96;98;0;51,4;3;98;6,21;98;0,3;357,35;61131;1,8;1,7;0,66;13,4
El Salvador;2007;Developing;71,20;23;2;2,83;52,30;99;0;5,8;3;99;6,32;99;0,3;334,84;683475;1,8;1,7;0,66;12,9
El Salvador;2006;Developing;75,00;211;3;2,77;57,75;96;0;5,1;3;96;6,68;96;0,2;362,95;656478;1,8;1,7;0,65;12,9
El Salvador;2005;Developing;71,00;213;3;2,77;440,60;89;0;49,4;3;89;7,19;89;0,2;2835,28;628961;1,9;1,8;0,64;12,7
El Salvador;2004;Developing;70,00;215;3;2,90;398,61;9;0;48,6;3;9;7,30;9;0,3;2632,80;6775;1,9;1,8;0,64;12,4
El Salvador;2003;Developing;69,90;29;3;3,10;400,13;94;0;47,8;4;93;7,61;94;0,3;2519,74;5971535;2,0;1,9;0,63;12,0
El Salvador;2002;Developing;73,00;24;3;2,97;29,69;81;0;47,0;4;81;7,90;81;0,4;248,41;59433;2,0;1,9;0,62;11,8
El Salvador;2001;Developing;68,90;219;4;2,88;332,11;75;2;46,2;4;94;8,20;92;0,4;2338,77;595962;2,1;2,0;0,62;11,6
El Salvador;2000;Developing;69,00;218;4;2,79;353,67;99;0;45,3;5;98;8,17;99;0,4;2238,41;5867626;2,1;2,0;0,61;11,3
Equatorial Guinea;2015;Developing;58,20;32;3;0,00;0,00;16;1250;24,5;4;17;0,00;16;4,2;1347,31;1175389;8,4;8,3;0,58;9,2
Equatorial Guinea;2014;Developing;57,90;32;3;0,01;13,40;2;13;24,0;4;24;3,80;2;4,4;192,60;1129424;8,5;8,4;0,58;9,2
Equatorial Guinea;2013;Developing;57,40;327;3;10,72;156,39;0;321;23,5;4;3;3,73;3;5,7;2246,99;183746;8,6;8,6;0,59;9,2
Equatorial Guinea;2012;Developing;56,70;337;3;11,89;1500,41;0;1190;23,0;4;3;4,00;24;8,2;21557,65;138593;8,7;8,7;0,58;9,2
Equatorial Guinea;2011;Developing;56,20;344;3;10,99;1493,05;0;0;22,6;4;39;3,29;41;7,7;21451,89;99429;8,9;8,8;0,58;9,2
Equatorial Guinea;2010;Developing;56,10;339;3;9,93;1192,70;0;0;22,1;4;59;3,84;44;7,2;17136,45;95114;9,0;9,0;0,59;9,2
Equatorial Guinea;2009;Developing;55,70;34;3;7,97;115,07;0;78;21,7;4;57;5,32;43;7,3;1653,29;99111;9,2;9,2;0,59;9,1
Equatorial Guinea;2008;Developing;55,40;338;3;8,34;1705,68;0;436;21,3;4;55;2,31;42;6,3;22742,38;868418;9,3;9,3;0,59;9,1
Equatorial Guinea;2007;Developing;55,00;339;3;6,86;1024,52;0;5;2,9;4;54;2,25;41;5,9;15761,84;829327;9,5;9,5;0,59;9,0
Equatorial Guinea;2006;Developing;54,80;337;3;7,28;827,60;0;0;2,5;4;52;2,13;4;5,3;12732,28;792217;9,7;9,6;0,57;9,0
Equatorial Guinea;2005;Developing;54,40;337;3;7,19;12,07;0;0;2,2;4;5;1,63;39;4,9;185,63;757317;9,8;9,8;0,56;8,7
Equatorial Guinea;2004;Developing;54,10;336;3;6,28;44,55;0;38;19,8;4;48;2,40;38;4,4;685,35;724817;1,0;1,0;0,55;8,5
Equatorial Guinea;2003;Developing;53,80;334;3;7,13;309,78;0;18;19,5;4;46;2,23;37;3,6;3577,18;694611;1,2;1,1;0,55;8,4
Equatorial Guinea;2002;Developing;53,50;334;3;6,01;234,79;0;24;19,1;4;44;2,50;36;2,9;2711,17;66647;1,4;1,3;0,54;8,2
Equatorial Guinea;2001;Developing;53,10;334;3;5,07;197,78;0;1339;18,7;4;43;1,78;35;2,3;2283,88;639762;1,6;1,4;0,53;8,0
Equatorial Guinea;2000;Developing;52,70;336;3;4,46;14,95;0;0;18,3;4;41;2,73;34;1,9;172,68;614323;1,7;1,6;0,00;0,0
Eritrea;2015;Developing;64,70;255;5;0,00;0,00;95;198;18,6;7;95;0,00;95;0,4;0,00;0;8,4;8,2;0,42;5,0
Eritrea;2014;Developing;64,40;261;5;0,01;0,00;94;127;18,0;8;94;3,34;94;0,4;0,00;0;8,5;8,3;0,42;5,0
Eritrea;2013;Developing;64,00;266;6;0,01;0,00;94;45;17,5;8;94;3,10;94;0,5;0,00;0;8,6;8,4;0,41;5,0
Eritrea;2012;Developing;63,60;274;6;0,01;0,00;94;194;17,0;8;94;2,98;94;0,6;0,00;0;8,7;8,6;0,41;5,0
Eritrea;2011;Developing;62,90;286;6;0,62;20,98;96;48;16,5;8;96;3,60;96;0,7;582,78;447469;8,8;8,7;0,41;5,0
Eritrea;2010;Developing;62,10;298;6;0,61;17,36;9;51;16,0;9;9;3,24;9;0,9;482,15;43984;8,9;8,8;0,40;5,1
Eritrea;2009;Developing;61,40;311;6;0,63;1,58;92;82;15,5;9;92;3,30;92;1,0;43,75;431334;9,0;8,9;0,40;5,2
Eritrea;2008;Developing;67,00;322;6;0,49;11,77;94;0;15,1;9;94;3,69;94;1,1;326,83;4232636;9,1;9,1;0,41;5,2
Eritrea;2007;Developing;62,00;329;6;1,23;11,42;91;55;14,7;9;91;3,29;91;1,3;317,33;4153332;9,2;9,2;0,41;5,3
Eritrea;2006;Developing;59,70;336;7;0,97;10,60;94;128;14,3;9;94;3,30;94;1,4;297,83;466648;9,3;9,3;0,41;5,3
Eritrea;2005;Developing;59,40;34;7;1,07;5,06;96;19;13,9;9;96;2,97;96;1,6;276,76;39697;9,4;9,5;0,00;5,4
Eritrea;2004;Developing;59,10;342;7;0,64;10,26;84;24;13,6;10;98;3,14;98;1,8;287,42;3858623;9,6;9,6;0,00;5,0
Eritrea;2003;Developing;58,80;343;7;0,56;6,91;91;376;13,3;10;95;3,50;93;1,9;232,79;3738265;9,7;9,7;0,00;4,7
Eritrea;2002;Developing;58,50;343;7;0,83;0,70;86;460;13,1;10;92;4,20;9;1,9;21,77;3614639;9,9;9,9;0,00;4,4
Eritrea;2001;Developing;58,10;345;7;0,61;5,59;0;204;12,8;10;89;3,95;86;2,0;215,14;3497124;1,0;1,0;0,00;4,3
Eritrea;2000;Developing;45,30;593;7;0,83;0,74;0;789;12,6;10;82;4,43;81;1,9;28,20;339281;1,2;1,1;0,00;3,9
Estonia;2015;Developing;77,60;119;0;0,00;0,00;91;4;59,9;0;93;0,00;93;0,1;1774,93;131547;1,9;1,9;0,86;16,5
Estonia;2014;Developing;77,30;122;0;0,01;2700,07;93;0;59,4;0;93;6,38;93;0,1;19941,46;1314545;1,9;1,9;0,86;16,5
Estonia;2013;Developing;76,90;127;0;0,01;261,29;93;2;59,0;0;94;6,48;94;0,1;1929,77;1317997;1,9;1,9;0,86;16,5
Estonia;2012;Developing;76,30;135;0;0,01;2263,10;94;4;58,5;0;94;6,36;94;0,1;17421,89;1322696;1,9;1,9;0,85;16,5
Estonia;2011;Developing;76,10;138;0;0,01;2146,95;94;7;58,0;0;93;5,83;93;0,1;17454,84;1327439;1,9;2,0;0,84;16,4
Estonia;2010;Developing;75,60;137;0;14,97;1802,02;94;0;57,6;0;94;6,25;94;0,1;14638,65;1331475;1,9;2,0;0,83;16,2
Estonia;2009;Developing;74,90;156;0;15,04;1717,09;95;0;57,1;0;95;6,93;95;0,1;14726,32;1334515;2,0;2,0;0,84;16,1
Estonia;2008;Developing;74,20;167;0;16,99;225,07;94;0;56,7;0;95;6,60;95;0,1;1894,55;13379;2,0;2,1;0,84;16,1
Estonia;2007;Developing;73,00;189;0;17,87;1904,12;95;1;56,3;0;95;5,16;95;0,1;16586,45;13468;2,0;2,1;0,83;16,1
Estonia;2006;Developing;73,00;188;0;16,58;244,35;95;27;55,9;0;95;5,10;95;0,1;12595,42;134681;2,1;2,2;0,82;16,1
Estonia;2005;Developing;72,80;189;0;15,52;153,50;95;2;55,5;0;96;5,20;96;0,1;1338,31;1354775;2,1;2,2;0,81;15,9
Estonia;2004;Developing;72,30;195;0;15,07;101,12;9;0;55,2;0;95;5,13;94;0,1;885,47;136255;2,2;2,3;0,81;15,7
Estonia;2003;Developing;71,90;199;0;11,64;132,72;0;0;54,9;0;95;4,92;94;0,1;7174,24;13772;2,2;2,3;0,80;15,6
Estonia;2002;Developing;71,20;211;0;11,48;7,81;0;0;54,6;0;94;4,84;94;0,1;538,35;137935;2,3;2,4;0,79;15,4
Estonia;2001;Developing;78,00;225;0;0,01;88,63;0;0;54,3;0;94;4,85;94;0,1;4498,96;1388115;2,4;2,5;0,78;15,0
Estonia;2000;Developing;78,00;218;0;0,01;5,35;0;9;54,0;0;93;5,28;93;0,1;47,33;1396985;2,5;2,5;0,76;14,4
Ethiopia;2015;Developing;64,80;225;136;0,00;0,00;77;17745;17,6;194;75;0,00;77;0,6;645,46;9987333;1,4;1,2;0,44;8,4
Ethiopia;2014;Developing;64,20;234;140;0,01;89,96;77;12739;17,2;202;75;4,88;77;0,6;571,16;97366774;1,5;1,3;0,44;8,4
Ethiopia;2013;Developing;63,70;237;145;1,86;8,31;72;5253;16,8;211;7;5,19;72;0,9;52,15;94887724;1,6;1,4;0,43;8,4
Ethiopia;2012;Developing;63,30;241;150;1,84;86,83;69;4347;16,4;221;7;5,77;69;1,2;468,57;92444183;1,7;1,5;0,42;8,4
Ethiopia;2011;Developing;62,60;249;156;1,32;67,78;65;3255;16,0;231;7;6,55;65;1,4;354,85;946756;1,9;1,6;0,41;8,2
Ethiopia;2010;Developing;61,80;261;162;1,34;67,73;62;4235;15,6;243;69;6,86;61;1,7;341,40;877267;11,0;1,7;0,40;8,1
Ethiopia;2009;Developing;68,00;274;169;1,17;53,77;56;1176;15,3;256;65;4,41;58;2,0;379,76;85416253;11,1;1,8;0,39;8,1
Ethiopia;2008;Developing;59,80;289;177;1,13;38,56;52;3511;14,9;270;63;4,28;54;2,4;325,38;83184892;11,2;1,9;0,38;7,6
Ethiopia;2007;Developing;58,50;39;186;1,06;30,46;47;1446;14,5;286;61;4,69;5;2,8;243,33;8149;11,3;11,0;0,36;7,1
Ethiopia;2006;Developing;57,20;328;196;1,22;22,19;0;1451;14,2;304;59;4,47;46;3,3;193,79;7885689;11,4;11,1;0,35;6,6
Ethiopia;2005;Developing;56,00;343;206;0,99;18,04;0;357;13,8;323;56;4,20;44;3,7;161,63;7672783;11,5;11,2;0,33;5,8
Ethiopia;2004;Developing;55,00;354;217;0,86;1,51;0;73;13,5;342;54;4,23;4;4,1;135,76;7462445;11,5;11,3;0,31;5,4
Ethiopia;2003;Developing;54,00;363;228;0,79;10,97;0;228;13,2;360;55;4,64;37;4,4;118,87;72545144;11,6;11,5;0,31;5,2
Ethiopia;2002;Developing;53,20;369;237;0,80;10,82;0;3332;12,9;377;55;4,73;35;4,6;111,36;7497192;11,7;11,6;0,30;4,9
Ethiopia;2001;Developing;52,50;372;246;0,85;1,19;0;2366;12,6;392;55;4,26;32;4,9;12,18;68492257;11,8;11,7;0,28;4,3
Ethiopia;2000;Developing;51,20;391;253;0,88;11,59;0;1660;12,3;404;55;4,36;3;5,0;123,88;66537331;11,9;11,8;0,00;3,9
Fiji;2015;Developing;69,90;188;0;0,00;0,00;99;0;62,7;0;99;0,00;99;0,1;4921,90;892149;4,0;3,7;0,73;15,3
Fiji;2014;Developing;69,70;19;0;0,01;50,54;99;0;61,9;0;99;4,49;99;0,1;546,37;88586;4,0;3,7;0,73;15,2
Fiji;2013;Developing;69,60;192;0;0,01;460,65;99;0;61,1;0;99;4,26;99;0,1;4763,69;879715;4,0;3,7;0,72;15,0
Fiji;2012;Developing;69,40;195;0;0,01;431,49;99;0;6,2;0;99;4,16;99;0,1;4546,74;873596;4,0;3,7;0,71;14,9
Fiji;2011;Developing;69,20;197;0;0,01;401,79;99;0;59,5;0;99;4,60;99;0,1;4353,12;86786;4,0;3,7;0,71;14,7
Fiji;2010;Developing;69,10;2;0;2,25;62,08;99;0;58,7;0;99;4,23;99;0,1;3651,97;85995;4,0;3,7;0,71;14,6
Fiji;2009;Developing;68,90;23;0;2,31;60,65;99;1;58,0;0;99;4,26;99;0,1;3369,48;851967;4,0;3,7;0,70;14,5
Fiji;2008;Developing;68,70;26;0;1,95;81,05;99;0;57,3;0;99;3,68;99;0,1;4177,66;84334;4,0;3,7;0,70;14,3
Fiji;2007;Developing;68,60;29;0;2,09;5,89;99;0;56,6;0;99;3,74;99;0,1;478,82;834812;4,1;3,8;0,70;14,2
Fiji;2006;Developing;68,50;211;0;2,06;52,12;99;136;55,9;0;98;3,84;98;0,1;3749,94;827411;4,1;3,8;0,70;14,0
Fiji;2005;Developing;68,30;214;0;2,02;64,39;99;0;55,1;0;97;3,61;96;0,1;3658,64;821817;4,1;3,8;0,70;13,9
Fiji;2004;Developing;68,10;218;0;1,63;43,99;99;37;54,2;0;96;3,61;95;0,1;3332,92;818354;4,2;3,9;0,69;13,4
Fiji;2003;Developing;68,00;22;0;1,76;253,82;99;305;53,2;0;95;3,35;94;0,1;2835,97;816628;4,2;3,9;0,69;13,3
Fiji;2002;Developing;67,90;22;0;1,85;206,07;99;304;52,2;0;94;3,48;93;0,1;2259,56;815691;4,2;3,9;0,69;13,3
Fiji;2001;Developing;67,80;221;0;1,93;20,71;98;17;51,2;0;92;3,28;91;0,1;238,89;814218;4,3;4,0;0,68;13,2
Fiji;2000;Developing;67,70;221;0;2,05;31,26;98;0;5,2;0;91;3,87;9;0,1;276,13;811223;4,3;4,0;0,68;13,1
Finland;2015;Developing;81,10;76;0;0,00;0,00;0;2;62,1;0;97;0,00;97;0,1;4245,40;5479531;0,9;0,8;0,89;17,0
Finland;2014;Developing;89,00;78;0;8,80;6164,46;0;0;61,7;0;98;9,68;98;0,1;49914,62;5461512;0,9;0,8;0,89;17,0
Finland;2013;Developing;87,00;79;0;8,97;6115,50;0;2;61,4;0;98;9,55;98;0,1;49638,77;5438972;0,9;0,8;0,89;17,0
Finland;2012;Developing;84,00;82;0;9,24;5889,01;0;0;61,0;0;99;9,30;99;0,1;47415,56;5413971;0,9;0,8;0,88;17,0
Finland;2011;Developing;83,00;86;0;9,81;71,02;0;27;6,6;0;99;9,10;99;0,1;579,72;5388272;0,9;0,8;0,88;16,9
Finland;2010;Developing;79,90;89;0;9,72;591,67;0;5;6,2;0;99;9,50;99;0,1;4622,42;5363352;0,9;0,8;0,87;16,8
Finland;2009;Developing;79,70;91;0;9,96;579,74;0;2;59,8;0;99;9,20;99;0,1;4717,16;5338871;0,9;0,8;0,88;17,0
Finland;2008;Developing;79,60;94;0;10,26;678,88;0;5;59,4;0;97;8,35;99;0,1;5341,31;5313399;0,9;0,8;0,88;17,1
Finland;2007;Developing;79,30;96;0;10,45;6147,13;0;0;59,0;0;97;8,90;99;0,1;48288,55;528872;0,9;0,8;0,87;17,2
Finland;2006;Developing;79,20;96;0;10,15;524,78;0;0;58,6;0;97;8,38;97;0,1;4112,68;5266268;0,9;0,8;0,87;17,2
Finland;2005;Developing;78,90;11;0;9,95;4816,59;0;1;58,1;0;97;8,43;97;0,1;38969,17;524696;0,9;0,8;0,86;17,1
Finland;2004;Developing;78,70;12;0;9,89;4508,81;0;0;57,6;0;96;8,21;98;0,1;37636,11;5228172;0,9;0,8;0,87;18,3
Finland;2003;Developing;78,40;98;0;9,31;3869,03;0;0;57,1;0;96;8,15;98;0,1;32816,17;521314;0,9;0,8;0,87;18,1
Finland;2002;Developing;78,10;98;0;9,25;3099,36;0;0;56,6;0;95;7,81;98;0,1;26834,26;52598;0,9;0,8;0,86;18,0
Finland;2001;Developing;78,00;1;0;8,94;2775,34;0;1;56,1;0;95;7,43;98;0,1;24913,24;51888;0,9;0,8;0,86;17,7
Finland;2000;Developing;77,50;15;0;8,59;397,75;0;0;55,5;0;96;7,22;99;0,1;24253,25;517629;0,9;0,9;0,85;17,3
France;2015;Developing;82,40;78;2;0,00;0,00;86;157;62,5;3;98;0,00;98;0,1;36526,77;6662468;0,7;0,6;0,89;16,3
France;2014;Developing;82,20;79;3;11,50;6739,68;83;267;62,0;3;98;11,54;98;0,1;42955,24;66331957;0,6;0,6;0,89;16,2
France;2013;Developing;82,00;81;3;11,10;6646,95;74;272;61,6;3;99;11,56;99;0,1;42554,12;6599857;0,6;0,6;0,89;16,2
France;2012;Developing;81,50;83;3;11,50;751,38;78;0;61,1;3;99;11,44;99;0,1;4838,24;6565979;0,6;0,6;0,89;16,1
France;2011;Developing;81,70;83;3;11,80;683,92;74;14949;6,6;3;99;11,33;99;0,1;4381,29;65342776;0,6;0,6;0,88;16,1
France;2010;Developing;81,30;86;3;11,70;72,80;65;5048;6,1;3;99;11,20;99;0,1;473,34;6527512;0,6;0,6;0,88;16,0
France;2009;Developing;81,10;88;3;11,80;6415,36;51;1541;59,6;3;98;11,28;98;0,1;41631,13;647744;0,6;0,6;0,88;16,0
France;2008;Developing;89,00;88;3;11,90;7002,79;47;604;59,1;3;98;1,57;98;0,1;45413,66;6437499;0,6;0,6;0,88;16,1
France;2007;Developing;89,00;89;3;12,20;64,74;42;39;58,6;3;99;1,45;98;0,1;416,58;6416229;0,6;0,6;0,87;16,1
France;2006;Developing;86,00;92;3;12,40;5689,99;39;40;58,0;4;99;1,53;99;0,1;36544,59;63621376;0,6;0,6;0,87;16,1
France;2005;Developing;81,00;93;3;12,20;5451,70;35;36;57,5;4;98;1,60;98;0,1;34879,73;63179356;0,6;0,6;0,86;15,5
France;2004;Developing;82,00;94;3;13,18;5291,23;35;4448;57,0;4;99;1,53;98;0,1;33874,74;6274897;0,6;0,6;0,86;15,5
France;2003;Developing;79,30;99;3;13,49;4572,44;28;0;56,4;4;96;1,43;97;0,1;29691,18;62244884;0,6;0,6;0,85;15,4
France;2002;Developing;79,20;11;3;13,78;3779,66;29;5185;55,8;4;97;1,22;97;0,1;24275,24;6185267;0,7;0,6;0,85;15,5
France;2001;Developing;79,00;13;3;13,89;3451,19;28;0;55,2;4;98;9,89;97;0,1;22527,32;61357431;0,7;0,6;0,85;15,6
France;2000;Developing;78,80;13;3;13,63;3410,28;26;10000;54,6;4;98;9,77;97;0,1;22465,64;6912498;0,7;0,6;0,84;15,7
Gabon;2015;Developing;66,00;229;2;0,00;0,00;8;27;36,3;3;79;0,00;8;2,7;7388,98;193175;6,1;5,9;0,69;12,6
Gabon;2014;Developing;65,50;237;2;0,01;715,28;7;33;35,8;3;68;3,44;7;2,8;9692,16;1875713;6,1;6,0;0,69;12,6
Gabon;2013;Developing;64,60;255;2;8,86;154,88;79;122;35,2;3;77;3,98;79;3,7;9679,74;1817271;6,2;6,1;0,68;12,5
Gabon;2012;Developing;63,50;276;2;8,30;805,39;82;2;34,6;3;8;3,13;82;4,9;9774,18;1756817;6,3;6,2;0,67;12,5
Gabon;2011;Developing;62,80;289;2;8,90;133,52;75;2;34,1;3;75;3,12;75;6,0;1716,23;169711;6,4;6,3;0,66;12,5
Gabon;2010;Developing;62,30;294;2;8,85;145,32;67;1;33,5;3;68;3,41;67;7,0;8754,11;16421;6,5;6,4;0,66;12,5
Gabon;2009;Developing;61,70;31;2;8,64;52,31;79;0;33,0;3;74;3,43;76;8,0;763,66;1586754;6,7;6,5;0,65;12,4
Gabon;2008;Developing;61,60;298;2;8,75;11,05;82;3;32,4;3;81;2,54;82;8,9;194,27;1536411;6,8;6,6;0,65;12,4
Gabon;2007;Developing;61,60;291;2;9,02;545,44;75;0;31,9;3;78;2,86;81;10,0;8352,82;1489193;6,9;6,8;0,65;12,4
Gabon;2006;Developing;61,40;288;2;8,01;40,54;52;90;31,4;3;44;2,88;45;10,7;727,78;1444844;7,1;6,9;0,65;12,4
Gabon;2005;Developing;65,00;37;2;7,72;353,24;28;0;3,8;3;44;2,76;45;10,9;6741,29;143126;7,2;7,1;0,64;12,4
Gabon;2004;Developing;59,70;322;2;8,13;443,48;0;63;3,3;3;44;3,26;45;11,1;5685,58;136425;7,4;7,2;0,64;12,3
Gabon;2003;Developing;59,70;32;2;6,47;352,23;0;0;29,8;3;44;3,48;45;11,0;4892,12;1328146;7,5;7,4;0,64;12,3
Gabon;2002;Developing;59,70;315;2;8,34;22,69;0;110;29,2;3;44;3,22;45;10,7;412,55;129449;7,7;7,5;0,64;12,3
Gabon;2001;Developing;59,80;37;2;9,29;183,70;0;5129;28,7;3;44;3,23;45;10,1;3976,15;1262259;7,8;7,7;0,63;12,3
Gabon;2000;Developing;61,00;296;2;8,87;218,17;0;15;28,1;3;44;2,89;45;9,5;4116,47;1231122;8,0;7,8;0,64;12,2
Gambia;2015;Developing;61,10;262;3;0,00;0,00;97;71;27,3;5;96;0,00;97;1,7;0,00;0;7,3;7,2;0,45;8,9
Gambia;2014;Developing;68,00;266;3;0,01;0,00;96;1;26,7;5;97;7,34;96;1,7;0,00;0;7,5;7,3;0,45;8,9
Gambia;2013;Developing;66,00;266;3;0,01;0,00;97;0;26,0;5;96;6,49;97;1,6;0,00;0;7,6;7,5;0,45;8,9
Gambia;2012;Developing;62,00;269;3;0,01;0,00;98;0;25,4;5;98;6,12;98;1,4;0,00;0;7,8;7,7;0,44;8,8
Gambia;2011;Developing;59,80;277;3;3,41;0,00;96;0;24,8;5;95;6,24;96;1,8;0,00;0;8,0;7,9;0,44;8,7
Gambia;2010;Developing;59,30;284;3;3,48;0,00;97;2;24,1;6;97;5,75;97;2,1;0,00;0;8,2;8,1;0,44;8,8
Gambia;2009;Developing;59,00;286;3;2,99;0,00;97;0;23,5;6;97;5,85;98;2,7;0,00;0;8,4;8,3;0,43;8,9
Gambia;2008;Developing;58,70;287;3;2,79;0,00;98;0;22,8;6;96;5,95;96;3,0;0,00;0;8,6;8,5;0,43;8,6
Gambia;2007;Developing;58,50;288;3;2,64;0,00;97;0;22,2;6;94;5,76;95;3,1;0,00;0;8,8;8,7;0,42;8,4
Gambia;2006;Developing;58,20;288;3;2,93;0,00;95;0;21,5;6;94;5,52;95;3,0;0,00;0;9,0;8,9;0,42;8,1
Gambia;2005;Developing;57,70;294;3;2,26;0,00;95;0;2,9;6;94;4,97;95;3,0;0,00;0;9,2;9,1;0,41;7,8
Gambia;2004;Developing;57,30;296;3;2,51;0,00;95;0;2,3;6;88;4,35;87;2,9;0,00;0;9,4;9,3;0,40;7,6
Gambia;2003;Developing;57,00;297;3;2,47;0,00;94;119;19,7;6;87;4,22;87;2,7;0,00;0;9,6;9,6;0,40;7,3
Gambia;2002;Developing;56,60;298;3;2,08;0,00;92;32;19,1;6;86;3,75;87;2,5;0,00;0;9,8;9,8;0,39;7,0
Gambia;2001;Developing;56,30;3;3;2,25;0,00;91;99;18,5;6;85;3,71;87;2,3;0,00;0;1,0;1,0;0,38;6,8
Gambia;2000;Developing;55,90;33;3;2,18;0,00;91;336;18,0;6;84;3,61;8;2,0;0,00;0;1,2;1,2;0,38;6,5
Georgia;2015;Developing;74,40;129;1;0,00;0,00;94;431;56,2;1;91;0,00;94;0,1;3764,65;37171;2,7;2,8;0,77;13,9
Georgia;2014;Developing;74,50;125;1;6,13;221,48;91;3188;55,3;1;91;7,42;91;0,1;4429,66;3727;2,7;2,8;0,76;13,5
Georgia;2013;Developing;74,50;128;1;5,91;180,38;96;7872;54,4;1;94;7,25;93;0,1;4274,38;3776;2,7;2,8;0,76;13,5
Georgia;2012;Developing;74,20;13;1;7,71;158,26;92;31;53,6;1;93;8,57;92;0,1;4142,87;3825;2,6;2,8;0,75;13,4
Georgia;2011;Developing;73,90;127;1;8,14;198,95;89;64;52,8;1;88;9,38;94;0,1;3725,63;3875;2,6;2,8;0,74;13,3
Georgia;2010;Developing;73,80;132;1;7,24;194,17;95;22;52,0;1;88;1,50;92;0,1;2964,48;3926;2,6;2,8;0,74;13,3
Georgia;2009;Developing;73,20;133;1;6,66;18,53;54;23;51,3;1;93;1,19;88;0,1;276,59;3978;2,6;2,8;0,73;12,8
Georgia;2008;Developing;73,90;128;1;7,17;151,76;89;56;5,5;1;9;8,99;92;0,1;3174,95;43;2,6;2,8;0,74;13,1
Georgia;2007;Developing;74,40;12;1;8,65;106,16;94;44;49,9;1;88;8,17;98;0,1;2492,13;482;2,7;2,9;0,72;12,5
Georgia;2006;Developing;73,90;126;1;6,18;110,11;84;334;49,2;1;89;8,39;88;0,1;1872,68;4136;2,7;2,9;0,71;12,6
Georgia;2005;Developing;73,90;128;1;4,70;9,44;79;1356;48,6;1;82;8,60;82;0,1;153,58;419;2,8;2,9;0,70;12,2
Georgia;2004;Developing;72,30;134;1;3,74;7,13;64;6847;48,1;1;66;8,53;78;0,1;127,37;4245;2,8;3,0;0,69;12,0
Georgia;2003;Developing;72,70;132;1;3,36;70,54;48;216;47,5;2;74;8,49;75;0,1;928,18;431;2,9;3,0;0,68;11,8
Georgia;2002;Developing;71,70;142;2;2,72;60,56;51;199;47,0;2;89;8,72;84;0,1;779,38;4357;2,9;3,0;0,68;11,8
Georgia;2001;Developing;73,00;121;2;2,76;57,10;61;35;46,5;2;83;7,82;87;0,1;733,97;43864;3,0;3,1;0,67;11,7
Georgia;2000;Developing;71,80;129;2;3,28;47,82;55;50;46,0;2;81;6,94;8;0,1;692,00;44183;3,1;3,1;0,00;11,4
Germany;2015;Developed;81,00;68;2;0,00;0,00;88;2464;62,3;3;94;0,00;95;0,1;41176,88;81686611;1,1;1,1;0,92;17,1
Germany;2014;Developed;89,00;69;2;11,03;941,76;88;443;61,9;3;94;11,30;95;0,1;4792,65;89825;1,1;1,1;0,92;17,0
Germany;2013;Developed;86,00;71;2;10,94;895,88;88;1771;61,4;3;94;11,16;95;0,1;4653,91;864565;1,1;1,1;0,92;16,9
Germany;2012;Developed;86,00;71;2;11,18;839,91;88;166;6,9;3;94;1,99;95;0,1;4465,25;8425823;1,1;1,1;0,92;16,9
Germany;2011;Developed;85,00;74;2;11,20;869,79;88;1607;6,4;3;94;1,93;95;0,1;4681,33;8274983;1,1;1,1;0,91;16,8
Germany;2010;Developed;81,00;76;2;11,20;7584,08;88;780;59,9;3;94;11,25;95;0,1;41785,56;8177693;1,1;1,1;0,91;16,7
Germany;2009;Developed;80,00;79;2;11,22;7641,27;88;574;59,5;3;95;11,40;96;0,1;41732,77;819237;1,1;1,1;0,91;16,7
Germany;2008;Developed;79,90;8;2;11,36;8285,26;87;917;59,0;3;95;1,39;96;0,1;45699,20;821197;1,1;1,1;0,90;16,6
Germany;2007;Developed;79,80;82;3;11,50;7777,56;86;567;58,5;3;95;1,18;96;0,1;41814,82;82266372;1,1;1,1;0,90;16,6
Germany;2006;Developed;79,60;84;3;11,76;6407,54;87;2307;58,0;3;94;1,34;96;0,1;36447,87;82376451;1,1;1,1;0,89;16,5
Germany;2005;Developed;79,20;85;3;11,67;6012,93;9;778;57,6;3;95;1,52;96;0,1;34696,63;82469422;1,1;1,1;0,88;16,4
Germany;2004;Developed;79,10;86;3;11,83;5842,37;88;121;57,1;3;96;1,37;96;0,1;34165,93;8251626;1,1;1,1;0,88;16,4
Germany;2003;Developed;78,50;9;3;11,92;582,62;9;779;56,6;4;96;1,62;97;0,1;3359,95;82534176;1,1;1,1;0,87;16,3
Germany;2002;Developed;78,40;91;3;12,25;437,11;87;4657;56,1;4;97;1,40;93;0,1;2525,16;82488495;1,2;1,1;0,87;16,3
Germany;2001;Developed;78,30;92;3;12,46;4057,64;86;6024;55,6;4;96;1,15;93;0,1;23687,32;82349925;1,2;1,1;0,86;16,2
Germany;2000;Developed;78,00;95;3;12,91;4238,54;84;0;55,1;4;94;1,10;9;0,1;23718,75;8221158;1,2;1,2;0,86;16,2
Ghana;2015;Developing;62,40;249;37;0,00;0,00;88;23;28,6;52;88;0,00;88;0,7;1361,11;27582821;6,2;6,1;0,58;11,4
Ghana;2014;Developing;62,10;253;37;0,01;97,68;98;124;28,0;54;93;3,56;98;0,8;1432,23;26962563;6,4;6,3;0,58;11,7
Ghana;2013;Developing;61,90;254;38;0,01;28,67;9;319;27,3;55;91;4,63;9;0,9;1814,49;26346251;6,6;6,4;0,57;11,5
Ghana;2012;Developing;61,60;257;39;0,01;151,90;92;1613;26,7;56;91;4,79;92;0,9;1629,82;2573349;6,7;6,6;0,56;11,2
Ghana;2011;Developing;61,20;263;40;1,64;225,22;91;120;26,1;58;91;4,81;91;1,3;1574,98;25121796;6,9;6,8;0,55;10,9
Ghana;2010;Developing;69,00;267;40;1,69;195,98;94;641;25,5;59;94;5,33;94;1,9;1312,68;2451214;7,1;7,0;0,55;10,5
Ghana;2009;Developing;66,00;271;41;1,76;30,72;94;101;24,9;60;94;5,17;94;2,1;186,77;2393831;7,3;7,2;0,54;10,4
Ghana;2008;Developing;63,00;275;41;1,78;161,01;93;82;24,2;61;92;4,85;93;2,2;1224,42;2329864;7,5;7,4;0,53;9,8
Ghana;2007;Developing;59,90;28;41;1,25;3,18;94;6;23,6;61;94;5,30;94;2,6;19,69;227212;7,7;7,6;0,52;9,1
Ghana;2006;Developing;59,40;288;41;1,70;129,03;84;420;23,0;62;84;4,64;84;2,9;922,94;22113425;7,9;7,9;0,51;8,7
Ghana;2005;Developing;58,90;296;41;1,50;78,71;84;435;22,4;62;85;4,51;84;3,1;498,17;215429;8,1;8,1;0,50;8,1
Ghana;2004;Developing;58,30;34;41;1,46;53,24;8;60;21,8;62;81;3,96;8;3,2;423,19;2986536;8,4;8,3;0,49;7,7
Ghana;2003;Developing;57,90;38;41;1,53;31,09;8;1939;21,2;63;8;3,12;8;3,4;373,28;2446782;8,6;8,5;0,49;7,9
Ghana;2002;Developing;57,60;31;42;1,60;3,34;8;12289;2,7;63;8;3,70;78;3,5;39,48;19924522;8,8;8,8;0,48;7,6
Ghana;2001;Developing;57,40;39;42;1,49;25,56;0;13476;2,1;64;81;3,56;79;3,5;273,66;1942165;9,0;9,0;0,49;8,0
Ghana;2000;Developing;57,20;38;43;1,60;20,65;0;23068;19,5;65;88;3,00;88;3,6;263,11;18938762;9,2;9,2;0,48;7,7
Greece;2015;Developing;81,00;72;0;0,00;0,00;96;1;66,5;0;99;0,00;99;0,1;187,79;182883;0,8;0,7;0,87;17,2
Greece;2014;Developing;88,00;73;0;7,53;2163,04;96;1;66,0;0;99;8,80;99;0,1;21673,78;1892413;0,8;0,7;0,86;17,2
Greece;2013;Developing;86,00;74;0;7,46;2183,11;98;3;65,4;0;99;9,26;99;0,1;21874,82;1965211;0,8;0,7;0,86;17,1
Greece;2012;Developing;84,00;76;0;8,20;2528,99;98;3;64,9;0;99;9,24;99;0,1;22242,68;114511;0,8;0,7;0,86;16,8
Greece;2011;Developing;85,00;76;0;8,02;3192,89;95;40;64,3;0;99;9,77;99;0,1;25916,29;1114899;0,8;0,7;0,86;16,7
Greece;2010;Developing;83,00;76;0;9,00;3189,75;95;149;63,7;0;99;9,18;99;0,1;26917,76;11121341;0,8;0,7;0,86;16,4
Greece;2009;Developing;80,00;78;0;9,08;372,69;95;2;63,1;0;99;9,76;99;0,1;2971,97;111717;0,8;0,7;0,86;16,2
Greece;2008;Developing;79,90;77;0;9,51;3682,89;95;1;62,4;0;99;9,76;99;0,1;31997,28;1177841;0,8;0,7;0,85;15,9
Greece;2007;Developing;79,40;8;0;9,67;3632,24;95;2;61,8;0;99;9,41;99;0,1;28827,33;1148473;0,8;0,7;0,86;16,4
Greece;2006;Developing;79,70;77;0;9,42;318,58;94;0;61,2;1;98;9,34;98;0,1;2481,16;112362;0,8;0,7;0,85;16,3
Greece;2005;Developing;79,30;81;0;9,95;2785,14;93;122;6,5;1;96;9,36;96;0,1;22551,74;1987314;0,8;0,7;0,84;15,6
Greece;2004;Developing;79,20;81;0;9,56;287,61;92;1;59,9;1;95;8,30;95;0,1;21955,15;1955141;0,8;0,8;0,83;15,3
Greece;2003;Developing;79,10;81;0;9,46;2124,92;92;0;59,2;1;93;8,61;94;0,1;18477,58;19287;0,8;0,8;0,82;15,2
Greece;2002;Developing;79,00;81;1;8,09;160,89;91;5;58,6;1;92;8,72;92;0,1;1411,31;19222;0,8;0,8;0,81;14,6
Greece;2001;Developing;78,70;83;1;8,62;1403,02;9;12;58,0;1;9;8,47;91;0,1;12538,18;1862132;0,9;0,8;0,80;14,2
Greece;2000;Developing;78,20;84;1;8,48;122,18;89;56;57,4;1;89;7,60;89;0,1;1242,95;18588;0,9;0,8;0,79;13,9
Grenada;2015;Developing;73,60;142;0;0,00;0,00;92;0;48,4;0;99;0,00;92;0,1;9212,19;0;3,8;3,8;0,75;15,8
Grenada;2014;Developing;73,50;143;0;8,42;789,28;97;0;47,4;0;81;6,10;97;0,1;8569,78;0;3,8;3,8;0,75;15,8
Grenada;2013;Developing;73,30;144;0;8,25;780,45;97;0;46,5;0;98;6,15;97;0,1;7955,62;0;3,8;3,8;0,75;15,8
Grenada;2012;Developing;73,10;146;0;8,07;866,00;97;0;45,6;0;98;6,36;97;0,1;7583,19;0;3,8;3,8;0,74;15,8
Grenada;2011;Developing;72,90;15;0;7,84;11,57;94;0;44,7;0;95;6,35;95;0,1;741,48;0;3,8;3,8;0,74;15,8
Grenada;2010;Developing;72,60;154;0;7,91;145,84;97;0;43,9;0;94;6,41;97;0,1;7365,67;0;3,8;3,8;0,00;15,8
Grenada;2009;Developing;72,40;158;0;8,42;146,44;99;0;43,1;0;99;6,24;99;0,1;7395,88;0;3,8;3,8;0,00;15,6
Grenada;2008;Developing;72,10;162;0;8,92;754,96;99;0;42,4;0;99;5,76;99;0,1;7946,94;0;3,8;3,9;0,00;15,4
Grenada;2007;Developing;71,90;164;0;9,06;95,19;96;0;41,8;0;96;5,88;96;0,1;7322,60;0;3,9;3,9;0,00;15,3
Grenada;2006;Developing;71,70;167;0;9,06;662,27;91;0;41,1;0;91;5,99;91;0,1;6764,72;0;3,9;3,9;0,00;15,1
Grenada;2005;Developing;71,50;169;0;8,80;119,55;99;0;4,5;0;99;5,50;99;0,1;6754,51;0;3,9;4,0;0,00;14,9
Grenada;2004;Developing;73,00;187;0;8,43;100,97;83;0;39,9;0;84;5,24;83;0,1;5836,18;0;4,0;4,0;0,00;14,8
Grenada;2003;Developing;71,10;173;0;9,75;77,95;97;0;39,4;0;98;5,89;97;0,1;5773,74;0;4,0;4,1;0,00;14,6
Grenada;2002;Developing;79,00;176;0;10,71;513,35;98;0;38,8;0;98;6,67;98;0,1;5292,23;0;4,1;4,1;0,00;14,4
Grenada;2001;Developing;77,00;178;0;9,61;81,11;96;0;38,2;0;96;7,67;96;0,1;519,96;0;4,2;4,2;0,00;14,3
Grenada;2000;Developing;74,00;182;0;9,40;676,55;0;0;37,7;0;97;6,62;97;0,1;5117,59;0;4,3;4,2;0,00;14,1
Guatemala;2015;Developing;71,90;186;10;0,00;0,00;74;0;5,6;12;9;0,00;74;0,4;3923,57;16252429;1,2;1,2;0,64;10,7
Guatemala;2014;Developing;71,70;187;10;1,88;657,53;73;0;49,9;13;65;6,20;73;0,4;3687,76;15923559;1,2;1,2;0,61;10,7
Guatemala;2013;Developing;71,40;189;11;1,93;582,15;85;0;49,3;13;84;6,30;85;0,4;3452,83;15596214;1,2;1,2;0,61;10,7
Guatemala;2012;Developing;71,30;189;11;2,02;484,72;96;0;48,6;13;94;6,33;96;0,4;3299,65;1527156;1,2;1,2;0,62;10,6
Guatemala;2011;Developing;71,10;193;11;2,16;457,77;88;0;47,9;14;88;6,28;88;0,4;3187,85;14948919;1,2;1,2;0,61;10,5
Guatemala;2010;Developing;77,00;196;12;2,14;443,32;94;0;47,2;14;94;6,64;94;0,4;2825,52;1463417;1,3;1,3;0,60;10,5
Guatemala;2009;Developing;76,00;198;12;2,14;445,44;92;0;46,5;15;92;6,79;92;0,4;2635,75;1431628;1,3;1,3;0,60;10,4
Guatemala;2008;Developing;79,00;19;13;2,21;472,22;95;0;45,9;15;96;6,65;95;0,4;2794,22;146366;1,3;1,3;0,59;10,4
Guatemala;2007;Developing;75,00;192;13;2,40;380,96;85;0;45,2;16;85;6,86;85;0,4;2489,96;137286;1,3;1,3;0,58;10,1
Guatemala;2006;Developing;69,70;24;14;2,38;352,02;89;0;44,5;17;9;7,70;89;0,4;2256,57;133978;1,4;1,4;0,57;9,8
Guatemala;2005;Developing;69,20;28;14;2,35;41,51;87;0;43,8;18;87;6,79;87;0,4;277,83;139628;1,4;1,4;0,57;9,6
Guatemala;2004;Developing;69,60;21;15;2,40;288,40;0;0;43,1;18;88;6,77;87;0,4;1872,74;12796925;1,4;1,4;0,56;9,3
Guatemala;2003;Developing;69,40;24;15;2,45;249,33;0;0;42,4;19;84;6,88;84;0,4;1753,35;125478;1,4;1,4;0,56;9,0
Guatemala;2002;Developing;69,30;21;16;2,41;25,25;0;0;41,7;20;82;6,71;82;0,3;171,77;1228848;1,5;1,5;0,55;8,8
Guatemala;2001;Developing;68,40;211;16;2,53;225,06;0;0;41,1;20;78;6,76;77;0,3;1568,38;11924946;1,5;1,5;0,55;8,5
Guatemala;2000;Developing;67,70;221;17;2,63;238,74;0;0;4,4;21;8;5,25;81;0,2;1655,60;1165743;1,6;1,6;0,54;8,2
Guinea;2015;Developing;59,00;284;26;0,00;0,00;54;243;23,3;40;42;0,00;54;0,5;554,49;1291533;7,3;7,3;0,41;8,8
Guinea;2014;Developing;58,10;299;27;0,01;50,58;51;175;22,7;41;42;5,64;51;0,5;562,00;118559;7,5;7,4;0,41;8,6
Guinea;2013;Developing;58,80;284;27;0,01;5,14;63;53;22,2;41;63;5,49;63;1,0;54,17;11536615;7,7;7,6;0,41;8,5
Guinea;2012;Developing;58,40;288;28;0,01;4,34;62;6;21,7;42;63;5,39;62;1,9;52,35;11281469;7,8;7,8;0,40;8,5
Guinea;2011;Developing;58,10;29;28;0,22;42,25;63;11;21,2;43;63;4,73;63;2,0;459,29;113517;8,0;8,0;0,39;8,4
Guinea;2010;Developing;57,80;291;29;0,20;29,75;64;45;2,8;44;62;4,55;64;2,2;438,75;179417;8,2;8,2;0,38;8,3
Guinea;2009;Developing;57,30;297;29;0,18;24,85;57;264;2,3;46;6;3,85;57;2,3;436,69;1556524;8,4;8,4;0,38;8,1
Guinea;2008;Developing;56,80;33;30;0,21;19,69;57;89;19,8;47;59;3,21;6;2,3;437,45;1323142;8,6;8,6;0,37;7,9
Guinea;2007;Developing;56,40;36;31;0,19;1,40;57;3;19,4;48;46;3,80;63;2,4;49,46;196727;8,9;8,8;0,36;7,6
Guinea;2006;Developing;55,60;317;31;0,16;10,38;0;4;19,0;49;53;3,20;57;2,6;296,68;9881428;9,1;9,1;0,36;7,1
Guinea;2005;Developing;54,70;327;32;0,21;1,10;0;99;18,5;51;59;2,82;59;2,7;33,42;9679745;9,3;9,3;0,35;6,6
Guinea;2004;Developing;54,00;334;33;0,34;18,93;0;10;18,1;53;65;3,14;6;2,8;386,33;949229;9,5;9,5;0,33;5,1
Guinea;2003;Developing;53,30;338;34;0,18;2,40;0;2497;17,7;55;61;3,45;57;2,9;37,19;939848;9,7;9,7;0,34;5,9
Guinea;2002;Developing;52,90;337;35;0,21;21,34;0;2151;17,3;56;56;3,76;53;3,0;322,81;9137345;9,9;9,9;0,33;5,5
Guinea;2001;Developing;52,50;336;36;0,17;19,90;0;7408;16,9;58;52;3,65;5;3,0;315,84;8971139;1,1;1,1;0,32;5,1
Guinea;2000;Developing;52,50;328;37;0,17;2,22;0;11294;16,6;60;47;3,46;46;3,0;34,52;888546;1,3;1,3;0,32;4,8
Guinea-Bissau;2015;Developing;58,90;275;4;0,00;0,00;87;153;26,3;6;87;0,00;87;3,2;596,87;177526;7,1;7,0;0,42;9,2
Guinea-Bissau;2014;Developing;58,40;282;4;0,01;50,06;87;1;25,6;6;87;5,59;87;3,4;642,63;1725744;7,3;7,1;0,42;9,2
Guinea-Bissau;2013;Developing;58,10;279;4;0,01;8,20;87;0;25,0;6;87;6,14;87;4,5;61,57;1681495;7,5;7,3;0,42;9,1
Guinea-Bissau;2012;Developing;57,60;285;4;0,01;0,95;87;0;24,3;6;87;5,96;87;5,3;67,75;1638139;7,7;7,5;0,42;9,1
Guinea-Bissau;2011;Developing;57,10;289;4;3,57;40,45;86;0;23,7;7;85;5,46;86;5,7;692,70;1596154;7,8;7,7;0,41;9,0
Guinea-Bissau;2010;Developing;56,70;287;4;3,21;53,31;83;26;23,1;7;82;6,70;83;5,9;543,96;155588;8,0;7,9;0,41;8,9
Guinea-Bissau;2009;Developing;56,30;288;4;2,55;47,13;8;0;22,5;7;78;6,81;8;6,0;544,22;1517448;8,3;8,1;0,40;8,9
Guinea-Bissau;2008;Developing;55,60;297;5;2,64;28,30;0;12;21,9;7;77;6,50;77;6,0;583,54;148841;8,5;8,4;0,40;8,8
Guinea-Bissau;2007;Developing;55,00;32;5;2,98;31,07;0;1;21,3;7;76;6,10;74;5,7;481,69;1445958;8,7;8,6;0,39;8,8
Guinea-Bissau;2006;Developing;54,40;36;5;3,22;21,53;0;0;2,7;8;74;5,87;71;5,6;418,94;1412669;8,9;8,8;0,39;8,3
Guinea-Bissau;2005;Developing;53,90;37;5;3,10;22,10;0;0;2,1;8;73;5,72;68;5,4;424,95;138838;9,2;9,0;0,00;8,0
Guinea-Bissau;2004;Developing;53,50;38;5;2,58;13,53;0;3526;19,6;8;69;5,41;64;5,0;393,31;135345;9,4;9,3;0,00;7,7
Guinea-Bissau;2003;Developing;53,00;38;5;2,16;2,53;0;1158;19,0;8;65;5,62;6;4,6;36,57;132122;9,6;9,5;0,00;7,4
Guinea-Bissau;2002;Developing;52,80;35;5;2,47;24,66;0;298;18,5;8;61;5,84;57;4,1;321,48;1293523;9,8;9,7;0,00;7,1
Guinea-Bissau;2001;Developing;52,50;32;5;2,55;0,87;0;126;17,9;9;56;5,40;53;3,6;39,49;1267512;1,0;1,0;0,00;6,7
Guinea-Bissau;2000;Developing;52,10;3;5;2,84;6,70;0;0;17,4;9;52;4,94;49;3,1;297,75;1243229;1,2;1,2;0,00;6,4
Guyana;2015;Developing;66,20;215;0;0,00;0,00;95;0;46,7;1;92;0,00;95;0,3;4136,69;768514;5,5;5,3;0,64;10,3
Guyana;2014;Developing;66,00;217;0;7,64;4,14;98;0;45,9;1;97;5,25;98;0,3;43,82;763393;5,5;5,3;0,64;10,3
Guyana;2013;Developing;65,90;218;0;7,56;345,90;98;0;45,0;1;98;5,10;98;0,3;3944,18;75881;5,5;5,3;0,63;10,3
Guyana;2012;Developing;65,80;22;0;7,57;497,47;97;0;44,1;1;97;6,57;97;0,3;3785,94;75391;5,6;5,3;0,63;10,6
Guyana;2011;Developing;65,60;229;0;7,56;536,23;93;0;43,2;1;93;6,80;93;0,4;3439,60;7491;5,6;5,3;0,62;10,3
Guyana;2010;Developing;65,90;221;0;7,52;48,03;95;0;42,4;1;95;6,60;95;0,4;326,28;746556;5,6;5,3;0,62;10,2
Guyana;2009;Developing;66,10;218;0;7,49;466,67;98;0;41,6;1;97;7,32;98;0,3;2716,35;745693;5,6;5,4;0,62;10,5
Guyana;2008;Developing;66,30;218;1;7,32;493,33;93;0;4,9;1;93;7,46;93;0,8;2576,12;746314;5,6;5,4;0,62;10,7
Guyana;2007;Developing;65,70;232;1;7,20;362,87;94;0;4,3;1;94;6,45;94;1,9;2327,58;747869;5,7;5,5;0,62;11,2
Guyana;2006;Developing;65,20;24;1;7,04;170,63;93;0;39,6;1;92;4,67;93;1,1;1945,64;74961;5,7;5,5;0,62;11,7
Guyana;2005;Developing;65,00;238;1;7,35;17,46;93;0;39,0;1;93;5,83;93;1,8;198,46;75946;5,7;5,5;0,62;11,4
Guyana;2004;Developing;65,10;237;1;7,84;1,78;91;0;38,4;1;91;5,73;91;1,9;145,59;751652;5,8;5,6;0,61;11,2
Guyana;2003;Developing;65,30;237;1;7,93;16,48;9;0;37,8;1;91;5,97;9;2,1;986,80;751857;5,8;5,6;0,61;11,1
Guyana;2002;Developing;65,30;244;1;7,73;10,94;91;0;37,1;1;93;5,84;91;2,3;96,87;751884;5,9;5,7;0,61;11,0
Guyana;2001;Developing;65,40;247;1;6,71;15,55;85;0;36,4;1;9;5,82;85;1,7;925,58;752263;5,9;5,7;0,61;10,9
Guyana;2000;Developing;65,40;246;1;6,63;16,75;0;0;35,7;1;79;5,85;88;1,1;946,60;75331;5,9;5,8;0,60;10,9
Haiti;2015;Developing;63,50;24;14;0,00;0,00;6;0;49,9;18;56;0,00;6;0,5;814,55;171161;3,9;3,9;0,49;9,1
Haiti;2014;Developing;63,10;245;14;0,01;5,10;48;0;48,8;19;55;7,56;48;0,5;83,11;1572466;3,9;3,9;0,49;9,1
Haiti;2013;Developing;62,70;253;14;5,68;4,99;68;0;47,7;19;67;8,10;68;0,5;81,27;1431776;3,9;3,9;0,48;9,1
Haiti;2012;Developing;62,30;259;15;5,68;26,38;0;0;46,5;20;67;9,88;67;0,8;766,84;128921;3,9;3,9;0,48;8,9
Haiti;2011;Developing;62,30;259;15;5,68;4,11;0;0;45,3;20;67;1,41;68;1,5;74,94;114554;4,0;4,0;0,47;8,7
Haiti;2010;Developing;36,30;682;23;5,76;36,29;0;0;44,2;58;66;8,90;66;1,9;662,28;9999617;4,0;4,0;0,47;8,6
Haiti;2009;Developing;62,50;251;16;5,85;41,30;0;0;43,0;21;65;6,68;65;2,0;668,30;985287;4,1;4,1;0,47;8,5
Haiti;2008;Developing;62,10;259;16;5,95;63,83;0;0;41,8;22;64;5,92;63;2,4;674,76;97529;4,2;4,2;0,46;8,4
Haiti;2007;Developing;61,80;266;17;6,08;56,78;0;0;4,7;23;62;5,56;63;2,7;615,82;9556889;4,2;4,2;0,46;8,4
Haiti;2006;Developing;61,10;28;17;6,18;7,00;0;0;39,6;23;61;5,70;6;3,3;55,48;949457;4,3;4,3;0,46;8,3
Haiti;2005;Developing;65,00;29;17;5,57;38,11;0;0;38,5;24;6;4,41;6;3,9;465,31;926344;4,4;4,4;0,45;8,2
Haiti;2004;Developing;58,70;32;18;6,10;64,40;0;0;37,5;24;58;5,61;55;4,3;387,94;9119178;4,5;4,5;0,45;8,1
Haiti;2003;Developing;59,70;3;18;6,64;44,26;0;0;36,5;25;56;5,32;53;4,6;329,78;8976552;4,5;4,6;0,45;8,1
Haiti;2002;Developing;59,30;33;19;6,10;50,29;0;0;35,6;26;54;5,47;48;4,8;393,16;8834733;4,6;4,7;0,44;8,0
Haiti;2001;Developing;58,90;35;19;6,22;60,78;0;159;34,8;27;52;5,63;45;5,0;413,74;8692567;4,7;4,7;0,44;7,9
Haiti;2000;Developing;58,60;35;20;4,79;74,46;0;992;34,0;28;5;6,60;41;5,1;462,49;85492;4,8;4,8;0,44;7,8
Honduras;2015;Developing;74,60;147;3;0,00;0,00;97;0;51,0;4;97;0,00;97;0,3;2326,16;896829;2,1;2,1;0,62;11,2
Honduras;2014;Developing;74,50;149;3;2,87;345,38;97;0;5,2;4;97;8,72;97;0,3;2242,71;889216;2,1;2,1;0,62;11,4
Honduras;2013;Developing;74,30;15;4;3,11;311,76;97;0;49,3;4;97;9,15;97;0,4;2136,77;8657785;2,2;2,1;0,61;11,6
Honduras;2012;Developing;74,10;151;4;3,11;363,57;97;0;48,4;4;97;9,78;97;0,4;2178,38;855646;2,2;2,1;0,61;11,6
Honduras;2011;Developing;73,90;153;4;3,10;32,16;97;0;47,6;5;97;8,57;97;0,4;212,58;83516;2,2;2,2;0,61;11,7
Honduras;2010;Developing;73,60;156;4;3,10;302,11;97;0;46,8;5;97;8,45;97;0,4;1932,86;8194778;2,3;2,2;0,61;11,5
Honduras;2009;Developing;73,40;157;4;3,08;286,12;97;0;45,9;5;97;8,84;97;0,5;1815,49;83521;2,3;2,2;0,60;11,3
Honduras;2008;Developing;73,20;159;4;3,14;231,91;92;0;45,1;5;93;8,40;93;0,6;1751,60;7872658;2,3;2,3;0,60;11,1
Honduras;2007;Developing;73,00;16;5;3,16;222,48;93;0;44,3;6;94;7,89;94;0,7;1592,57;777972;2,4;2,3;0,59;10,9
Honduras;2006;Developing;72,80;161;5;3,23;192,93;94;0;43,5;6;94;7,63;95;0,8;1437,63;754146;2,4;2,4;0,58;10,8
Honduras;2005;Developing;72,50;163;5;3,23;203,71;97;0;42,8;6;98;7,81;98;0,9;1311,74;737343;2,5;2,4;0,58;10,6
Honduras;2004;Developing;72,20;165;5;3,02;188,25;93;0;42,0;7;94;7,89;94;1,2;1217,66;724153;2,6;2,5;0,57;10,4
Honduras;2003;Developing;71,90;166;6;3,04;194,43;91;0;41,2;7;92;8,29;92;1,4;1157,34;733821;2,6;2,5;0,57;10,3
Honduras;2002;Developing;71,60;169;6;3,09;154,86;94;0;4,4;7;95;7,28;95;1,5;1132,87;6863157;2,7;2,6;0,56;10,1
Honduras;2001;Developing;71,30;171;6;2,74;15,36;95;0;39,6;8;99;6,88;96;1,6;113,45;669361;2,7;2,7;0,56;9,9
Honduras;2000;Developing;71,00;174;6;2,61;28,81;93;0;38,8;8;88;6,63;94;1,7;188,78;6524283;2,8;2,7;0,55;9,8
Hungary;2015;Developed;75,80;134;0;0,00;0,00;0;0;64,8;0;99;0,00;99;0,1;12365,63;984328;1,6;1,6;0,83;15,6
Hungary;2014;Developed;75,60;137;0;0,01;160,94;0;0;64,2;0;99;7,40;99;0,1;14117,98;9866468;1,7;1,6;0,83;15,8
Hungary;2013;Developed;75,50;139;0;10,88;155,20;0;1;63,6;1;99;7,53;99;0,1;13613,61;989382;1,7;1,7;0,82;15,4
Hungary;2012;Developed;75,00;146;0;11,27;164,28;0;2;63,0;1;99;7,74;99;0,1;12834,32;992362;1,7;1,7;0,82;15,4
Hungary;2011;Developed;74,80;15;0;11,51;17,82;0;5;62,4;1;99;7,84;99;0,1;1448,88;9971727;1,7;1,7;0,82;15,4
Hungary;2010;Developed;74,50;156;0;10,78;19,22;0;0;61,7;1;99;7,85;99;0,1;1325,53;123;1,8;1,8;0,82;15,3
Hungary;2009;Developed;74,20;162;0;11,46;1281,16;0;1;61,1;1;99;7,55;99;0,1;12967,17;12265;1,8;1,8;0,82;15,3
Hungary;2008;Developed;74,10;165;1;11,64;181,76;0;0;6,5;1;99;7,33;99;0,1;15669,26;138188;1,9;1,9;0,81;15,3
Hungary;2007;Developed;73,50;176;1;12,55;163,34;0;0;59,9;1;99;7,51;99;0,1;13842,65;15578;1,9;1,9;0,81;15,3
Hungary;2006;Developed;73,40;177;1;13,16;1299,46;0;1;59,3;1;99;8,10;99;0,1;11398,77;17137;2,0;2,0;0,80;15,2
Hungary;2005;Developed;72,90;182;1;12,94;1317,08;0;2;58,8;1;99;8,28;99;0,1;11161,72;18765;2,0;2,0;0,80;15,0
Hungary;2004;Developed;72,90;18;1;13,28;146,86;0;0;58,2;1;99;8,80;99;0,1;1259,53;117146;2,1;2,1;0,79;15,3
Hungary;2003;Developed;72,50;184;1;13,24;1030,22;0;0;57,6;1;99;8,42;99;0,1;8396,25;1129552;2,1;2,1;0,78;14,9
Hungary;2002;Developed;72,50;184;1;13,29;8,99;0;0;57,1;1;98;7,47;99;0,1;665,64;115868;2,2;2,2;0,78;14,6
Hungary;2001;Developed;72,30;185;1;13,18;7,60;0;20;56,6;1;99;7,11;99;0,1;527,85;1187576;2,2;2,2;0,77;14,2
Hungary;2000;Developed;71,70;193;1;12,22;75,36;0;1;56,1;1;99;7,60;99;0,1;4623,47;121971;2,3;2,3;0,76;13,9
Iceland;2015;Developed;82,70;49;0;0,00;0,00;0;0;61,0;0;92;0,00;92;0,1;5734,44;33815;1,0;0,9;0,92;19,0
Iceland;2014;Developed;82,50;49;0;7,45;8254,02;0;0;6,6;0;9;8,86;9;0,1;52473,11;327386;1,0;0,9;0,92;19,0
Iceland;2013;Developed;82,40;5;0;7,31;764,54;0;0;6,2;0;91;8,75;91;0,1;4781,39;323764;1,0;0,9;0,91;19,0
Iceland;2012;Developed;82,50;5;0;7,81;6818,55;0;0;59,7;0;89;8,68;89;0,1;44333,85;32716;1,0;0,9;0,90;18,7
Iceland;2011;Developed;82,10;51;0;8,13;7,05;0;0;59,3;0;95;8,65;95;0,1;46,22;31914;0,9;0,9;0,89;18,6
Iceland;2010;Developed;81,80;53;0;8,25;6005,58;0;0;58,9;0;96;8,86;96;0,1;41676,45;31841;0,9;0,9;0,89;18,4
Iceland;2009;Developed;81,60;55;0;10,22;687,58;0;0;58,5;0;96;9,12;96;0,1;4461,89;318499;0,9;0,9;0,89;18,4
Iceland;2008;Developed;81,40;58;0;8,49;7613,81;0;0;58,1;0;98;8,80;98;0,1;55575,29;317414;0,9;0,9;0,89;18,2
Iceland;2007;Developed;81,30;59;0;7,53;12042,97;0;0;57,8;0;97;8,75;97;0,1;68348,32;311566;0,9;0,9;0,89;18,2
Iceland;2006;Developed;81,10;61;0;7,20;1003,14;0;0;57,4;0;97;8,96;97;0,1;5613,54;33782;0,9;0,9;0,88;18,1
Iceland;2005;Developed;81,00;62;0;7,05;10631,20;0;0;56,9;0;95;9,21;95;0,1;56249,76;296734;0,9;0,9;0,88;17,9
Iceland;2004;Developed;88,00;65;0;6,79;8506,10;0;0;56,5;0;99;9,59;99;0,1;46917,27;29274;1,0;0,9;0,87;18,3
Iceland;2003;Developed;87,00;65;0;6,61;725,49;0;0;55,9;0;97;1,70;97;0,1;3945,00;289521;1,0;0,9;0,87;17,6
Iceland;2002;Developed;84,00;7;0;6,61;5948,10;0;0;55,4;0;95;9,86;95;0,1;31996,22;287523;1,0;0,9;0,86;17,2
Iceland;2001;Developed;80,00;72;0;6,37;5048,27;0;0;54,8;0;92;9,12;92;0,1;28585,93;284968;1,0;0,9;0,85;17,1
Iceland;2000;Developed;79,70;74;0;6,17;5809,12;0;0;54,2;0;98;9,28;98;0,1;31813,37;28125;1,0;0,9;0,85;16,8
India;2015;Developing;68,30;181;910;0,00;0,00;87;90387;18,7;1100;86;0,00;87;0,2;1613,19;1395398;26,7;27,3;0,62;11,6
India;2014;Developing;68,00;184;957;3,07;86,52;79;79563;18,1;1200;84;4,69;85;0,2;1573,12;1293859294;26,8;27,4;0,61;11,6
India;2013;Developing;67,60;187;1000;3,11;67,67;7;13822;17,5;1300;82;4,53;83;0,2;1452,20;127856227;26,8;27,5;0,60;11,5
India;2012;Developing;67,30;19;1100;3,10;64,97;73;18668;17,0;1400;79;4,39;82;0,2;1446,99;126365852;26,9;27,6;0,59;11,3
India;2011;Developing;66,80;193;1100;3,00;64,61;44;33634;16,4;1500;79;4,33;82;0,2;1461,67;124723629;26,9;27,7;0,58;10,8
India;2010;Developing;66,40;196;1200;2,77;57,73;38;31458;15,9;1600;76;4,28;79;0,2;1345,77;12398691;27,0;27,8;0,57;10,4
India;2009;Developing;66,00;2;1300;2,50;0,84;37;56188;15,4;1700;73;4,38;74;0,2;19,32;121427132;27,0;27,8;0,56;10,5
India;2008;Developing;65,50;23;1300;1,93;43,03;29;44258;14,9;1800;69;4,34;7;0,3;991,48;119714696;27,0;27,9;0,56;10,2
India;2007;Developing;65,20;26;1400;1,59;5,23;6;41144;14,4;1900;67;4,23;64;0,3;118,17;1179681239;27,1;28,0;0,55;9,9
India;2006;Developing;64,80;28;1500;1,37;34,86;6;64185;13,9;2000;66;4,25;65;0,3;792,26;1161977719;27,1;28,0;0,54;9,7
India;2005;Developing;64,40;211;1500;1,27;3,51;8;36711;13,5;2000;65;4,28;65;0,3;77,82;1144118674;27,2;28,1;0,53;9,4
India;2004;Developing;64,00;214;1600;1,20;27,34;6;55443;13,0;2100;58;4,22;63;0,3;621,32;1126135777;27,2;28,2;0,52;9,2
India;2003;Developing;63,70;216;1700;1,19;19,48;0;47147;12,6;2200;57;4,30;61;0,3;541,14;11827848;27,3;28,3;0,51;8,6
India;2002;Developing;63,30;219;1700;1,10;17,81;0;40044;12,2;2300;58;4,40;59;0,3;466,28;18987112;27,4;28,4;0,50;8,4
India;2001;Developing;62,90;222;1800;1,00;19,00;0;51780;11,8;2400;58;4,50;59;0,3;447,14;171477855;27,5;28,5;0,49;8,3
India;2000;Developing;62,50;224;1800;0,93;19,27;0;38835;11,4;2500;57;4,26;58;0,3;438,86;1535912;27,7;28,6;0,49;8,3
Indonesia;2015;Developing;69,10;176;114;0,00;0,00;78;15099;27,4;136;8;0,00;78;0,3;3336,17;258162113;1,4;1,2;0,69;12,9
Indonesia;2014;Developing;68,90;179;119;0,09;200,07;78;12943;26,5;142;8;2,85;78;0,3;3491,60;255131116;1,4;1,2;0,68;12,9
Indonesia;2013;Developing;68,70;181;124;0,09;22,85;85;8419;25,6;148;86;2,93;85;0,3;362,66;25232263;1,5;1,3;0,68;12,9
Indonesia;2012;Developing;68,50;183;129;0,08;254,47;83;15489;24,7;154;84;2,90;83;0,3;3687,95;248883232;1,5;1,4;0,67;12,6
Indonesia;2011;Developing;68,30;185;134;0,08;211,88;81;21893;23,8;161;81;2,71;81;0,3;3634,28;24577511;1,6;1,5;0,66;12,3
Indonesia;2010;Developing;68,10;187;138;0,08;190,55;83;18869;22,9;167;82;2,74;81;0,3;3113,49;242524123;1,6;1,5;0,66;12,1
Indonesia;2009;Developing;67,90;189;143;0,08;125,80;82;20818;22,1;174;85;2,83;78;0,3;2254,45;23934478;1,7;1,6;0,65;11,7
Indonesia;2008;Developing;67,70;189;149;0,07;10,26;82;15369;21,3;181;83;2,81;77;0,2;216,53;236159276;1,7;1,7;0,64;11,7
Indonesia;2007;Developing;67,50;19;154;0,06;102,63;76;19456;2,5;188;77;3,10;73;0,2;1855,94;232989141;1,8;1,7;0,64;11,0
Indonesia;2006;Developing;67,30;191;159;0,06;72,02;66;20422;19,7;194;78;2,91;72;0,1;1586,25;22983822;1,8;1,8;0,63;10,9
Indonesia;2005;Developing;67,20;19;163;0,06;5,38;65;15853;19,0;201;79;2,79;72;0,1;126,93;22671273;1,9;1,9;0,63;11,1
Indonesia;2004;Developing;65,30;213;174;0,06;55,36;64;29171;18,2;237;79;2,37;71;0,1;1148,57;223614649;1,9;1,9;0,62;11,0
Indonesia;2003;Developing;66,90;189;173;0,05;8,46;64;24457;17,5;215;8;2,53;71;0,1;164,59;22545214;1,9;11,0;0,61;10,8
Indonesia;2002;Developing;66,70;189;177;0,05;43,18;63;14492;16,7;222;8;2,27;7;0,1;899,56;2175859;11,0;11,1;0,61;10,6
Indonesia;2001;Developing;66,50;188;182;0,06;33,96;62;3825;16,0;229;77;2,23;76;0,1;747,98;2145652;11,0;11,1;0,60;10,6
Indonesia;2000;Developing;66,30;188;187;0,06;3,43;65;3344;15,4;237;72;1,98;75;0,1;78,93;21154429;11,0;11,2;0,60;10,7
Iran (Islamic Republic of);2015;Developing;75,50;83;18;0,00;0,00;98;615;59,7;21;98;0,00;98;0,1;0,00;0;8,5;8,6;0,77;14,8
Iran (Islamic Republic of);2014;Developing;75,40;83;19;0,01;0,00;99;99;58,5;22;99;6,89;99;0,1;0,00;0;8,3;8,4;0,77;14,9
Iran (Islamic Republic of);2013;Developing;75,30;83;20;0,01;0,00;99;189;57,2;23;98;6,49;98;0,1;0,00;0;8,2;8,3;0,77;15,0
Iran (Islamic Republic of);2012;Developing;75,10;85;21;0,01;0,00;98;332;56,0;24;99;6,98;99;0,1;0,00;0;8,0;8,2;0,76;13,6
Iran (Islamic Republic of);2011;Developing;74,70;93;22;0,03;0,00;99;73;54,8;25;99;7,12;99;0,1;0,00;0;7,9;8,1;0,75;13,1
Iran (Islamic Republic of);2010;Developing;74,10;16;22;0,03;0,00;99;538;53,6;26;99;8,20;99;0,1;0,00;0;7,8;8,0;0,74;12,9
Iran (Islamic Republic of);2009;Developing;73,30;122;23;0,03;0,00;99;262;52,5;27;99;7,63;99;0,1;0,00;0;7,7;7,9;0,73;12,8
Iran (Islamic Republic of);2008;Developing;72,70;135;24;0,02;0,00;99;127;51,4;28;99;6,28;99;0,1;0,00;0;7,6;7,8;0,72;12,1
Iran (Islamic Republic of);2007;Developing;72,40;138;25;0,02;0,00;97;133;5,4;29;98;5,84;99;0,1;0,00;0;7,5;7,8;0,70;11,8
Iran (Islamic Republic of);2006;Developing;72,20;139;26;0,02;0,00;98;220;49,4;30;99;5,95;98;0,1;0,00;0;7,4;7,7;0,69;11,4
Iran (Islamic Republic of);2005;Developing;72,00;139;27;0,01;0,00;94;7;48,5;32;95;6,60;95;0,1;0,00;0;7,4;7,7;0,69;11,4
Iran (Islamic Republic of);2004;Developing;71,80;139;28;0,01;0,00;95;3;47,6;33;98;5,89;99;0,1;0,00;0;7,4;7,7;0,69;11,8
Iran (Islamic Republic of);2003;Developing;75,00;154;29;0,01;0,00;98;11644;46,9;35;99;5,42;99;0,1;0,00;0;7,5;7,7;0,68;11,8
Iran (Islamic Republic of);2002;Developing;71,20;142;31;0,01;0,00;99;9554;46,2;37;99;5,39;99;0,1;0,00;0;7,6;7,7;0,67;11,9
Iran (Islamic Republic of);2001;Developing;78,00;146;33;0,01;0,00;94;9582;45,5;40;95;5,20;96;0,1;0,00;0;7,7;7,8;0,67;11,6
Iran (Islamic Republic of);2000;Developing;73,00;15;35;0,01;0,00;99;11874;44,9;43;99;4,47;99;0,1;0,00;0;7,8;7,9;0,66;11,6
Iraq;2015;Developing;68,90;182;32;0,00;0,00;56;1433;59,1;38;63;0,00;58;0,1;4974,27;36115649;5,3;5,1;0,65;10,1
Iraq;2014;Developing;67,90;199;32;0,01;43,52;62;1317;58,5;39;67;5,54;64;0,1;673,75;3568;5,3;5,1;0,66;10,1
Iraq;2013;Developing;69,50;17;32;0,01;447,37;66;669;57,8;39;7;5,92;68;0,1;6925,22;33883145;5,3;5,1;0,66;10,3
Iraq;2012;Developing;76,00;147;32;0,01;429,66;61;15;57,2;39;7;5,26;69;0,1;6651,12;32776571;5,3;5,1;0,66;10,5
Iraq;2011;Developing;77,00;144;32;0,17;285,12;77;15;56,5;39;8;3,32;79;0,1;5854,61;3172753;5,3;5,1;0,65;10,4
Iraq;2010;Developing;76,00;145;32;0,19;21,82;72;492;55,8;39;74;3,82;74;0,1;452,75;376271;5,3;5,1;0,65;10,4
Iraq;2009;Developing;74,00;148;32;0,20;185,64;75;30328;55,2;39;78;4,65;78;0,1;3735,14;29894652;5,4;5,1;0,64;10,3
Iraq;2008;Developing;69,30;167;32;0,17;192,16;66;5494;54,5;38;71;3,93;69;0,1;4521,32;29111417;5,4;5,1;0,64;10,3
Iraq;2007;Developing;65,90;227;31;0,14;146,76;56;230;53,8;38;74;3,69;57;0,1;3129,22;2839433;5,4;5,1;0,64;10,2
Iraq;2006;Developing;64,70;249;31;0,03;75,26;59;474;53,2;38;63;3,00;59;0,1;2351,81;27697912;5,4;5,1;0,63;10,2
Iraq;2005;Developing;66,80;29;31;0,18;59,19;65;908;52,5;37;69;4,13;65;0,1;1849,64;278426;5,4;5,2;0,63;10,1
Iraq;2004;Developing;67,20;21;30;0,32;44,12;62;9081;51,9;37;69;5,61;74;0,1;1391,82;2631669;5,4;5,2;0,60;9,8
Iraq;2003;Developing;66,50;213;30;0,07;0,00;63;0;51,3;37;73;4,36;75;0,1;0,00;25627626;5,5;5,2;0,62;9,4
Iraq;2002;Developing;74,00;14;30;0,15;0,00;65;0;5,6;37;76;0,00;77;0,1;0,00;24939299;5,5;5,3;0,61;9,1
Iraq;2001;Developing;72,00;142;30;0,17;0,00;66;4088;5,1;37;8;0,00;78;0,1;0,00;24251649;5,6;5,3;0,61;8,7
Iraq;2000;Developing;70,00;144;30;0,20;0,00;67;726;49,5;37;83;0,00;8;0,1;0,00;23565413;5,6;5,4;0,60;8,6
Ireland;2015;Developed;81,40;64;0;0,00;0,00;95;4;62,8;0;95;0,00;95;0,1;6664,14;4676835;0,3;0,2;0,92;18,6
Ireland;2014;Developed;81,20;66;0;10,75;746,37;95;33;62,1;0;96;7,78;96;0,1;5553,33;4617225;0,3;0,2;0,91;18,6
Ireland;2013;Developed;81,00;67;0;10,49;703,55;95;51;61,3;0;96;8,10;96;0,1;5234,77;4598294;0,3;0,2;0,90;18,6
Ireland;2012;Developed;85,00;69;0;11,49;6616,70;95;107;6,5;0;95;8,32;95;0,1;49231,36;4586897;0,3;0,2;0,90;18,5
Ireland;2011;Developed;84,00;7;0;11,72;6386,95;95;285;59,7;0;95;8,15;95;0,1;52567,53;4576794;0,3;0,2;0,91;18,5
Ireland;2010;Developed;86,00;68;0;11,88;4509,23;46;443;58,9;0;94;8,76;94;0,1;48538,59;456155;0,3;0,2;0,91;18,2
Ireland;2009;Developed;79,70;77;0;11,41;7620,82;0;164;58,2;0;94;9,53;94;0,1;51983,79;4535375;0,3;0,2;0,91;17,9
Ireland;2008;Developed;79,80;75;0;12,66;9528,23;0;57;57,4;0;93;8,64;93;0,1;61235,42;4489544;0,3;0,2;0,91;17,9
Ireland;2007;Developed;79,50;75;0;13,59;9797,55;0;64;56,6;0;92;7,57;92;0,1;61388,17;4398942;0,3;0,2;0,90;17,6
Ireland;2006;Developed;79,00;78;0;13,44;9126,93;0;87;55,8;0;91;7,22;91;0,1;54326,97;4273591;0,3;0,2;0,90;17,6
Ireland;2005;Developed;78,70;78;0;13,31;973,68;0;95;55,1;0;9;7,27;9;0,1;5886,83;4159914;0,3;0,2;0,89;17,5
Ireland;2004;Developed;78,30;82;0;13,32;8040,22;0;334;54,4;0;89;7,34;89;0,1;47631,64;47262;0,3;0,2;0,88;17,1
Ireland;2003;Developed;78,00;82;0;13,24;675,21;0;584;53,6;0;86;7,50;86;0,1;4117,16;3996521;0,3;0,2;0,87;16,8
Ireland;2002;Developed;77,40;88;0;14,17;5092,38;0;243;52,9;0;83;6,85;83;0,1;32539,19;3931947;0,3;0,3;0,86;16,5
Ireland;2001;Developed;77,00;89;0;14,27;4264,58;0;241;52,2;0;84;6,60;84;0,1;28223,56;3866243;0,3;0,3;0,86;16,4
Ireland;2000;Developed;76,40;94;0;14,07;3794,58;0;0;51,5;0;86;6,30;86;0,1;26241,92;385174;0,3;0,3;0,85;16,2
Israel;2015;Developing;82,50;58;0;0,00;0,00;96;80;64,9;1;95;0,00;95;0,1;35729,37;8381;1,2;1,1;0,90;16,0
Israel;2014;Developing;82,20;6;1;2,62;4348,34;97;6;64,6;1;95;7,81;95;0,1;37582,85;82157;1,2;1,1;0,90;16,0
Israel;2013;Developing;82,10;61;1;2,69;4279,90;97;50;64,2;1;96;7,89;96;0,1;36393,67;8595;1,2;1,1;0,89;15,9
Israel;2012;Developing;81,80;6;1;2,78;3830,18;97;211;63,8;1;94;7,73;94;0,1;32569,60;7915;1,2;1,1;0,89;15,9
Israel;2011;Developing;81,80;61;1;2,67;3793,16;98;70;63,4;1;94;7,39;94;0,1;33657,16;77658;1,2;1,1;0,88;15,8
Israel;2010;Developing;81,70;61;1;2,63;409,41;97;23;63,0;1;95;7,36;95;0,1;3661,99;76236;1,2;1,1;0,88;15,7
Israel;2009;Developing;81,50;63;1;2,55;508,66;98;5;62,6;1;96;7,46;96;0,1;27795,88;74856;1,2;1,1;0,88;15,6
Israel;2008;Developing;81,00;65;1;2,47;471,55;99;931;62,1;1;94;7,33;94;0,1;29657,44;7388;1,1;1,1;0,88;15,8
Israel;2007;Developing;84,00;68;1;2,33;4,35;99;539;61,6;1;95;7,37;95;0,1;258,64;7181;1,1;1,1;0,87;15,7
Israel;2006;Developing;84,00;68;1;2,23;33,59;96;9;61,1;1;94;7,38;95;0,1;2195,18;7537;1,1;1,1;0,87;15,7
Israel;2005;Developing;80,00;71;1;2,41;250,93;96;2;6,6;1;95;7,44;93;0,1;2611,18;6931;1,1;1,1;0,87;15,8
Israel;2004;Developing;81,00;69;1;2,23;1895,34;99;116;6,1;1;95;7,35;95;0,1;19888,17;689;1,1;1,1;0,86;15,9
Israel;2003;Developing;79,70;71;1;2,32;1731,76;98;124;59,6;1;93;7,44;93;0,1;18947,00;66897;1,1;1,1;0,86;16,0
Israel;2002;Developing;79,30;74;1;2,47;1701,20;98;2;59,2;1;91;7,49;9;0,1;18431,16;657;1,1;1,1;0,86;15,3
Israel;2001;Developing;79,30;74;1;2,53;22,27;96;19;58,7;1;93;7,61;92;0,1;236,20;6439;1,1;1,1;0,85;15,1
Israel;2000;Developing;78,90;76;1;2,53;199,93;98;36;58,3;1;93;7,13;93;0,1;2152,14;6289;1,1;1,1;0,85;15,2
Italy;2015;Developed;82,70;56;1;0,00;0,00;93;159;63,6;2;93;0,00;93;0,1;349,15;673582;0,6;0,6;0,88;16,3
Italy;2014;Developed;82,50;57;2;7,56;4831,64;95;0;63,1;2;95;9,25;95;0,1;35396,67;678914;0,6;0,6;0,88;16,3
Italy;2013;Developed;82,30;58;2;7,35;483,19;96;0;62,6;2;96;9,22;96;0,1;3537,27;6233948;0,5;0,6;0,88;16,5
Italy;2012;Developed;82,00;6;2;7,49;4793,90;96;376;62,1;2;96;9,28;97;0,1;34814,12;59539717;0,5;0,6;0,88;16,6
Italy;2011;Developed;82,00;6;2;6,98;5439,69;96;5189;61,5;2;96;9,27;96;0,1;38334,68;59379449;0,5;0,5;0,87;16,4
Italy;2010;Developed;81,80;6;2;6,95;5219,67;96;372;61,0;2;96;9,42;96;0,1;35849,37;59277417;0,5;0,5;0,87;16,4
Italy;2009;Developed;81,60;61;2;7,25;5243,32;96;351;6,5;2;96;9,41;96;0,1;36976,85;5995365;0,5;0,5;0,87;16,3
Italy;2008;Developed;81,50;61;2;7,96;66,38;96;1617;59,9;2;96;8,89;96;0,1;464,18;58826731;0,5;0,5;0,87;16,3
Italy;2007;Developed;81,30;63;2;8,37;5228,82;97;321;59,4;2;97;8,48;97;0,1;37698,79;5843831;0,5;0,5;0,86;16,1
Italy;2006;Developed;81,20;65;2;8,44;473,19;96;439;58,8;2;97;8,82;96;0,1;3341,75;58143979;0,5;0,5;0,86;16,0
Italy;2005;Developed;88,00;66;2;8,65;4506,26;96;135;58,2;2;97;8,71;95;0,1;31959,26;57969484;0,5;0,5;0,85;15,8
Italy;2004;Developed;89,00;66;2;8,98;4270,91;96;599;57,6;3;97;8,49;94;0,1;31174,56;57685327;0,5;0,5;0,85;15,6
Italy;2003;Developed;79,90;72;2;9,30;3519,26;95;10982;57,0;3;97;8,17;96;0,1;27387,23;5731323;0,5;0,5;0,84;15,4
Italy;2002;Developed;80,00;72;2;9,25;2883,33;95;9385;56,4;3;96;8,23;93;0,1;22196,57;57597;0,5;0,5;0,84;15,2
Italy;2001;Developed;79,80;75;2;9,69;3,12;95;0;55,7;3;96;8,11;93;0,1;24,82;569741;0,5;0,5;0,83;14,9
Italy;2000;Developed;79,40;77;3;9,78;31,51;94;1457;55,0;3;97;7,91;87;0,1;251,24;5694218;0,5;0,5;0,82;14,8
Jamaica;2015;Developing;76,20;125;1;0,00;0,00;91;0;54,2;1;91;0,00;91;0,5;4965,99;2871934;1,8;1,7;0,73;12,8
Jamaica;2014;Developing;75,80;133;1;3,83;427,31;92;0;53,5;1;93;5,36;92;0,5;4855,74;286287;1,8;1,7;0,73;12,8
Jamaica;2013;Developing;75,60;136;1;3,79;5,46;93;0;52,7;1;86;5,91;93;0,6;56,14;285187;1,8;1,7;0,73;12,8
Jamaica;2012;Developing;75,30;138;1;3,65;37,17;96;0;52,0;1;96;5,66;96;0,5;521,33;284992;1,8;1,7;0,73;12,8
Jamaica;2011;Developing;75,20;139;1;3,58;33,18;92;1;51,2;1;93;5,21;92;0,6;513,55;2829493;1,8;1,7;0,72;12,8
Jamaica;2010;Developing;75,00;138;1;3,55;396,63;94;0;5,5;1;94;5,30;94;0,5;4682,73;281721;1,8;1,7;0,72;12,7
Jamaica;2009;Developing;74,70;142;1;3,33;235,71;9;0;49,7;1;9;5,16;9;0,6;4293,38;28482;1,9;1,7;0,72;12,7
Jamaica;2008;Developing;74,50;145;1;3,51;31,77;92;2;48,9;1;91;5,40;91;0,4;492,49;279122;1,9;1,7;0,72;12,6
Jamaica;2007;Developing;74,20;148;1;3,64;25,62;92;0;48,1;1;94;4,87;92;0,9;462,52;2775467;1,9;1,7;0,71;12,5
Jamaica;2006;Developing;74,00;15;1;3,63;194,09;97;0;47,2;1;99;4,22;95;1,5;4313,17;276279;1,9;1,7;0,71;12,5
Jamaica;2005;Developing;73,50;161;1;3,59;16,98;99;0;46,3;1;99;4,70;99;1,9;482,25;2744673;1,9;1,7;0,71;12,4
Jamaica;2004;Developing;73,30;165;1;3,67;192,32;98;0;45,4;1;97;4,80;98;2,3;3719,97;2728777;1,9;1,8;0,69;11,1
Jamaica;2003;Developing;73,10;166;1;3,48;155,59;36;0;44,5;1;99;4,56;96;2,3;3465,22;2712511;1,9;1,8;0,69;11,9
Jamaica;2002;Developing;73,00;167;1;3,76;211,11;0;0;43,5;1;99;4,86;99;2,3;3596,50;2695446;2,0;1,8;0,69;11,7
Jamaica;2001;Developing;72,70;171;1;3,89;160,24;0;0;42,5;1;99;5,34;99;2,2;3394,88;267711;2,0;1,8;0,68;10,9
Jamaica;2000;Developing;72,60;171;1;3,46;24,83;0;0;41,6;1;95;5,81;93;2,2;336,87;2656864;2,0;1,9;0,68;11,4
Japan;2015;Developed;83,70;55;2;0,00;0,00;0;35;29,0;3;99;0,00;96;0,1;34474,14;127141;2,1;1,8;0,90;15,3
Japan;2014;Developed;83,50;57;2;0,01;88,83;0;462;28,6;3;99;1,23;96;0,1;3896,21;127276;2,0;1,7;0,90;15,3
Japan;2013;Developed;83,50;56;2;7,55;94,43;0;229;28,2;3;99;1,25;96;0,1;4454,45;127445;2,0;1,7;0,89;15,3
Japan;2012;Developed;83,30;58;2;7,39;121,59;0;228;27,8;3;99;1,17;97;0,1;4863,48;127629;1,9;1,7;0,89;15,3
Japan;2011;Developed;82,50;64;3;7,39;9498,73;0;434;27,4;4;96;1,70;97;0,1;48168,00;127833;1,9;1,6;0,88;15,1
Japan;2010;Developed;83,00;62;3;6,90;863,01;0;450;26,9;4;98;9,58;97;0,1;4457,68;1287;1,9;1,6;0,88;15,1
Japan;2009;Developed;83,00;64;3;7,09;899,18;0;741;26,4;4;99;9,51;97;0,1;4855,18;12847;1,8;1,6;0,88;15,0
Japan;2008;Developed;82,70;66;3;7,11;7313,18;0;11015;25,9;4;98;8,60;98;0,1;39339,30;12863;1,8;1,5;0,88;15,0
Japan;2007;Developed;82,60;67;3;7,29;6600,00;0;0;25,4;4;97;8,25;98;0,1;35275,23;1281;1,8;1,5;0,88;15,0
Japan;2006;Developed;82,40;68;3;7,49;6502,14;0;520;24,9;4;95;8,19;98;0,1;35433,99;127854;1,7;1,5;0,87;14,9
Japan;2005;Developed;82,00;69;3;7,99;6799,66;0;0;24,4;4;95;8,18;98;0,1;37217,65;127773;1,7;1,5;0,87;14,9
Japan;2004;Developed;82,10;68;3;7,70;6746,28;0;8752;23,8;4;97;8,30;99;0,1;37688,72;127761;1,7;1,4;0,87;14,8
Japan;2003;Developed;81,90;7;3;7,83;578,73;0;8286;23,4;5;97;8,00;97;0,1;3488,40;127718;1,7;1,4;0,86;14,8
Japan;2002;Developed;81,80;7;3;7,87;5250,25;0;33812;22,9;5;89;7,85;96;0,1;32289,36;127445;1,7;1,4;0,86;14,7
Japan;2001;Developed;81,50;72;4;8,03;5486,51;0;22552;22,5;5;81;7,75;95;0,1;33846,47;127149;1,7;1,4;0,86;14,6
Japan;2000;Developed;81,10;74;4;7,97;5926,30;0;22497;22,2;5;98;7,53;85;0,1;38532,49;126843;1,6;1,4;0,85;14,5
Jordan;2015;Developing;74,10;112;4;0,00;0,00;99;0;65,6;4;99;0,00;99;0,1;496,99;915932;4,0;4,0;0,74;13,1
Jordan;2014;Developing;74,00;113;4;0,41;63,88;98;20;64,8;4;98;7,45;98;0,1;466,95;88936;3,9;3,9;0,74;13,1
Jordan;2013;Developing;73,90;114;4;0,40;546,62;98;120;64,0;4;98;7,23;98;0,1;3992,87;8413464;3,9;3,9;0,74;13,1
Jordan;2012;Developing;73,70;115;4;0,41;67,70;98;3;63,2;4;98;8,00;98;0,1;387,75;7992573;3,9;3,9;0,74;12,9
Jordan;2011;Developing;73,60;116;4;0,43;68,87;98;0;62,4;4;98;8,39;98;0,1;387,32;7574943;3,8;3,9;0,74;13,1
Jordan;2010;Developing;73,40;117;4;0,51;715,97;98;0;61,7;4;98;8,42;98;0,1;3679,19;718239;3,8;3,8;0,74;13,2
Jordan;2009;Developing;73,30;118;4;0,59;668,74;98;0;6,9;4;98;9,54;98;0,1;3492,14;6821116;3,8;3,8;0,74;13,6
Jordan;2008;Developing;73,10;119;4;0,61;535,28;97;2;6,1;4;98;8,78;97;0,1;3385,70;6489822;3,8;3,8;0,74;13,6
Jordan;2007;Developing;73,00;12;4;0,60;373,26;98;41;59,3;4;98;8,35;98;0,1;2762,86;6193191;3,8;3,8;0,74;13,6
Jordan;2006;Developing;72,80;121;4;0,59;313,36;98;1;58,6;4;98;8,80;98;0,1;2537,35;5934232;3,9;3,8;0,73;13,7
Jordan;2005;Developing;72,40;127;4;0,55;27,44;95;28;57,8;4;95;8,88;95;0,1;223,84;5714111;3,9;3,8;0,73;13,8
Jordan;2004;Developing;72,50;125;4;0,54;32,53;95;21;57,0;4;95;9,50;95;0,1;261,46;5535595;3,9;3,8;0,72;13,5
Jordan;2003;Developing;72,30;127;4;0,54;228,78;97;76;56,3;4;97;9,15;97;0,1;1889,21;5396774;3,9;3,9;0,72;13,2
Jordan;2002;Developing;72,10;129;4;0,54;259,16;95;19;55,5;4;95;9,68;95;0,1;1812,29;5287488;3,9;3,9;0,71;13,0
Jordan;2001;Developing;71,90;131;4;0,55;248,70;97;61;54,8;4;97;9,90;99;0,1;1728,27;5193482;4,0;3,9;0,71;12,7
Jordan;2000;Developing;71,70;133;4;0,49;227,30;93;32;54,0;4;94;9,65;91;0,1;1657,89;51313;4,0;4,0;0,70;12,6
Kazakhstan;2015;Developing;72,00;198;4;0,00;0,00;98;526;53,1;5;98;0,00;98;0,1;159,98;17544126;2,4;2,5;0,79;15,0
Kazakhstan;2014;Developing;69,90;22;5;6,29;24,44;95;321;52,3;5;95;4,36;95;0,1;1286,57;17289224;2,4;2,5;0,79;15,0
Kazakhstan;2013;Developing;69,50;28;5;6,48;26,41;99;73;51,4;6;98;4,30;98;0,1;1389,86;1735275;2,4;2,5;0,78;15,0
Kazakhstan;2012;Developing;69,10;214;6;6,82;235,36;95;55;5,6;7;98;4,32;99;0,1;12387,19;16791425;2,4;2,5;0,77;14,7
Kazakhstan;2011;Developing;68,50;224;7;6,63;179,17;99;127;49,9;7;99;4,60;99;0,1;11634,42;165566;2,3;2,5;0,77;14,4
Kazakhstan;2010;Developing;67,80;236;7;6,83;11,15;99;4;49,2;8;98;4,42;99;0,1;97,65;16321581;2,3;2,5;0,76;14,5
Kazakhstan;2009;Developing;67,80;235;7;6,64;808,24;99;0;48,5;8;99;4,13;98;0,1;7165,28;169271;2,3;2,5;0,76;14,6
Kazakhstan;2008;Developing;66,60;258;8;7,60;708,33;99;20;47,9;9;99;3,65;99;0,1;8513,56;15674;2,4;2,5;0,76;14,6
Kazakhstan;2007;Developing;65,30;288;8;7,44;499,73;94;13;47,3;9;94;3,19;93;0,1;6771,41;15484192;2,4;2,5;0,75;14,7
Kazakhstan;2006;Developing;65,00;295;8;7,08;76,20;99;109;46,8;9;99;3,73;99;0,1;5291,58;153884;2,4;2,5;0,75;14,3
Kazakhstan;2005;Developing;64,60;294;8;6,94;351,86;94;16118;46,3;9;99;4,70;98;0,1;3771,28;1514729;2,4;2,5;0,74;13,9
Kazakhstan;2004;Developing;64,70;287;8;6,55;33,92;99;2204;45,8;9;99;3,95;82;0,1;2874,29;1512985;2,5;2,6;0,73;13,5
Kazakhstan;2003;Developing;64,40;282;8;6,58;23,43;99;24;45,3;9;99;3,70;99;0,1;268,12;149918;2,5;2,6;0,71;13,1
Kazakhstan;2002;Developing;64,70;276;8;5,99;145,10;95;18;44,8;9;95;3,61;95;0,1;1658,31;14858948;2,6;2,6;0,70;12,7
Kazakhstan;2001;Developing;64,40;284;8;5,75;12,61;95;94;44,4;10;95;3,47;95;0,1;149,93;14858335;2,6;2,7;0,69;12,3
Kazakhstan;2000;Developing;63,90;292;9;6,00;112,54;99;245;43,9;10;96;4,16;97;0,1;1229,96;14883626;2,7;2,7;0,68;12,1
Kenya;2015;Developing;63,40;249;54;0,00;0,00;89;95;22,0;75;83;0,00;89;2,8;1349,97;47236259;7,8;7,6;0,55;11,1
Kenya;2014;Developing;62,90;255;56;0,01;170,96;92;354;21,3;79;93;5,72;92;2,9;1335,65;462425;7,8;7,7;0,55;11,1
Kenya;2013;Developing;62,60;258;58;1,84;165,93;93;190;2,7;81;94;5,57;87;3,0;1229,11;44826849;7,9;7,7;0,54;11,1
Kenya;2012;Developing;62,10;263;59;1,81;154,23;94;0;2,1;84;94;5,49;94;3,0;1155,26;43646629;8,0;7,8;0,54;11,1
Kenya;2011;Developing;61,20;278;60;1,80;109,71;96;2395;19,5;86;97;5,23;96;3,4;987,45;42486839;8,1;7,9;0,53;11,1
Kenya;2010;Developing;63,00;294;61;1,73;56,59;9;95;18,9;89;9;3,97;9;4,3;967,35;4135152;8,2;8,0;0,52;11,1
Kenya;2009;Developing;59,10;317;62;1,86;7,15;88;1218;18,4;91;89;4,17;88;5,0;92,82;423724;8,2;8,1;0,51;10,7
Kenya;2008;Developing;57,90;339;64;1,71;60,52;88;1282;17,9;95;88;3,90;88;6,4;916,90;39148416;8,3;8,2;0,51;10,4
Kenya;2007;Developing;56,80;356;66;1,97;59,83;81;1516;17,3;100;76;4,80;81;9,1;839,18;388599;8,4;8,3;0,49;10,1
Kenya;2006;Developing;55,30;388;68;1,76;52,60;8;1847;16,9;104;77;4,24;8;10,3;697,66;37525;8,5;8,4;0,48;9,7
Kenya;2005;Developing;54,10;412;70;1,82;39,56;76;153;16,4;108;7;4,36;76;11,6;519,80;3648288;8,6;8,5;0,47;9,6
Kenya;2004;Developing;53,00;432;72;1,43;36,30;73;20;15,9;112;73;4,29;73;13,2;458,88;3574931;8,7;8,6;0,46;8,9
Kenya;2003;Developing;52,40;437;74;1,49;35,85;73;65;15,5;115;75;4,45;73;14,5;436,69;3413852;8,8;8,8;0,45;8,2
Kenya;2002;Developing;52,10;437;76;1,66;32,74;84;766;15,1;118;83;4,54;84;15,7;395,85;332149;8,9;8,9;0,45;8,5
Kenya;2001;Developing;51,90;434;77;1,63;3,85;0;11304;14,7;120;77;4,62;8;16,9;41,78;32321482;9,0;9,0;0,45;8,4
Kenya;2000;Developing;51,90;428;77;1,51;0,68;0;21002;14,4;121;8;4,68;82;18,1;43,98;3145483;9,2;9,1;0,45;8,4
Kiribati;2015;Developing;66,30;198;0;0,00;0,00;82;0;77,6;0;8;0,00;78;0,1;1424,48;11247;0,1;0,1;0,59;11,9
Kiribati;2014;Developing;66,10;2;0;0,01;97,87;75;0;77,1;0;79;1,21;75;0,1;1684,54;11458;0,1;0,1;0,60;11,9
Kiribati;2013;Developing;65,80;22;0;0,01;137,26;95;0;76,7;0;91;1,15;95;0,1;1724,36;18535;0,1;0,1;0,59;11,9
Kiribati;2012;Developing;65,70;24;0;0,01;147,45;94;0;76,2;0;92;1,37;94;0,1;1763,82;16613;0,1;0,1;0,58;11,9
Kiribati;2011;Developing;65,50;26;0;0,53;30,47;95;0;75,7;0;95;1,42;99;0,1;1692,61;14656;0,1;0,1;0,59;11,9
Kiribati;2010;Developing;65,30;27;0;0,48;18,22;91;0;75,2;0;95;1,52;91;0,1;1493,17;12652;0,1;0,1;0,58;11,9
Kiribati;2009;Developing;65,20;28;0;0,54;162,29;86;0;74,6;0;84;12,24;86;0,1;1297,29;1568;0,1;0,1;0,58;11,9
Kiribati;2008;Developing;65,10;21;0;0,46;167,62;83;0;74,1;0;74;12,23;82;0,1;1413,32;9844;0,2;0,1;0,57;11,6
Kiribati;2007;Developing;65,00;211;0;0,68;188,71;96;0;73,4;0;93;13,66;94;0,1;1357,63;96311;0,2;0,1;0,57;11,8
Kiribati;2006;Developing;65,00;212;0;0,76;18,19;88;0;72,8;0;86;1,93;86;0,1;1151,56;9426;0,2;0,1;0,58;12,1
Kiribati;2005;Developing;64,90;213;0;0,60;111,74;5;0;72,1;0;74;1,60;79;0,1;1214,56;92325;0,2;0,2;0,00;12,2
Kiribati;2004;Developing;64,80;214;0;0,48;10,62;67;0;71,4;0;61;1,39;62;0,1;113,63;9542;0,2;0,2;0,00;12,4
Kiribati;2003;Developing;64,70;215;0;0,50;1,77;73;0;7,6;0;79;9,98;7;0,1;115,39;88895;0,2;0,2;0,00;11,6
Kiribati;2002;Developing;64,60;217;0;0,49;70,76;79;0;69,7;0;96;9,10;77;0,1;826,59;87343;0,2;0,2;0,00;11,7
Kiribati;2001;Developing;64,30;219;0;0,60;59,97;85;0;68,8;0;88;9,00;85;0,1;734,95;85858;0,2;0,2;0,00;10,4
Kiribati;2000;Developing;64,10;222;0;0,46;11,08;9;0;67,9;0;9;8,12;9;0,1;796,79;8446;0,2;0,2;0,00;10,0
Kuwait;2015;Developing;74,70;81;0;0,00;0,00;99;18;71,4;1;99;0,00;99;0,1;28975,42;0;3,5;3,4;0,80;13,3
Kuwait;2014;Developing;74,60;82;0;0,01;2480,90;96;55;7,8;1;94;3,40;95;0,1;42996,48;0;3,4;3,4;0,79;13,0
Kuwait;2013;Developing;74,50;83;1;0,01;2792,68;99;62;7,2;1;99;2,56;99;0,1;48399,96;0;3,4;3,3;0,80;13,1
Kuwait;2012;Developing;74,30;84;1;0,01;2957,97;98;27;69,5;1;98;2,57;98;0,1;51264,71;0;3,4;3,3;0,79;13,2
Kuwait;2011;Developing;74,20;85;1;0,02;2785,10;99;32;69,0;1;99;2,62;99;0,1;48268,59;0;3,3;3,2;0,79;13,4
Kuwait;2010;Developing;74,00;86;1;0,01;2009,58;99;13;68,4;1;98;2,76;98;0,1;38497,62;0;3,3;3,2;0,79;13,5
Kuwait;2009;Developing;73,90;87;1;0,10;3001,63;99;0;67,9;1;99;3,87;99;0,1;37567,31;0;3,3;3,2;0,79;13,6
Kuwait;2008;Developing;73,80;88;1;0,03;2078,39;99;0;67,5;1;99;1,93;99;0,1;55572,00;0;3,3;3,1;0,79;13,8
Kuwait;2007;Developing;73,70;89;1;0,03;2555,30;99;0;67,1;1;99;2,13;99;0,1;45793,98;0;3,2;3,1;0,79;13,9
Kuwait;2006;Developing;73,60;89;1;0,01;2443,44;99;0;66,7;1;99;2,25;99;0,1;42717,56;0;3,2;3,1;0,79;14,1
Kuwait;2005;Developing;73,60;9;0;0,01;239,58;99;10;66,3;1;99;2,38;99;0,1;3549,26;0;3,2;3,1;0,79;14,2
Kuwait;2004;Developing;73,50;91;0;0,02;1731,07;94;23;65,9;1;98;2,76;98;0,1;26921,83;0;3,2;3,0;0,79;14,4
Kuwait;2003;Developing;73,40;93;0;0,03;159,01;99;0;65,5;1;99;3,23;99;0,1;2271,57;0;3,2;3,0;0,79;14,1
Kuwait;2002;Developing;73,30;94;0;0,01;1209,68;99;0;65,0;1;99;3,56;99;0,1;17789,42;0;3,2;3,0;0,79;13,9
Kuwait;2001;Developing;73,20;95;0;0,01;113,20;99;0;64,5;1;99;3,61;99;0,1;1654,97;0;3,2;3,0;0,79;14,0
Kuwait;2000;Developing;73,20;96;0;0,01;959,93;95;6;64,0;1;94;2,51;98;0,1;18389,38;0;3,2;3,1;0,79;14,1
Kyrgyzstan;2015;Developing;71,10;166;3;0,00;0,00;97;17779;44,9;3;97;0,00;97;0,1;0,00;0;3,3;3,4;0,66;13,0
Kyrgyzstan;2014;Developing;78,00;17;3;0,01;0,00;96;318;43,9;4;95;6,48;96;0,1;0,00;0;3,3;3,4;0,66;12,8
Kyrgyzstan;2013;Developing;77,00;174;3;0,01;0,00;97;1;43,0;4;97;6,68;97;0,1;0,00;0;3,3;3,3;0,65;12,5
Kyrgyzstan;2012;Developing;69,90;18;3;0,01;0,00;96;0;42,2;4;94;6,97;96;0,1;0,00;0;3,2;3,3;0,64;12,3
Kyrgyzstan;2011;Developing;69,40;188;4;3,28;0,00;96;222;41,4;4;94;6,18;96;0,2;0,00;0;3,2;3,3;0,63;12,1
Kyrgyzstan;2010;Developing;68,80;199;4;2,73;0,00;96;0;4,7;4;88;6,66;96;0,1;0,00;0;3,2;3,3;0,63;12,2
Kyrgyzstan;2009;Developing;68,50;21;4;2,39;0,00;96;1;4,1;4;96;6,79;95;0,1;0,00;0;3,3;3,4;0,63;12,4
Kyrgyzstan;2008;Developing;67,60;217;4;2,53;0,00;97;16;39,5;4;95;6,70;95;0,2;0,00;0;3,3;3,4;0,62;12,6
Kyrgyzstan;2007;Developing;67,20;229;4;2,77;0,00;94;40;39,0;4;94;6,87;94;0,1;0,00;0;3,3;3,4;0,62;12,6
Kyrgyzstan;2006;Developing;66,70;234;4;2,48;0,00;9;27;38,5;4;93;6,73;92;0,1;0,00;0;3,3;3,4;0,61;12,5
Kyrgyzstan;2005;Developing;66,90;224;4;2,81;0,00;97;53;38,0;4;98;5,82;98;0,1;0,00;0;3,4;3,4;0,61;12,4
Kyrgyzstan;2004;Developing;67,10;218;4;3,41;0,00;99;8;37,5;4;98;5,57;99;0,1;0,00;0;3,4;3,4;0,61;12,5
Kyrgyzstan;2003;Developing;66,60;217;4;3,52;0,00;99;6;37,0;4;98;5,43;98;0,1;0,00;0;3,5;3,5;0,60;12,2
Kyrgyzstan;2002;Developing;66,70;215;4;3,31;0,00;99;2;36,5;5;99;5,43;98;0,1;0,00;0;3,5;3,5;0,60;12,1
Kyrgyzstan;2001;Developing;67,20;217;4;2,62;0,00;57;17;36,0;5;99;4,79;99;0,1;0,00;0;3,6;3,6;0,59;11,8
Kyrgyzstan;2000;Developing;66,60;225;4;2,13;0,00;44;16;35,6;5;99;4,68;99;0,1;0,00;0;3,6;3,6;0,59;11,4
Lao People's Democratic Republic;2015;Developing;65,70;194;8;0,00;0,00;89;56;21,7;11;89;0,00;89;0,2;0,00;0;8,8;8,9;0,58;10,8
Lao People's Democratic Republic;2014;Developing;65,30;199;8;0,01;0,00;88;339;2,9;11;88;1,87;88;0,2;0,00;0;8,9;9,0;0,57;10,6
Lao People's Democratic Republic;2013;Developing;64,90;23;9;0,01;0,00;87;71;2,1;12;86;2,00;87;0,3;0,00;0;9,0;9,1;0,56;10,4
Lao People's Democratic Republic;2012;Developing;64,40;28;9;0,01;0,00;79;32;19,4;12;78;2,12;79;0,3;0,00;0;9,1;9,2;0,55;10,2
Lao People's Democratic Republic;2011;Developing;64,00;213;9;5,39;0,00;78;113;18,7;13;79;2,20;78;0,3;0,00;0;9,2;9,4;0,54;9,9
Lao People's Democratic Republic;2010;Developing;63,60;218;10;5,95;0,00;74;153;18,0;13;76;2,75;74;0,3;0,00;0;9,3;9,5;0,54;9,6
Lao People's Democratic Republic;2009;Developing;63,10;223;10;5,18;0,00;67;78;17,3;14;67;3,77;67;0,2;0,00;0;9,4;9,6;0,53;9,4
Lao People's Democratic Republic;2008;Developing;62,60;228;10;5,10;0,00;61;174;16,7;14;6;2,77;61;0,2;0,00;0;9,6;9,7;0,52;9,2
Lao People's Democratic Republic;2007;Developing;62,10;234;11;5,00;0,00;5;1678;16,1;15;46;4,14;5;0,2;0,00;0;9,7;9,8;0,51;9,0
Lao People's Democratic Republic;2006;Developing;61,50;24;11;3,69;0,00;57;58;15,5;15;56;4,14;57;0,2;0,00;0;9,9;9,9;0,50;9,0
Lao People's Democratic Republic;2005;Developing;61,00;246;11;3,68;0,00;49;295;14,9;16;5;4,32;49;0,2;0,00;0;1,0;1,1;0,49;8,7
Lao People's Democratic Republic;2004;Developing;64,00;252;12;3,53;0,00;45;1491;14,4;16;46;4,54;45;0,2;0,00;0;1,1;1,2;0,49;8,6
Lao People's Democratic Republic;2003;Developing;59,80;259;12;3,41;0,00;5;1810;13,8;17;52;4,91;49;0,1;0,00;0;1,2;1,3;0,48;8,3
Lao People's Democratic Republic;2002;Developing;59,30;265;13;3,33;0,00;0;2070;13,3;18;55;4,40;53;0,1;0,00;0;1,3;1,4;0,47;8,0
Lao People's Democratic Republic;2001;Developing;58,70;271;13;3,13;0,00;0;94;12,7;19;55;4,32;52;0,1;0,00;0;1,4;1,5;0,46;8,0
Lao People's Democratic Republic;2000;Developing;58,10;278;14;5,16;0,00;0;332;12,3;20;57;3,41;51;0,1;0,00;0;1,5;1,5;0,46;8,0
Latvia;2015;Developed;74,60;153;0;0,00;0,00;94;0;61,2;0;95;0,00;95;0,1;13666,58;1977527;2,2;2,1;0,83;16,0
Latvia;2014;Developed;74,40;156;0;0,01;1542,64;92;36;6,7;0;92;5,88;92;0,1;15725,14;1993782;2,2;2,2;0,82;16,0
Latvia;2013;Developed;74,10;161;0;10,37;150,31;94;0;6,2;0;94;5,67;94;0,1;1532,23;212647;2,2;2,2;0,81;15,4
Latvia;2012;Developed;73,80;163;0;10,21;1356,02;9;3;59,8;0;91;5,91;91;0,1;13822,86;234319;2,2;2,2;0,81;15,5
Latvia;2011;Developed;73,60;169;0;10,14;24,71;89;1;59,4;0;92;6,10;92;0,1;1372,69;25979;2,2;2,3;0,81;15,8
Latvia;2010;Developed;72,80;18;0;9,80;1109,97;91;0;58,9;0;92;6,55;92;0,1;11326,22;297555;2,2;2,3;0,82;16,0
Latvia;2009;Developed;72,60;184;0;9,85;1137,62;92;0;58,5;0;94;6,84;94;0,1;12219,37;2141669;2,3;2,3;0,82;16,4
Latvia;2008;Developed;71,90;199;0;11,84;253,40;93;3;58,1;0;94;6,63;94;0,1;16348,53;2177322;2,3;2,4;0,82;16,3
Latvia;2007;Developed;78,00;221;0;12,12;170,99;91;0;57,7;0;94;7,10;94;0,1;1444,16;22325;2,4;2,4;0,81;16,2
Latvia;2006;Developed;75,00;229;0;10,40;1099,25;94;7;57,4;0;96;6,80;96;0,1;9667,98;2218357;2,4;2,5;0,81;16,2
Latvia;2005;Developed;76,00;216;0;9,92;86,93;99;2;57,0;0;99;6,37;99;0,1;7558,74;2238799;2,5;2,5;0,79;15,9
Latvia;2004;Developed;71,00;26;0;8,81;80,03;98;0;56,6;0;99;6,51;99;0,1;6351,81;2263122;2,5;2,6;0,78;15,5
Latvia;2003;Developed;78,00;29;0;8,24;478,06;98;0;56,3;0;98;6,15;98;0,1;5134,96;2287955;2,6;2,6;0,76;15,2
Latvia;2002;Developed;73,00;219;0;7,44;376,46;98;0;56,0;0;98;6,29;97;0,1;4132,35;231173;2,7;2,7;0,75;14,8
Latvia;2001;Developed;69,90;228;0;6,68;332,28;96;1;55,7;0;97;6,17;97;0,1;3572,85;233717;2,8;2,8;0,73;14,2
Latvia;2000;Developed;71,00;218;0;7,13;291,02;95;0;55,4;0;96;6,00;96;0,1;3352,73;236755;2,8;2,8;0,72;13,7
Lebanon;2015;Developing;74,90;98;1;0,00;0,00;81;39;66,1;1;75;0,00;81;0,1;846,63;5851479;4,9;4,9;0,76;13,3
Lebanon;2014;Developing;74,80;99;1;1,32;140,38;81;112;65,4;1;75;6,39;81;0,1;8161,46;563279;4,8;4,9;0,76;13,3
Lebanon;2013;Developing;74,90;97;1;1,29;14,56;81;1761;64,9;1;75;6,63;81;0,1;846,29;527612;4,8;4,8;0,77;13,3
Lebanon;2012;Developing;75,00;93;1;1,53;151,15;81;9;64,4;1;75;6,99;81;0,1;8787,95;491644;4,8;4,8;0,76;13,3
Lebanon;2011;Developing;75,00;93;1;1,57;835,06;81;9;64,0;1;75;7,12;81;0,1;8734,97;4588368;4,7;4,7;0,76;13,2
Lebanon;2010;Developing;74,90;94;1;1,58;805,40;81;12;63,5;1;75;7,19;81;0,1;8763,83;4337141;4,7;4,7;0,75;13,3
Lebanon;2009;Developing;74,70;95;1;1,62;8,14;81;22;63,0;1;75;7,42;81;0,1;84,27;4183156;4,7;4,7;0,75;13,2
Lebanon;2008;Developing;74,50;98;1;1,67;69,14;81;24;62,5;1;75;8,70;81;0,1;712,78;411147;4,7;4,7;0,74;13,1
Lebanon;2007;Developing;74,40;98;1;1,72;8,91;8;373;61,9;1;75;8,90;8;0,1;614,27;486466;4,7;4,6;0,73;12,9
Lebanon;2006;Developing;74,10;1;1;1,82;534,58;78;956;61,4;1;75;8,83;78;0,1;5372,66;45735;4,7;4,6;0,73;13,2
Lebanon;2005;Developing;73,90;11;1;1,94;630,05;77;618;6,8;1;74;8,42;77;0,1;5339,44;3986852;4,7;4,6;0,00;13,7
Lebanon;2004;Developing;73,70;13;1;2,10;618,36;75;213;6,2;1;74;8,91;75;0,1;5424,22;3863267;4,7;4,6;0,00;14,2
Lebanon;2003;Developing;73,50;15;1;2,19;527,92;74;526;59,7;1;74;9,30;74;0,1;5425,67;371464;4,8;4,7;0,00;14,8
Lebanon;2002;Developing;73,20;17;1;1,98;70,13;77;36;59,1;1;77;1,50;77;0,1;5436,60;3522837;4,8;4,7;0,00;15,2
Lebanon;2001;Developing;73,00;11;1;2,19;510,60;8;8;58,6;1;8;1,90;8;0,1;5253,12;3359859;4,9;4,7;0,00;15,0
Lebanon;2000;Developing;72,70;112;1;2,26;404,39;83;5;57,9;1;83;1,86;83;0,1;5334,93;3235366;4,9;4,8;0,00;14,9
Lesotho;2015;Developing;53,70;484;4;0,00;0,00;93;0;32,6;6;9;0,00;93;9,3;173,83;2174645;5,5;5,3;0,50;10,7
Lesotho;2014;Developing;52,10;522;4;0,01;162,13;93;0;32,0;6;9;1,62;93;9,4;1174,84;2145785;5,8;5,6;0,49;10,8
Lesotho;2013;Developing;52,10;518;4;0,01;153,34;93;516;31,4;6;9;11,70;93;9,6;1196,13;2117361;6,1;5,9;0,48;11,1
Lesotho;2012;Developing;52,20;513;4;0,01;168,13;95;179;3,8;6;93;11,14;95;9,0;1281,52;289928;6,4;6,2;0,48;11,0
Lesotho;2011;Developing;52,30;52;4;2,39;195,83;96;172;3,2;6;95;11,79;96;10,5;1352,38;264166;6,8;6,6;0,47;11,0
Lesotho;2010;Developing;51,10;527;4;2,71;154,87;93;2488;29,7;6;92;1,87;93;13,4;1173,26;24551;7,2;7,0;0,46;10,9
Lesotho;2009;Developing;49,40;566;4;2,75;104,31;91;0;29,2;6;89;9,80;91;18,2;923,14;21929;7,6;7,4;0,45;10,8
Lesotho;2008;Developing;47,80;592;5;2,75;91,85;88;0;28,8;6;86;8,85;88;27,3;934,43;199993;8,0;7,8;0,45;10,7
Lesotho;2007;Developing;46,20;633;4;2,69;9,18;9;2;28,3;6;87;8,47;88;30,0;918,43;1982287;8,4;8,3;0,44;10,6
Lesotho;2006;Developing;45,30;654;5;2,61;71,16;91;1;27,9;6;88;7,12;89;34,1;915,78;1965662;8,8;8,7;0,44;10,7
Lesotho;2005;Developing;44,50;675;5;2,67;57,90;87;0;27,4;6;88;6,30;89;34,8;862,95;1949543;9,3;9,2;0,44;10,7
Lesotho;2004;Developing;44,80;666;5;1,80;67,91;6;31;26,9;7;89;6,96;9;34,6;781,51;1933728;9,7;9,7;0,44;10,7
Lesotho;2003;Developing;45,50;648;5;1,99;5,30;17;1;26,4;7;9;7,13;9;33,8;63,64;191897;1,2;1,1;0,44;10,5
Lesotho;2002;Developing;46,40;622;5;2,95;3,53;0;0;25,9;7;84;6,91;84;32,5;47,89;192312;1,6;1,6;0,45;10,4
Lesotho;2001;Developing;47,80;586;5;2,86;38,57;0;217;25,4;7;78;7,53;78;31,2;437,82;1885955;11,1;11,1;0,44;10,3
Lesotho;2000;Developing;49,30;543;5;3,10;29,87;0;660;24,9;7;82;6,92;83;29,8;474,82;1868699;11,5;11,6;0,45;9,6
Liberia;2015;Developing;61,40;259;8;0,00;0,00;52;1060;27,3;11;52;0,00;52;0,9;452,39;4499621;6,5;6,4;0,43;9,9
Liberia;2014;Developing;58,10;329;8;0,01;54,37;5;34;26,7;11;49;1,40;5;0,9;458,47;439737;6,7;6,5;0,43;9,9
Liberia;2013;Developing;61,10;258;9;0,01;45,05;76;0;26,1;11;75;9,25;76;1,1;454,12;4286291;6,8;6,7;0,42;9,8
Liberia;2012;Developing;67,00;261;9;0,01;48,10;8;43;25,6;12;8;1,19;8;1,2;415,36;4181563;7,0;6,9;0,42;9,6
Liberia;2011;Developing;62,00;266;9;3,72;60,45;77;279;25,0;12;77;11,23;77;1,5;379,69;47167;7,2;7,0;0,41;9,5
Liberia;2010;Developing;59,70;272;9;3,64;41,91;47;2200;24,5;13;71;11,87;7;1,8;327,43;3948125;7,4;7,2;0,40;9,6
Liberia;2009;Developing;59,20;277;10;3,75;5,59;64;6;24,0;13;84;14,39;81;2,1;33,67;3811528;7,6;7,4;0,40;9,7
Liberia;2008;Developing;58,60;281;10;3,88;40,03;64;1;23,4;14;79;11,83;75;2,4;232,62;3662993;7,7;7,6;0,39;9,8
Liberia;2007;Developing;57,90;286;10;4,03;3,69;0;1;22,9;14;67;1,24;65;2,8;21,37;3512932;7,9;7,8;0,38;9,9
Liberia;2006;Developing;56,70;32;11;4,05;15,80;0;20;22,4;15;66;1,90;6;3,0;178,93;3375838;8,1;8,1;0,38;10,0
Liberia;2005;Developing;55,30;316;12;4,19;22,40;0;8;22,0;16;66;8,40;6;3,1;168,65;326123;8,3;8,3;0,37;10,1
Liberia;2004;Developing;54,00;329;12;4,24;17,86;0;4;21,5;17;47;8,77;31;3,2;149,45;3176414;8,5;8,5;0,34;10,2
Liberia;2003;Developing;50,00;42;13;4,21;9,76;0;142;21,1;18;49;3,44;35;3,2;133,49;3116233;8,7;8,7;0,37;10,3
Liberia;2002;Developing;56,00;371;13;4,27;10,42;0;131;2,7;19;51;5,43;39;3,1;177,29;362863;8,8;8,9;0,38;10,4
Liberia;2001;Developing;51,50;333;14;4,40;16,72;0;1379;2,4;20;54;6,41;42;3,1;174,18;2991132;9,0;9,0;0,39;10,5
Liberia;2000;Developing;51,90;39;14;4,46;12,20;0;5977;2,2;20;56;5,91;46;3,1;183,41;2884522;9,2;9,2;0,34;8,7
Libya;2015;Developing;72,70;138;1;0,00;0,00;97;82;64,8;2;97;0,00;97;0,1;0,00;0;5,8;5,5;0,72;13,4
Libya;2014;Developing;72,40;143;2;0,01;0,00;94;372;63,8;2;94;4,97;94;0,1;0,00;0;5,7;5,5;0,73;13,4
Libya;2013;Developing;72,90;134;2;0,01;0,00;96;0;62,8;2;96;4,33;96;0,1;0,00;0;5,7;5,5;0,74;13,4
Libya;2012;Developing;72,90;133;2;0,01;0,00;98;320;61,8;2;98;4,30;98;0,1;0,00;0;5,6;5,4;0,71;13,7
Libya;2011;Developing;71,30;161;2;0,01;36,12;98;0;6,9;2;98;4,77;98;0,1;562,55;0;5,6;5,4;0,76;14,0
Libya;2010;Developing;72,80;132;2;0,01;52,50;98;0;59,9;2;98;3,50;98;0,1;1212,56;0;5,6;5,4;0,76;14,3
Libya;2009;Developing;72,70;132;2;0,01;63,55;98;329;59,0;2;98;3,16;98;0,1;1296,97;0;5,6;5,4;0,76;14,6
Libya;2008;Developing;72,60;132;2;0,01;532,67;98;8;58,2;2;98;2,40;98;0,1;14396,49;0;5,5;5,4;0,76;14,8
Libya;2007;Developing;72,50;132;2;0,01;54,88;98;59;57,4;3;98;2,63;98;0,1;1138,57;0;5,5;5,4;0,76;15,1
Libya;2006;Developing;72,20;134;2;0,01;493,42;98;1;56,7;3;98;2,51;98;0,1;9344,99;0;5,5;5,4;0,75;15,4
Libya;2005;Developing;71,90;138;2;0,01;472,30;97;292;56,0;3;98;2,71;98;0,1;8171,36;0;5,5;5,4;0,75;15,7
Libya;2004;Developing;71,50;141;2;0,01;31,81;99;2771;55,3;3;97;3,46;97;0,1;586,84;0;5,5;5,4;0,75;15,9
Libya;2003;Developing;71,30;144;3;0,01;295,12;96;0;54,6;3;95;4,60;95;0,1;4676,97;0;5,6;5,4;0,74;16,0
Libya;2002;Developing;71,10;146;3;0,01;29,13;91;3890;54,0;3;93;4,57;93;0,1;375,44;0;5,6;5,4;0,74;15,8
Libya;2001;Developing;71,00;147;3;0,01;362,38;93;633;53,4;3;94;4,60;94;0,1;6269,58;0;5,6;5,5;0,73;15,7
Libya;2000;Developing;78,00;148;3;0,01;457,32;92;0;52,8;3;94;3,41;94;0,1;7145,63;0;5,7;5,5;0,73;15,5
Lithuania;2015;Developed;73,60;165;0;0,00;0,00;94;50;62,4;0;93;0,00;93;0,1;14252,43;29491;2,6;2,6;0,85;16,5
Lithuania;2014;Developed;73,40;169;0;15,19;2211,74;94;11;61,9;0;93;6,55;93;0,1;16554,97;2932367;2,6;2,7;0,84;16,5
Lithuania;2013;Developed;73,00;178;0;15,04;1968,82;93;35;61,4;0;93;6,59;93;0,1;15712,82;2957689;2,7;2,7;0,83;16,4
Lithuania;2012;Developed;73,00;176;0;15,14;1807,07;93;0;6,9;0;93;6,67;93;0,1;14341,84;2987773;2,7;2,7;0,83;16,5
Lithuania;2011;Developed;72,80;18;0;12,66;1758,82;95;7;6,5;0;92;6,86;92;0,1;14357,74;328115;2,7;2,8;0,83;16,7
Lithuania;2010;Developed;72,40;188;0;12,90;1423,80;94;2;6,0;0;95;7,90;95;0,1;11984,87;397282;2,8;2,8;0,82;16,8
Lithuania;2009;Developed;72,20;192;0;12,40;1446,53;95;0;59,7;0;98;7,53;98;0,1;11837,39;3162916;2,8;2,9;0,83;16,6
Lithuania;2008;Developed;71,10;224;0;13,30;1888,15;96;1;59,3;0;96;6,61;96;0,1;14961,57;3198231;2,9;2,9;0,82;16,5
Lithuania;2007;Developed;72,00;24;0;13,40;1581,51;96;0;59,0;0;95;6,22;95;0,1;12297,92;3231294;2,9;3,0;0,81;16,4
Lithuania;2006;Developed;76,00;229;0;12,70;116,50;95;1;58,7;0;94;6,20;94;0,1;924,64;326999;3,0;3,0;0,81;16,4
Lithuania;2005;Developed;78,00;222;0;12,30;913,70;95;1;58,4;0;93;5,83;94;0,1;7863,16;3322528;3,0;3,1;0,80;16,2
Lithuania;2004;Developed;71,60;24;0;12,10;76,36;94;1;58,1;0;9;5,67;94;0,1;676,97;337775;3,1;3,1;0,79;16,3
Lithuania;2003;Developed;71,60;22;0;11,29;81,00;95;1;57,8;0;91;6,46;94;0,1;555,54;3415213;3,2;3,2;0,78;15,8
Lithuania;2002;Developed;71,40;22;0;11,00;561,92;94;103;57,5;0;97;6,40;95;0,1;4146,99;344367;3,3;3,3;0,77;15,3
Lithuania;2001;Developed;71,20;21;0;10,20;42,87;95;7;57,2;0;97;6,26;95;0,1;353,15;347818;3,3;3,3;0,76;14,7
Lithuania;2000;Developed;71,60;2;0;9,87;373,26;98;19;56,9;0;92;6,46;94;0,1;3297,35;3499536;3,4;3,4;0,75;14,0
Luxembourg;2015;Developed;82,00;63;0;0,00;0,00;94;0;61,3;0;99;0,00;99;0,1;1199,82;56964;1,0;0,9;0,90;13,9
Luxembourg;2014;Developed;81,70;65;0;11,12;16255,16;94;0;6,9;0;99;6,94;99;0,1;119172,74;556319;1,0;0,9;0,89;13,9
Luxembourg;2013;Developed;81,40;68;0;11,02;15515,75;94;0;6,5;0;99;7,10;99;0,1;113751,85;54336;0,9;0,9;0,89;13,9
Luxembourg;2012;Developed;81,10;7;0;11,34;2284,58;94;2;6,1;0;99;7,18;99;0,1;16749,14;53946;0,9;0,9;0,89;13,9
Luxembourg;2011;Developed;88,00;72;0;11,50;17028,53;95;6;59,6;0;96;7,34;99;0,1;115761,58;518347;0,9;0,9;0,89;13,9
Luxembourg;2010;Developed;86,00;73;0;11,36;2267,25;94;0;59,2;0;96;7,68;99;0,1;14965,36;56953;0,9;0,9;0,88;13,7
Luxembourg;2009;Developed;83,00;76;0;11,42;2052,39;95;0;58,8;0;96;8,11;99;0,1;13198,67;497783;0,9;0,9;0,89;13,5
Luxembourg;2008;Developed;80,00;8;0;11,53;18961,35;94;1;58,4;0;96;7,34;99;0,1;114293,84;48865;0,9;0,9;0,89;13,5
Luxembourg;2007;Developed;79,70;82;0;11,75;267,05;87;0;57,9;0;96;6,80;99;0,1;1618,49;479993;0,9;0,9;0,88;13,5
Luxembourg;2006;Developed;79,40;85;0;11,98;15345,49;95;8;57,5;0;99;7,75;99;0,1;89739,71;472637;0,9;0,9;0,88;13,5
Luxembourg;2005;Developed;78,80;9;0;11,84;1346,25;95;0;57,0;0;99;7,95;99;0,1;8289,70;465158;1,0;0,9;0,87;13,5
Luxembourg;2004;Developed;78,70;92;0;12,42;12372,05;94;0;56,4;0;99;8,20;99;0,1;75716,35;45895;1,0;0,9;0,87;13,5
Luxembourg;2003;Developed;78,60;92;0;12,61;10111,39;95;1;55,8;0;99;7,67;98;0,1;65445,89;45163;1,0;0,9;0,87;13,6
Luxembourg;2002;Developed;78,30;95;0;12,91;910,51;95;0;55,2;0;99;8,27;99;0,1;5293,64;446175;1,0;0,9;0,86;13,5
Luxembourg;2001;Developed;78,00;96;0;12,89;7877,34;86;0;54,6;0;99;7,40;99;0,1;48179,43;441525;1,0;1,0;0,85;13,4
Luxembourg;2000;Developed;77,80;98;0;13,14;8246,13;77;0;54,0;0;99;7,48;99;0,1;48736,00;4363;1,0;1,0;0,85;13,5
Madagascar;2015;Developing;65,50;22;28;0,00;0,00;69;3;2,5;38;71;0,00;69;0,3;41,86;2423488;7,1;7,1;0,51;10,3
Madagascar;2014;Developing;65,10;225;29;0,01;5,34;73;3;2,0;39;73;3,40;73;0,3;452,46;2358981;7,2;7,1;0,51;10,3
Madagascar;2013;Developing;64,70;23;29;0,87;79,51;74;6;19,5;40;73;4,15;74;0,4;461,72;22961146;7,3;7,2;0,51;10,3
Madagascar;2012;Developing;64,30;235;30;0,87;59,98;7;2;19,0;42;71;3,46;7;0,4;443,96;22346573;7,4;7,3;0,51;10,2
Madagascar;2011;Developing;63,80;241;31;0,97;78,80;73;0;18,5;43;73;4,24;73;0,4;454,96;21743949;7,5;7,4;0,50;10,2
Madagascar;2010;Developing;63,30;248;32;1,03;76,60;7;1;18,0;45;7;4,86;7;0,5;412,74;2115164;7,6;7,5;0,50;10,2
Madagascar;2009;Developing;62,80;254;33;0,91;71,17;77;0;17,6;47;76;4,70;77;0,5;415,69;2569121;7,7;7,6;0,50;9,7
Madagascar;2008;Developing;62,30;259;34;0,68;6,45;77;3;17,1;49;77;4,50;77;0,5;47,73;19996469;7,8;7,7;0,49;9,4
Madagascar;2007;Developing;61,90;261;35;0,71;55,43;84;0;16,7;51;83;4,98;84;0,6;377,85;19433523;7,9;7,8;0,48;9,1
Madagascar;2006;Developing;61,40;263;36;0,68;38,42;82;2;16,3;54;83;5,11;85;0,6;292,16;1888268;8,0;7,9;0,48;9,0
Madagascar;2005;Developing;69,00;265;37;0,72;33,75;81;0;15,8;56;8;5,30;85;0,6;274,82;18336724;8,1;8,0;0,47;8,9
Madagascar;2004;Developing;64,00;267;38;0,81;23,73;71;35558;15,4;58;74;4,89;78;0,6;245,12;1782997;8,2;8,1;0,47;8,7
Madagascar;2003;Developing;59,90;268;40;0,93;37,13;61;62233;15,0;60;65;4,81;66;0,7;316,80;17279141;8,3;8,3;0,46;8,5
Madagascar;2002;Developing;59,30;271;41;0,90;47,53;51;10795;14,7;63;61;5,29;62;0,7;262,29;16765117;8,5;8,4;0,46;8,3
Madagascar;2001;Developing;58,70;276;42;1,05;42,56;0;9357;14,3;65;6;5,17;6;0,7;278,56;1626932;8,6;8,5;0,46;8,2
Madagascar;2000;Developing;57,90;283;44;1,16;35,66;0;35256;13,9;68;58;5,80;57;0,6;245,94;1576686;8,7;8,6;0,00;8,0
Malawi;2015;Developing;58,30;365;26;0,00;0,00;88;0;19,6;38;88;0,00;88;4,8;362,66;1757367;6,4;6,2;0,47;10,8
Malawi;2014;Developing;57,60;377;27;0,01;59,49;91;3;19,2;40;87;11,38;91;5,1;354,73;1768838;6,5;6,3;0,47;10,7
Malawi;2013;Developing;56,70;394;29;0,01;55,83;89;1;18,8;42;89;1,96;89;6,3;332,92;16577147;6,5;6,4;0,46;10,7
Malawi;2012;Developing;55,30;42;31;0,01;82,77;96;11;18,4;46;95;12,60;96;8,3;374,52;169735;6,6;6,5;0,45;10,7
Malawi;2011;Developing;54,10;441;32;1,23;13,78;97;26;18,0;50;97;11,67;97;11,2;512,13;15627618;6,7;6,6;0,44;10,6
Malawi;2010;Developing;52,90;462;35;1,08;9,73;93;118712;17,6;54;86;1,50;93;13,7;458,87;1516795;6,8;6,7;0,43;10,2
Malawi;2009;Developing;51,50;491;36;1,16;7,92;93;21;17,3;56;93;1,18;93;14,9;42,74;1471462;6,9;6,8;0,42;9,9
Malawi;2008;Developing;50,00;525;36;1,27;74,34;91;20;16,9;58;92;1,70;91;16,9;372,84;14271234;7,0;6,9;0,40;9,6
Malawi;2007;Developing;48,50;559;37;1,18;4,27;87;143;16,6;59;88;9,31;87;19,3;32,22;1384969;7,1;7,0;0,39;9,7
Malawi;2006;Developing;47,10;587;38;1,18;6,85;99;1;16,2;61;99;8,99;99;21,1;297,70;13429262;7,3;7,1;0,38;9,6
Malawi;2005;Developing;46,00;66;39;1,04;5,67;93;184;15,9;62;94;8,20;93;22,4;28,37;1339711;7,4;7,2;0,37;9,7
Malawi;2004;Developing;45,10;615;40;1,11;58,14;89;1116;15,5;65;94;7,82;89;23,4;274,23;1267638;7,5;7,4;0,37;10,0
Malawi;2003;Developing;44,60;613;43;1,08;4,38;84;167;15,2;70;85;6,35;84;24,2;26,15;12336687;7,6;7,5;0,36;10,3
Malawi;2002;Developing;44,00;67;46;1,10;3,89;64;92;14,8;75;79;4,82;64;24,7;29,98;1213711;7,7;7,6;0,39;10,4
Malawi;2001;Developing;43,50;599;48;1,15;12,80;0;150;14,4;80;86;5,70;9;25,1;146,76;11695863;7,9;7,7;0,39;10,1
Malawi;2000;Developing;43,10;588;51;1,18;13,76;0;304;14,1;84;73;6,70;75;25,5;153,26;11376172;8,0;7,9;0,39;10,7
Malaysia;2015;Developing;75,00;123;4;0,00;0,00;99;1318;4,6;4;99;0,00;99;0,1;9643,64;3723155;7,5;7,3;0,79;13,1
Malaysia;2014;Developing;74,80;126;4;0,52;721,37;96;221;39,5;4;97;4,17;97;0,1;11183,96;322817;7,6;7,4;0,78;13,0
Malaysia;2013;Developing;74,60;128;3;0,53;110,68;96;195;38,5;4;97;4,20;97;0,1;1882,28;2976724;7,8;7,6;0,78;12,9
Malaysia;2012;Developing;74,50;129;3;0,53;101,61;97;1868;37,4;4;97;4,10;97;0,1;1779,50;2917456;7,9;7,7;0,78;12,9
Malaysia;2011;Developing;74,30;13;3;0,51;9,23;96;1569;36,3;4;96;3,89;96;0,1;145,13;28635128;8,0;7,8;0,77;13,0
Malaysia;2010;Developing;74,10;131;3;0,49;65,57;96;73;35,3;4;96;3,99;96;0,1;971,36;28112289;8,2;8,0;0,76;12,8
Malaysia;2009;Developing;74,00;131;3;0,47;431,55;96;153;34,4;4;97;3,97;97;0,1;7326,74;2765383;8,3;8,2;0,76;12,6
Malaysia;2008;Developing;73,80;132;3;0,47;438,45;97;334;33,4;4;97;3,47;97;0,1;8513,63;2711169;8,5;8,3;0,75;12,5
Malaysia;2007;Developing;73,70;133;3;0,43;409,98;96;394;32,5;4;97;3,61;97;0,1;7269,17;26625845;8,7;8,5;0,74;12,3
Malaysia;2006;Developing;73,60;134;3;0,42;365,91;95;564;31,6;4;95;3,65;95;0,1;6222,98;26143566;8,8;8,6;0,73;12,7
Malaysia;2005;Developing;73,40;135;3;0,46;297,59;96;1407;3,7;4;96;3,29;96;0,1;5593,82;25659393;9,0;8,8;0,73;12,9
Malaysia;2004;Developing;73,20;137;3;0,49;315,66;94;5729;29,8;4;95;3,74;95;0,1;4955,48;2517419;9,2;8,9;0,73;12,7
Malaysia;2003;Developing;73,10;138;3;0,48;264,25;95;632;28,8;4;96;3,95;96;0,1;4463,68;2468873;9,3;9,1;0,72;12,1
Malaysia;2002;Developing;72,90;14;4;0,49;216,70;95;408;27,9;4;94;3,40;94;0,1;4167,36;24198811;9,5;9,3;0,72;12,0
Malaysia;2001;Developing;72,70;144;4;0,53;210,24;95;2198;27,0;5;95;3,40;96;0,1;3915,12;2369897;9,7;9,4;0,73;11,9
Malaysia;2000;Developing;72,40;149;4;0,54;23,37;97;6187;26,0;5;98;3,40;98;0,1;445,17;2318568;9,8;9,6;0,72;11,6
Maldives;2015;Developing;78,50;61;0;0,00;0,00;99;0;27,4;0;99;0,00;99;0,1;8395,79;49163;13,6;13,6;0,70;12,7
Maldives;2014;Developing;78,20;62;0;0,01;2051,75;99;0;26,2;0;99;13,73;99;0,1;7716,24;41;13,6;13,7;0,69;12,7
Maldives;2013;Developing;77,90;64;0;0,01;1626,59;99;0;25,1;0;99;11,16;99;0,1;7112,34;393;13,7;13,8;0,68;12,4
Maldives;2012;Developing;77,60;65;0;0,01;1259,94;99;0;24,1;0;99;9,16;99;0,1;6541,75;385;13,8;13,9;0,68;12,1
Maldives;2011;Developing;77,30;67;0;1,92;1079,89;96;0;23,1;0;96;8,11;96;0,1;6497,55;377;13,9;14,0;0,66;11,8
Maldives;2010;Developing;76,70;73;0;1,83;91,14;97;0;22,1;0;97;7,93;96;0,1;633,79;367;14,0;14,1;0,65;11,6
Maldives;2009;Developing;76,30;75;0;1,59;100,50;98;6;21,2;0;98;9,22;98;0,1;597,17;36;14,1;14,2;0,65;11,8
Maldives;2008;Developing;75,90;81;0;1,76;1077,71;98;0;2,3;0;98;9,30;98;0,1;5828,62;362;14,2;14,3;0,64;11,8
Maldives;2007;Developing;75,40;82;0;1,78;6,49;98;20;19,5;0;98;6,64;98;0,1;52,86;349;14,3;14,4;0,63;11,9
Maldives;2006;Developing;75,00;88;0;1,62;659,85;98;47;18,7;0;98;7,37;98;0,1;4428,52;333;14,3;14,5;0,62;12,0
Maldives;2005;Developing;74,30;93;0;1,47;620,95;98;1395;18,0;0;98;9,52;98;0,1;3488,49;321;14,4;14,5;0,63;12,1
Maldives;2004;Developing;73,40;16;0;1,60;611,91;97;37;17,3;0;96;5,89;96;0,1;3853,33;312;14,5;14,6;0,62;12,2
Maldives;2003;Developing;72,70;112;0;1,75;491,50;98;75;16,7;0;98;5,90;98;0,1;3432,25;34;14,6;14,7;0,60;11,8
Maldives;2002;Developing;71,80;124;0;1,95;4,30;98;926;16,2;0;98;5,78;98;0,1;32,37;297;14,6;14,7;0,60;12,0
Maldives;2001;Developing;78,00;129;0;1,98;41,31;98;0;15,6;0;97;5,84;98;0,1;298,68;292;14,7;14,8;0,59;11,8
Maldives;2000;Developing;69,60;139;0;1,83;300,16;96;20;15,2;0;98;8,00;98;0,1;2183,00;286;14,8;14,8;0,58;11,3
Mali;2015;Developing;58,20;266;52;0,00;0,00;64;215;23,8;84;66;0,00;64;1,5;729,73;1746795;7,7;7,5;0,44;8,4
Mali;2014;Developing;57,80;272;52;0,01;46,56;73;290;23,2;85;74;6,86;73;1,6;825,57;16962846;7,9;7,7;0,43;8,2
Mali;2013;Developing;57,30;275;53;0,01;36,86;69;221;22,5;86;7;6,58;69;1,6;777,66;16477818;8,1;7,9;0,42;8,0
Mali;2012;Developing;57,20;27;53;0,01;96,55;66;341;21,9;88;72;6,47;66;1,5;777,35;16667;8,3;8,1;0,41;7,7
Mali;2011;Developing;56,80;271;54;0,61;101,81;66;24;21,3;90;72;6,59;66;1,5;835,89;1554989;8,5;8,3;0,40;7,5
Mali;2010;Developing;56,50;273;54;0,60;9,59;72;1719;2,7;91;77;6,35;73;1,5;78,38;157585;8,8;8,5;0,40;7,3
Mali;2009;Developing;56,00;276;55;0,59;84,63;71;2939;2,2;93;77;6,85;73;1,6;697,15;1466597;9,0;8,8;0,39;7,1
Mali;2008;Developing;55,50;278;55;0,57;102,14;74;98;19,6;94;74;6,74;74;1,6;689,68;14138216;9,2;9,0;0,36;5,8
Mali;2007;Developing;55,00;282;56;0,55;81,84;74;2;19,0;96;76;6,97;74;1,7;595,64;1367566;9,4;9,3;0,36;6,4
Mali;2006;Developing;54,30;288;57;0,53;67,71;9;128;18,5;98;79;6,56;78;1,8;521,64;1322764;9,7;9,5;0,35;6,1
Mali;2005;Developing;53,60;29;57;0,55;60,21;83;33;18,0;101;78;6,34;77;1,9;487,94;12798763;9,9;9,7;0,34;5,8
Mali;2004;Developing;52,80;296;58;0,49;57,12;73;172;17,5;103;7;6,28;69;2,0;439,36;1239196;1,1;1,0;0,33;5,5
Mali;2003;Developing;52,00;299;59;0,54;6,66;79;232;17,0;106;67;6,25;63;2,2;391,79;125128;1,3;1,2;0,32;5,2
Mali;2002;Developing;51,20;31;60;0,53;3,68;0;717;16,5;108;65;6,32;61;2,3;334,22;11638929;1,5;1,5;0,31;4,9
Mali;2001;Developing;55,00;34;60;0,51;4,40;0;4464;16,1;110;56;6,39;49;2,4;36,85;11293258;1,8;1,7;0,30;4,6
Mali;2000;Developing;49,80;37;60;0,47;23,95;0;1578;15,6;111;53;6,29;43;2,5;269,35;196769;11,0;1,9;0,29;4,4
Malta;2015;Developed;81,70;54;0;0,00;0,00;95;2;69,6;0;97;0,00;97;0,1;23819,46;431874;0,8;0,8;0,85;14,6
Malta;2014;Developed;81,40;55;0;8,49;409,60;9;0;69,2;0;99;9,75;99;0,1;2618,93;427364;0,8;0,8;0,85;14,3
Malta;2013;Developed;81,10;57;0;8,58;374,29;94;0;68,8;0;99;9,89;99;0,1;2393,19;423374;0,8;0,7;0,83;14,2
Malta;2012;Developed;81,00;58;0;7,67;343,12;93;0;68,4;0;99;9,95;99;0,1;2193,88;419455;0,8;0,7;0,82;14,1
Malta;2011;Developed;87,00;59;0;6,91;3601,29;82;3;68,0;0;96;9,60;96;0,1;22821,85;416268;0,8;0,7;0,83;14,8
Malta;2010;Developed;83,00;62;0;7,91;278,07;75;0;67,6;0;76;8,30;76;0,1;2187,79;41458;0,8;0,7;0,82;14,6
Malta;2009;Developed;82,00;63;0;7,38;335,52;86;1;67,1;0;73;8,33;73;0,1;2675,58;412477;0,8;0,7;0,82;14,4
Malta;2008;Developed;80,00;64;0;7,14;2655,57;86;1;66,6;0;72;8,15;72;0,1;21928,77;49379;0,7;0,7;0,81;14,6
Malta;2007;Developed;79,60;65;0;7,45;2578,89;82;2;66,1;0;76;8,36;74;0,1;19375,57;46724;0,7;0,7;0,81;14,4
Malta;2006;Developed;79,30;66;0;8,84;2380,70;86;1;65,6;0;83;8,93;85;0,1;16671,57;4538;0,7;0,7;0,81;14,8
Malta;2005;Developed;79,00;67;0;6,41;2247,04;85;6;65,0;0;94;8,83;92;0,1;15835,35;43834;0,7;0,7;0,81;14,8
Malta;2004;Developed;78,70;69;0;6,53;203,32;85;4;64,5;0;89;8,46;89;0,1;1519,55;41268;0,7;0,7;0,80;14,2
Malta;2003;Developed;78,50;71;0;6,70;1678,39;89;4;63,9;0;94;8,60;94;0,1;13689,99;398582;0,7;0,7;0,79;13,8
Malta;2002;Developed;78,20;75;0;5,73;1552,74;0;7;63,4;0;95;7,86;95;0,1;11843,94;395969;0,7;0,7;0,79;13,8
Malta;2001;Developed;77,80;79;0;5,62;130,02;0;2;62,8;0;95;7,11;95;0,1;1121,79;39328;0,7;0,7;0,78;13,7
Malta;2000;Developed;77,50;8;0;5,59;134,35;0;2;62,3;0;94;6,83;94;0,1;1139,57;3987;0,8;0,7;0,78;13,8
Marshall Islands;2013;Developing;0,00;0;0;0,01;871,88;8;0;81,6;0;79;17,24;79;0,1;3617,75;0;0,1;0,1;0,00;0,0
Mauritania;2015;Developing;63,10;25;8;0,00;0,00;73;1;3,8;12;67;0,00;73;0,9;1158,26;4182341;7,8;7,5;0,51;8,5
Mauritania;2014;Developing;63,00;26;8;0,01;80,93;84;14;3,1;12;84;3,77;84;0,9;1326,67;46392;8,0;7,7;0,51;8,5
Mauritania;2013;Developing;62,70;28;8;0,01;8,88;8;62;29,4;12;8;3,63;8;1,1;145,58;394617;8,1;7,9;0,50;8,2
Mauritania;2012;Developing;62,50;29;8;0,01;62,48;8;35;28,8;12;8;3,36;8;1,2;1364,28;383239;8,3;8,1;0,49;7,8
Mauritania;2011;Developing;62,20;212;8;0,01;79,28;75;234;28,1;12;73;2,87;75;1,2;1393,26;3717672;8,5;8,3;0,49;7,7
Mauritania;2010;Developing;62,00;214;8;0,01;8,35;64;1292;27,4;12;52;3,28;64;1,2;123,38;369543;8,7;8,5;0,48;7,6
Mauritania;2009;Developing;61,70;215;8;0,01;11,15;64;322;26,8;12;63;3,79;64;1,2;146,84;356288;8,9;8,7;0,48;7,1
Mauritania;2008;Developing;61,40;217;8;0,02;61,76;74;4;26,1;12;73;3,23;74;1,3;1167,54;347541;9,2;8,9;0,48;7,2
Mauritania;2007;Developing;61,20;219;8;0,02;7,35;74;11;25,5;12;75;3,54;75;1,3;113,31;3312665;9,4;9,1;0,48;7,4
Mauritania;2006;Developing;69,00;221;8;0,01;55,80;68;22;24,8;12;68;3,21;68;1,3;944,13;322653;9,6;9,4;0,47;7,2
Mauritania;2005;Developing;66,00;223;8;0,01;55,12;42;127;24,2;12;71;4,21;71;1,3;697,75;31372;9,8;9,6;0,46;7,2
Mauritania;2004;Developing;64,00;224;8;0,01;5,00;0;5039;23,6;12;68;4,70;7;1,3;62,55;342823;1,0;9,8;0,45;6,7
Mauritania;2003;Developing;63,00;226;8;0,01;29,65;0;3611;22,9;12;75;4,53;76;1,3;528,59;2957117;1,3;1,1;0,45;6,6
Mauritania;2002;Developing;62,00;228;7;0,02;4,11;0;883;22,3;12;91;5,31;89;1,2;46,95;2873228;1,5;1,3;0,45;6,5
Mauritania;2001;Developing;61,00;229;7;0,01;28,78;0;1398;21,7;12;75;4,34;75;1,2;464,23;279729;1,7;1,5;0,44;6,5
Mauritania;2000;Developing;60,00;23;7;0,03;8,59;0;0;21,1;11;58;5,26;51;1,1;477,48;279359;1,9;1,7;0,44;6,4
Mauritius;2015;Developing;74,60;146;0;0,00;0,00;97;0;33,3;0;98;0,00;97;0,1;9252,12;126265;6,9;6,8;0,78;15,2
Mauritius;2014;Developing;74,20;148;0;0,01;115,28;97;0;32,8;0;98;4,81;97;0,1;1153,94;126934;7,0;6,9;0,77;14,7
Mauritius;2013;Developing;74,10;147;0;0,01;917,47;98;0;32,3;0;98;4,82;98;0,1;9637,27;1258653;7,0;7,0;0,77;14,7
Mauritius;2012;Developing;73,90;154;0;0,01;915,19;98;0;31,8;0;98;4,76;98;0,1;9291,23;1255882;7,1;7,0;0,76;14,3
Mauritius;2011;Developing;73,60;158;0;3,03;918,81;98;2;31,3;0;98;5,20;98;0,1;9197,27;125244;7,1;7,1;0,75;14,1
Mauritius;2010;Developing;73,30;163;0;2,95;0,11;99;12;3,7;0;99;5,29;99;0,2;8,38;1254;7,2;7,2;0,74;14,0
Mauritius;2009;Developing;72,80;166;0;2,83;624,24;99;15;3,2;0;99;4,97;99;0,1;7318,13;1247429;7,3;7,3;0,73;13,8
Mauritius;2008;Developing;72,70;166;0;2,49;6,65;99;12;29,7;0;99;4,60;99;0,1;83,64;1244121;7,4;7,3;0,73;13,6
Mauritius;2007;Developing;72,90;161;0;3,24;582,51;97;13;29,1;0;96;4,24;97;0,1;6574,65;123963;7,5;7,4;0,72;13,5
Mauritius;2006;Developing;71,80;165;0;3,73;502,38;97;3;28,6;0;98;4,38;97;0,1;5695,97;1233996;7,6;7,5;0,71;13,4
Mauritius;2005;Developing;72,10;168;0;3,94;479,92;97;7;28,0;0;97;4,47;97;0,1;5116,45;1228254;7,7;7,6;0,70;13,0
Mauritius;2004;Developing;71,90;168;0;4,16;509,39;98;28;27,5;0;98;4,29;98;0,1;5229,88;12213;7,8;7,7;0,70;12,8
Mauritius;2003;Developing;71,50;174;0;4,08;407,78;97;777;26,9;0;99;4,15;99;0,1;4623,35;121337;7,9;7,8;0,69;12,6
Mauritius;2002;Developing;71,50;179;0;4,14;369,63;88;0;26,4;0;88;4,24;88;0,1;3957,51;124621;7,9;7,9;0,68;12,5
Mauritius;2001;Developing;71,50;177;0;4,38;70,16;92;0;25,8;0;93;3,87;92;0,1;3792,18;1196287;8,0;8,0;0,67;12,2
Mauritius;2000;Developing;71,00;177;0;4,60;336,32;88;0;25,3;0;88;3,78;88;0,1;3861,32;1186873;8,1;8,1;0,67;12,1
Mexico;2015;Developing;76,70;122;30;0,00;0,00;82;0;63,5;35;87;0,00;87;0,1;9143,13;12589949;1,5;1,5;0,76;13,3
Mexico;2014;Developing;76,60;122;31;5,26;168,17;84;3;62,8;36;87;6,30;87;0,1;1452,28;1242216;1,6;1,5;0,75;13,1
Mexico;2013;Developing;76,60;12;32;5,23;150,41;82;0;62,1;37;83;6,30;83;0,1;1298,87;122535969;1,6;1,5;0,75;12,9
Mexico;2012;Developing;76,30;123;33;5,29;112,70;99;0;61,5;38;99;6,21;99;0,1;982,53;1282837;1,6;1,5;0,75;12,7
Mexico;2011;Developing;76,10;124;34;5,30;1117,20;98;3;6,8;39;97;6,40;97;0,1;9834,47;119917;1,6;1,6;0,75;12,6
Mexico;2010;Developing;75,60;127;35;5,21;1033,04;93;0;6,1;40;95;6,39;95;0,1;8959,58;117318941;1,6;1,6;0,74;12,5
Mexico;2009;Developing;75,70;13;36;5,27;881,74;95;0;59,4;42;95;6,60;95;0,1;7748,12;11555228;1,7;1,6;0,74;12,5
Mexico;2008;Developing;75,60;127;37;5,36;159,88;97;0;58,7;43;96;6,60;96;0,1;9689,53;11366189;1,7;1,6;0,74;12,3
Mexico;2007;Developing;76,00;123;38;5,35;105,75;98;0;57,9;45;98;5,92;98;0,1;933,34;111836346;1,7;1,7;0,73;12,3
Mexico;2006;Developing;75,80;125;40;5,11;980,25;98;23;57,2;47;98;5,83;98;0,1;8767,92;1192378;1,8;1,7;0,72;12,2
Mexico;2005;Developing;75,30;126;42;4,93;998,35;98;6;56,4;49;98;6,40;98;0,1;7986,80;18472228;1,8;1,7;0,72;12,2
Mexico;2004;Developing;75,40;124;44;4,90;920,83;98;64;55,7;52;98;6,11;98;0,1;7199,60;16995583;1,8;1,8;0,71;12,1
Mexico;2003;Developing;75,00;127;46;4,88;781,21;98;44;54,9;55;98;6,20;98;0,1;6752,00;1564453;1,9;1,8;0,71;11,9
Mexico;2002;Developing;75,00;127;49;4,77;12,19;97;0;54,1;58;98;5,52;97;0,1;716,82;1435568;1,9;1,8;0,70;11,6
Mexico;2001;Developing;75,00;126;52;4,86;13,31;97;3;53,2;62;97;5,35;97;0,1;731,38;136768;1,9;1,9;0,70;11,6
Mexico;2000;Developing;74,80;129;55;4,99;10,23;97;30;52,4;66;97;4,98;97;0,1;672,92;11719673;2,0;1,9;0,69;11,4
Micronesia (Federated States of);2015;Developing;69,40;166;0;0,00;0,00;78;0;69,4;0;71;0,00;72;0,1;0,00;0;0,2;0,2;0,64;11,7
Micronesia (Federated States of);2014;Developing;69,40;164;0;1,58;0,00;81;140;68,7;0;76;13,71;77;0,1;0,00;0;0,2;0,2;0,64;11,7
Micronesia (Federated States of);2013;Developing;69,20;166;0;1,67;0,00;83;0;68,1;0;81;13,38;81;0,1;0,00;0;0,2;0,2;0,64;11,7
Micronesia (Federated States of);2012;Developing;69,00;168;0;2,98;0,00;82;0;67,5;0;81;12,77;81;0,1;0,00;0;0,2;0,2;0,64;11,7
Micronesia (Federated States of);2011;Developing;68,90;169;0;1,89;0,00;83;0;67,0;0;83;13,76;84;0,1;0,00;0;0,2;0,2;0,64;11,7
Micronesia (Federated States of);2010;Developing;68,70;171;0;1,76;0,00;88;0;66,4;0;85;13,83;85;0,1;0,00;0;0,2;0,2;0,63;11,5
Micronesia (Federated States of);2009;Developing;68,50;172;0;2,06;0,00;89;0;65,8;0;81;13,44;91;0,1;0,00;0;0,2;0,2;0,63;11,4
Micronesia (Federated States of);2008;Developing;68,40;174;0;1,97;0,00;89;0;65,2;0;88;12,94;85;0,1;0,00;0;0,2;0,2;0,63;11,2
Micronesia (Federated States of);2007;Developing;68,20;175;0;1,64;0,00;9;0;64,7;0;79;11,99;79;0,1;0,00;0;0,2;0,2;0,63;11,0
Micronesia (Federated States of);2006;Developing;68,00;176;0;1,73;0,00;84;0;64,1;0;81;11,92;67;0,1;0,00;0;0,2;0,2;0,62;10,9
Micronesia (Federated States of);2005;Developing;67,90;178;0;1,90;0,00;91;0;63,6;0;94;12,11;94;0,1;0,00;0;0,2;0,2;0,62;10,7
Micronesia (Federated States of);2004;Developing;67,70;179;0;2,02;0,00;8;0;63,2;0;82;1,64;78;0,1;0,00;0;0,2;0,2;0,62;10,5
Micronesia (Federated States of);2003;Developing;67,50;18;0;3,15;0,00;89;0;62,8;0;88;9,69;92;0,1;0,00;0;0,2;0,2;0,61;10,4
Micronesia (Federated States of);2002;Developing;66,20;21;0;2,78;0,00;85;0;62,4;0;84;8,20;84;0,1;0,00;0;0,2;0,2;0,61;10,2
Micronesia (Federated States of);2001;Developing;67,20;183;0;2,82;0,00;81;0;62,0;0;79;8,58;75;0,1;0,00;0;0,3;0,2;0,60;10,1
Micronesia (Federated States of);2000;Developing;67,00;185;0;2,23;0,00;87;0;61,5;0;85;7,88;85;0,1;0,00;0;0,3;0,3;0,00;0,0
Monaco;2013;Developing;0,00;0;0;0,01;0,00;99;0;0,0;0;99;4,30;99;0,1;0,00;0;0,0;0,0;0,00;0,0
Mongolia;2015;Developing;68,80;222;1;0,00;0,00;99;20359;52,7;1;99;0,00;99;0,1;3944,18;2976877;2,2;2,3;0,73;14,8
Mongolia;2014;Developing;68,40;225;1;0,01;281,00;99;0;51,5;1;99;4,73;99;0,1;4181,58;2923896;2,2;2,3;0,73;14,8
Mongolia;2013;Developing;68,10;227;1;0,01;241,20;98;0;5,4;1;98;4,21;98;0,1;4385,38;286917;2,2;2,3;0,72;14,7
Mongolia;2012;Developing;67,80;231;1;0,01;253,83;99;0;49,2;2;99;4,22;99;0,1;4368,82;2814226;2,2;2,3;0,71;14,7
Mongolia;2011;Developing;67,30;235;1;0,01;257,84;99;0;48,0;2;99;4,45;99;0,1;3769,60;2761516;2,2;2,3;0,70;14,6
Mongolia;2010;Developing;66,30;25;1;5,80;22,32;96;7;46,9;2;96;4,70;96;0,1;265,35;271265;2,2;2,3;0,69;14,3
Mongolia;2009;Developing;66,90;235;1;4,61;134,17;97;8;45,9;2;96;5,29;95;0,1;1717,90;2668289;2,2;2,3;0,69;13,8
Mongolia;2008;Developing;67,40;225;2;4,26;181,01;96;31;44,9;2;95;5,58;96;0,1;2139,63;2628131;2,2;2,3;0,67;13,4
Mongolia;2007;Developing;65,90;26;2;3,79;126,70;98;12;43,9;2;99;5,60;95;0,1;1634,81;259167;2,2;2,4;0,66;13,0
Mongolia;2006;Developing;65,00;271;2;2,91;122,12;98;26;43,0;2;98;4,68;99;0,1;1334,65;255812;2,2;2,4;0,65;12,7
Mongolia;2005;Developing;64,50;274;2;2,75;98,68;98;0;42,1;2;99;5,90;99;0,1;998,82;2526446;2,3;2,4;0,64;11,8
Mongolia;2004;Developing;64,00;284;2;1,75;73,24;98;0;41,3;2;99;5,99;99;0,1;797,84;2496832;2,3;2,4;0,62;11,2
Mongolia;2003;Developing;64,00;271;2;1,31;56,06;98;18;4,5;2;98;6,18;98;0,1;646,56;2469286;2,4;2,5;0,61;10,5
Mongolia;2002;Developing;63,80;263;2;2,43;55,61;98;1205;39,8;2;98;5,81;98;0,1;571,52;2443659;2,4;2,5;0,60;10,1
Mongolia;2001;Developing;63,20;266;2;2,87;61,85;95;10677;39,1;3;95;5,45;95;0,1;524,15;2419776;2,5;2,6;0,59;9,4
Mongolia;2000;Developing;62,80;274;2;2,79;56,43;93;925;38,5;3;94;4,92;94;0,1;474,21;2397436;2,6;2,6;0,58;8,9
Montenegro;2015;Developing;76,10;16;0;0,00;0,00;82;0;61,8;0;89;0,00;89;0,1;6461,19;622159;1,8;1,8;0,80;15,1
Montenegro;2014;Developing;75,90;17;0;0,01;726,03;87;0;61,3;0;91;6,42;91;0,1;7378,35;62181;1,8;1,9;0,80;15,1
Montenegro;2013;Developing;75,80;19;0;0,01;707,14;9;0;6,7;0;94;6,43;94;0,1;7186,43;62127;1,8;1,9;0,80;15,1
Montenegro;2012;Developing;75,60;11;0;0,01;648,13;9;0;6,2;0;94;7,25;94;0,1;6586,72;6261;1,9;1,9;0,80;15,1
Montenegro;2011;Developing;75,40;113;0;6,56;666,74;91;5;59,7;0;95;6,92;95;0,1;7318,74;6279;1,9;2,0;0,79;15,1
Montenegro;2010;Developing;75,30;115;0;6,56;635,48;9;5;59,1;0;93;6,90;94;0,1;6682,28;619428;2,0;2,0;0,79;15,0
Montenegro;2009;Developing;75,00;117;0;6,45;489,68;87;0;58,5;0;91;6,70;92;0,1;6698,79;618294;2,0;2,1;0,79;14,6
Montenegro;2008;Developing;74,60;121;0;6,17;709,13;93;0;57,8;0;95;6,13;95;0,1;7325,73;616969;2,1;2,1;0,77;14,2
Montenegro;2007;Developing;74,20;125;0;4,98;678,52;9;0;57,2;0;92;6,74;92;0,1;5957,15;615875;2,1;2,2;0,76;13,6
Montenegro;2006;Developing;73,80;13;0;5,38;595,73;9;0;56,5;0;9;8,10;9;0,1;4383,60;61525;2,2;2,2;0,75;13,2
Montenegro;2005;Developing;73,60;133;0;0,00;527,31;0;0;55,7;0;0;8,46;0;0,1;3674,62;614261;2,3;2,3;0,75;12,8
Montenegro;2004;Developing;73,50;134;0;0,01;57,12;0;0;55,0;0;0;8,45;0;0,1;338,20;613353;2,3;2,4;0,74;12,6
Montenegro;2003;Developing;73,50;134;0;0,01;495,08;0;0;54,2;0;0;8,91;0;0,1;2789,17;612267;2,4;2,4;0,00;0,0
Montenegro;2002;Developing;73,40;136;0;0,01;36,48;0;0;53,5;0;0;8,33;0;0,1;216,24;69828;2,5;2,5;0,00;0,0
Montenegro;2001;Developing;73,30;136;0;0,01;33,67;0;0;52,7;0;0;8,23;0;0,1;199,58;67389;2,5;2,6;0,00;0,0
Montenegro;2000;Developing;73,00;144;0;0,01;274,55;0;0;51,9;0;0;7,32;0;0,1;1627,43;6495;2,6;2,7;0,00;0,0
Morocco;2015;Developing;74,30;95;17;0,00;0,00;99;17;58,5;20;99;0,00;99;0,1;2847,29;3483322;6,4;6,2;0,65;12,1
Morocco;2014;Developing;74,10;96;18;0,43;198,73;99;10;57,5;21;99;5,91;99;0,1;3154,51;3431882;6,4;6,2;0,64;12,1
Morocco;2013;Developing;73,90;97;18;0,45;179,86;99;92;56,5;21;99;5,94;99;0,1;3111,76;33824769;6,4;6,2;0,63;12,1
Morocco;2012;Developing;73,60;99;19;0,55;19,16;99;668;55,5;22;99;6,15;99;0,1;294,75;33333789;6,3;6,2;0,62;11,6
Morocco;2011;Developing;73,30;14;19;0,54;22,09;98;982;54,6;22;98;5,99;99;0,1;339,92;32858823;6,3;6,2;0,61;11,2
Morocco;2010;Developing;72,80;11;20;0,56;183,66;98;633;53,6;23;99;5,86;99;0,1;2834,25;3249639;6,3;6,2;0,60;10,7
Morocco;2009;Developing;72,30;116;20;0,62;188,29;98;834;52,7;23;99;5,67;99;0,1;2861,55;31989897;6,4;6,2;0,60;10,5
Morocco;2008;Developing;71,80;123;21;0,51;171,37;97;1455;51,7;24;99;5,41;99;0,1;2884,95;31596855;6,4;6,3;0,59;10,3
Morocco;2007;Developing;71,40;128;21;0,56;157,64;95;2248;5,8;25;95;5,48;95;0,1;2494,35;31225881;6,4;6,3;0,58;10,0
Morocco;2006;Developing;71,00;133;22;0,58;127,76;95;1217;49,9;25;97;5,23;97;0,1;2191,48;3869346;6,4;6,3;0,58;10,0
Morocco;2005;Developing;77,00;137;22;0,47;9,47;96;0;49,1;26;98;5,60;98;0,1;213,76;35217;6,5;6,3;0,57;9,8
Morocco;2004;Developing;72,00;142;23;0,56;100,36;95;6399;48,2;27;97;5,22;97;0,1;1948,81;3179285;6,5;6,4;0,56;9,6
Morocco;2003;Developing;69,90;146;24;0,58;88,17;9;10841;47,3;28;91;5,25;91;0,1;1721,97;29843937;6,6;6,4;0,55;9,3
Morocco;2002;Developing;69,50;15;25;0,46;66,73;92;6000;46,5;29;94;5,31;94;0,1;1413,76;29512368;6,6;6,5;0,54;8,8
Morocco;2001;Developing;69,00;155;26;0,46;71,12;84;2724;45,7;30;93;4,44;96;0,1;1336,78;29181832;6,7;6,5;0,53;8,5
Morocco;2000;Developing;68,60;16;27;0,45;63,42;43;7368;44,8;32;95;4,18;95;0,1;1332,38;28849621;6,7;6,6;0,52;8,0
Mozambique;2015;Developing;57,60;355;60;0,00;0,00;8;79;22,6;81;8;0,00;8;3,9;528,31;281691;3,6;3,5;0,41;9,1
Mozambique;2014;Developing;56,70;375;61;0,01;54,91;79;9;22,2;84;79;6,98;79;4,1;623,29;27212382;3,6;3,5;0,41;9,1
Mozambique;2013;Developing;55,30;46;62;1,16;5,81;78;8;21,8;87;78;5,90;78;5,1;65,99;26434372;3,6;3,5;0,41;9,1
Mozambique;2012;Developing;54,80;48;64;1,19;49,91;76;145;21,3;90;73;5,58;76;6,9;566,51;2567666;3,6;3,5;0,40;9,2
Mozambique;2011;Developing;54,30;47;66;0,94;40,81;76;177;2,9;94;73;6,23;76;9,6;526,53;249395;3,7;3,6;0,40;9,5
Mozambique;2010;Developing;54,00;47;69;0,96;5,74;74;2321;2,5;98;73;5,38;74;10,8;419,23;2422145;3,7;3,6;0,39;9,3
Mozambique;2009;Developing;53,80;4;70;1,18;39,75;74;60;2,1;101;74;5,43;74;11,3;463,85;2352463;3,7;3,6;0,38;9,2
Mozambique;2008;Developing;53,20;45;72;1,48;0,80;75;4;19,7;104;74;4,91;75;12,6;53,13;22846758;3,7;3,7;0,37;8,8
Mozambique;2007;Developing;52,10;425;74;1,03;53,95;75;267;19,3;108;75;5,25;75;14,1;422,15;22188387;3,8;3,7;0,36;8,2
Mozambique;2006;Developing;51,20;434;78;1,20;58,60;75;183;18,9;113;73;6,51;78;16,3;385,76;21547463;3,8;3,7;0,35;7,9
Mozambique;2005;Developing;58,00;434;80;1,23;67,33;75;12598;18,5;117;71;6,87;8;16,2;369,15;29237;3,9;3,8;0,34;7,3
Mozambique;2004;Developing;54,00;429;82;1,54;46,58;76;9396;18,1;120;69;5,91;83;15,9;336,33;231275;3,9;3,8;0,33;7,0
Mozambique;2003;Developing;51,00;424;85;1,68;42,53;76;28898;17,7;124;67;6,39;85;15,3;283,89;19716598;4,0;3,9;0,32;6,7
Mozambique;2002;Developing;49,80;416;87;2,16;40,83;76;7155;17,3;127;76;6,45;76;14,5;262,88;19139658;4,0;4,0;0,31;6,2
Mozambique;2001;Developing;49,50;48;90;2,09;37,83;25;7085;16,9;132;72;5,64;73;13,4;256,44;18588758;4,1;4,0;0,30;5,8
Mozambique;2000;Developing;49,00;43;93;1,14;47,17;0;7375;16,5;136;69;6,16;7;12,2;277,65;1867687;4,2;4,1;0,29;5,4
Myanmar;2015;Developing;66,60;199;39;0,00;0,00;89;6;23,8;50;89;0,00;89;0,3;1194,59;5243669;12,8;13,0;0,55;9,1
Myanmar;2014;Developing;66,40;21;40;0,01;45,34;88;122;22,9;52;88;2,28;88;0,3;1262,89;51924182;12,9;13,1;0,55;9,1
Myanmar;2013;Developing;66,20;22;42;0,70;38,34;75;1010;22,1;55;76;2,16;75;0,4;1168,84;51448196;12,9;13,2;0,54;9,1
Myanmar;2012;Developing;65,90;25;44;0,55;38,43;58;2175;21,3;58;87;2,22;84;0,5;1171,58;5986514;13,0;13,2;0,53;9,1
Myanmar;2011;Developing;65,60;27;47;0,33;21,24;4;2046;2,5;61;9;1,87;84;0,5;1186,42;555331;13,0;13,3;0,53;9,1
Myanmar;2010;Developing;65,40;29;49;0,30;17,48;92;190;19,8;65;9;1,92;9;0,5;987,74;5155896;13,1;13,3;0,52;8,8
Myanmar;2009;Developing;65,20;211;52;0,28;11,05;91;329;19,1;69;9;2,50;9;0,6;741,78;49869;13,1;13,4;0,50;8,5
Myanmar;2008;Developing;59,20;296;59;0,30;9,53;85;333;18,3;96;85;1,87;85;0,6;643,95;49479752;13,2;13,4;0,49;8,2
Myanmar;2007;Developing;64,50;217;58;0,26;0,53;85;1088;17,6;78;84;1,68;86;0,6;41,45;49171586;13,2;13,5;0,48;8,1
Myanmar;2006;Developing;64,20;22;61;0,28;4,63;75;760;17,0;83;82;1,78;82;0,6;296,97;48846474;13,2;13,5;0,47;8,0
Myanmar;2005;Developing;63,90;224;64;0,28;2,79;62;314;16,4;87;86;1,83;73;0,5;247,24;48482614;13,2;13,6;0,47;7,9
Myanmar;2004;Developing;63,50;228;66;0,44;4,15;39;1329;15,7;90;92;1,97;82;0,5;219,82;487377;13,3;13,6;0,46;7,8
Myanmar;2003;Developing;63,20;231;69;0,40;3,82;8;830;15,2;93;86;1,97;78;0,5;219,78;47624894;13,3;13,6;0,45;7,7
Myanmar;2002;Developing;62,80;235;71;0,41;3,42;0;736;14,6;96;84;2,50;79;0,4;143,78;471422;13,3;13,7;0,44;7,6
Myanmar;2001;Developing;62,50;239;72;0,38;1,92;0;2519;14,1;98;77;1,80;73;0,4;138,92;46627994;13,3;13,7;0,43;7,6
Myanmar;2000;Developing;62,10;243;73;0,35;2,51;0;845;13,6;100;88;1,84;82;0,4;193,19;4695462;13,3;13,7;0,42;7,5
Namibia;2015;Developing;65,80;248;2;0,00;0,00;92;212;35,7;3;92;0,00;92;2,1;4737,67;2425561;8,2;8,1;0,64;11,7
Namibia;2014;Developing;65,90;242;2;0,01;751,40;88;477;34,9;3;88;8,93;88;2,2;5421,34;237992;8,6;8,5;0,63;11,7
Namibia;2013;Developing;66,10;232;3;0,01;760,66;89;1028;34,1;3;89;8,53;89;2,5;5488,13;231652;9,0;8,9;0,63;11,6
Namibia;2012;Developing;65,80;232;3;0,01;796,87;84;86;33,3;4;84;8,24;84;3,7;5749,45;2263934;9,5;9,4;0,62;11,5
Namibia;2011;Developing;64,30;268;3;7,84;7,90;82;79;32,5;4;85;8,78;82;4,7;56,97;2215621;9,9;9,9;0,61;11,5
Namibia;2010;Developing;63,00;299;3;7,58;719,55;83;3138;31,8;4;83;7,89;83;6,2;5191,58;217317;1,4;1,4;0,60;11,4
Namibia;2009;Developing;62,40;36;3;7,99;575,67;0;4076;31,0;4;83;8,50;83;8,7;4153,50;21374;1,9;1,9;0,60;11,4
Namibia;2008;Developing;61,70;317;3;6,28;59,55;0;0;3,2;4;83;7,15;83;11,7;429,66;216375;11,5;11,4;0,59;11,3
Namibia;2007;Developing;60,00;356;3;5,12;62,11;0;21;29,4;4;81;6,99;86;15,2;422,52;279915;12,0;12,0;0,58;11,3
Namibia;2006;Developing;57,00;431;3;4,94;459,16;0;3;28,7;4;74;7,20;86;19,2;3881,30;255734;12,6;12,6;0,57;11,4
Namibia;2005;Developing;55,10;477;3;4,89;457,72;0;4;27,9;4;86;7,32;86;22,1;3573,15;232196;13,1;13,1;0,57;11,6
Namibia;2004;Developing;54,70;483;3;4,80;368,28;0;4;27,2;4;81;6,47;81;24,0;3288,26;29228;13,7;13,7;0,56;11,7
Namibia;2003;Developing;55,00;471;3;5,28;294,66;0;262;26,5;4;82;6,52;79;24,7;2482,37;1986535;14,2;14,3;0,55;11,7
Namibia;2002;Developing;55,70;452;3;5,09;203,73;0;1278;25,8;4;78;6,17;77;24,6;1713,48;1962147;14,7;14,8;0,56;11,8
Namibia;2001;Developing;56,50;426;3;5,09;205,81;0;416;25,1;4;79;6,18;78;23,9;1834,29;1933596;15,2;15,4;0,56;11,7
Namibia;2000;Developing;57,40;41;3;5,73;35,81;0;469;24,5;4;8;6,11;79;22,8;258,00;1899257;15,7;15,9;0,56;11,5
Nauru;2013;Developing;0,00;0;0;0,01;15,61;87;0;87,3;0;87;4,65;87;0,1;136,18;0;0,1;0,1;0,00;9,6
Nepal;2015;Developing;69,20;165;17;0,00;0,00;91;1599;19,1;21;9;0,00;91;0,1;743,77;28656282;15,7;16,1;0,56;12,2
Nepal;2014;Developing;69,60;158;18;0,01;8,52;92;1279;18,5;22;92;5,80;92;0,1;76,24;28323241;15,9;16,3;0,55;12,4
Nepal;2013;Developing;69,30;162;19;0,27;80,16;92;1861;18,0;24;92;5,69;92;0,1;688,62;2798531;16,1;16,5;0,55;12,3
Nepal;2012;Developing;68,90;167;20;0,26;80,59;9;3362;17,4;25;9;5,89;9;0,2;681,79;27649925;16,3;16,7;0,54;12,3
Nepal;2011;Developing;68,40;172;22;0,27;112,12;92;2359;16,9;27;92;6,73;92;0,2;692,12;27327147;16,5;16,9;0,53;12,0
Nepal;2010;Developing;68,00;178;23;0,24;84,62;82;190;16,4;30;83;6,43;82;0,2;592,18;2723137;16,7;17,2;0,52;11,1
Nepal;2009;Developing;67,50;183;25;0,22;6,19;89;189;15,9;32;93;6,41;89;0,2;48,73;2674113;16,9;17,4;0,50;10,5
Nepal;2008;Developing;67,00;189;27;0,21;70,27;82;2089;15,4;35;82;6,44;82;0,2;473,84;26475859;17,0;17,6;0,49;10,1
Nepal;2007;Developing;66,60;194;29;0,20;52,23;82;1415;14,9;38;82;5,84;82;0,2;393,88;26214847;17,2;17,8;0,49;10,0
Nepal;2006;Developing;66,00;21;31;0,20;45,88;69;2838;14,4;41;91;5,70;89;0,2;348,63;2594618;17,4;18,0;0,48;9,6
Nepal;2005;Developing;65,40;28;33;0,20;4,26;41;5023;13,9;44;78;5,72;75;0,2;317,89;2564287;17,6;18,2;0,47;9,4
Nepal;2004;Developing;64,70;218;35;0,21;31,93;27;12074;13,4;47;8;5,82;8;0,2;287,42;2539449;17,8;18,4;0,46;9,3
Nepal;2003;Developing;64,30;22;38;0,20;2,79;2;13344;12,9;50;76;5,48;78;0,1;253,72;2495623;18,0;18,6;0,46;9,2
Nepal;2002;Developing;63,10;238;40;0,19;23,18;0;6749;12,4;54;72;5,60;72;0,1;246,38;24566342;18,2;18,8;0,45;8,6
Nepal;2001;Developing;63,20;23;43;0,09;21,93;0;10849;11,9;58;73;5,36;72;0,1;248,62;24161777;18,3;19,0;0,45;9,0
Nepal;2000;Developing;62,50;238;46;0,08;17,91;0;9397;11,4;62;74;5,43;74;0,1;231,43;2374911;18,5;19,2;0,44;8,9
Netherlands;2015;Developed;81,90;57;1;0,00;0,00;94;7;62,1;1;95;0,00;95;0,1;44292,88;16939923;1,0;0,9;0,92;18,1
Netherlands;2014;Developed;81,70;58;1;0,01;1491,70;92;140;61,6;1;96;1,90;96;0,1;52157,47;168658;1,0;0,9;0,92;18,1
Netherlands;2013;Developed;81,40;6;1;8,68;1475,03;51;2632;61,0;1;97;11,40;97;0,1;51574,49;1684432;1,0;0,9;0,92;18,1
Netherlands;2012;Developed;81,10;62;1;9,05;1162,66;2;10;6,5;1;97;11,10;97;0,1;49474,76;16754962;1,0;0,9;0,92;18,1
Netherlands;2011;Developed;81,10;63;1;8,96;1047,37;2;51;59,9;1;97;1,53;97;0,1;5354,65;1669374;1,0;0,9;0,91;17,2
Netherlands;2010;Developed;88,00;64;1;9,33;1035,62;0;15;59,3;1;97;1,48;97;0,1;5338,25;16615394;1,0;0,9;0,91;17,0
Netherlands;2009;Developed;86,00;65;1;9,23;96,86;0;15;58,6;1;97;1,29;97;0,1;519,35;1653388;1,0;0,9;0,91;16,9
Netherlands;2008;Developed;83,00;68;1;9,62;10873,41;0;109;57,9;1;97;9,57;97;0,1;56928,82;16445593;1,0;0,9;0,91;16,8
Netherlands;2007;Developed;82,00;68;1;9,53;9689,73;0;10;57,3;1;97;9,36;97;0,1;51241,32;16381696;1,0;1,0;0,90;16,6
Netherlands;2006;Developed;79,80;71;1;9,79;8344,01;0;1;56,5;1;96;9,36;96;0,1;44453,97;1634611;1,0;1,0;0,89;16,5
Netherlands;2005;Developed;79,40;72;1;9,69;6577,51;0;4;55,8;1;96;9,60;96;0,1;41577,17;16319868;1,0;1,0;0,89;16,4
Netherlands;2004;Developed;79,20;77;1;9,56;5170,13;0;11;55,0;1;98;8,52;98;0,1;39954,64;16281779;1,0;1,0;0,89;16,5
Netherlands;2003;Developed;78,70;8;1;9,56;4472,61;0;4;54,2;1;98;8,46;98;0,1;35245,16;1622532;1,1;1,0;0,88;16,5
Netherlands;2002;Developed;78,40;81;1;9,68;3455,20;0;3;53,4;1;97;8,34;97;0,1;28817,32;16148929;1,1;1,0;0,88;16,9
Netherlands;2001;Developed;78,30;82;1;9,95;3054,52;0;0;52,6;1;97;7,79;97;0,1;26584,12;164618;1,1;1,1;0,88;16,7
Netherlands;2000;Developed;78,10;84;1;10,06;2944,64;0;1019;51,8;1;97;7,42;97;0,1;25921,13;15925513;1,1;1,1;0,87;16,5
New Zealand;2015;Developed;81,60;66;0;8,70;0,00;92;10;67,5;0;92;0,00;92;0,1;3821,89;0;0,4;0,3;0,91;19,2
New Zealand;2014;Developed;81,50;67;0;9,07;1040,28;93;280;66,9;0;93;11,30;93;0,1;4453,25;0;0,4;0,3;0,91;19,2
New Zealand;2013;Developed;81,30;69;0;9,18;10019,08;93;8;66,4;0;92;11,17;92;0,1;42889,88;0;0,3;0,3;0,91;19,3
New Zealand;2012;Developed;81,10;7;0;9,20;924,57;93;68;65,9;0;93;11,53;93;0,1;3997,26;0;0,3;0,3;0,90;19,5
New Zealand;2011;Developed;86,00;72;0;9,47;8342,41;95;597;65,3;0;95;11,24;95;0,1;38426,56;0;0,3;0,3;0,90;19,7
New Zealand;2010;Developed;89,00;71;0;9,62;6664,15;9;43;64,8;0;93;11,20;93;0,1;33691,35;0;0,3;0,3;0,90;20,3
New Zealand;2009;Developed;85,00;73;0;9,24;63,58;93;198;64,3;0;92;11,21;92;0,1;282,94;0;0,3;0,3;0,90;19,3
New Zealand;2008;Developed;81,00;75;0;9,49;6761,29;9;0;63,8;0;89;1,70;89;0,1;31287,78;0;0,3;0,3;0,89;19,5
New Zealand;2007;Developed;81,00;76;0;9,19;606,31;88;25;63,2;0;88;8,35;88;0,1;3259,73;0;0,3;0,3;0,89;19,2
New Zealand;2006;Developed;79,90;76;0;9,34;496,22;87;20;62,6;0;89;8,65;89;0,1;2667,86;0;0,3;0,3;0,89;19,1
New Zealand;2005;Developed;79,90;78;0;9,31;491,06;87;20;62,1;0;89;8,25;89;0,1;2775,90;0;0,3;0,3;0,89;18,9
New Zealand;2004;Developed;79,20;79;0;9,15;442,38;88;33;61,5;0;87;7,89;89;0,1;2542,40;0;0,3;0,3;0,88;18,4
New Zealand;2003;Developed;79,10;82;0;8,91;3661,79;89;66;6,9;0;86;7,71;9;0,1;21913,78;0;0,3;0,3;0,88;18,2
New Zealand;2002;Developed;78,70;83;0;9,13;2892,26;89;21;6,3;0;84;7,89;9;0,1;16874,31;0;0,3;0,3;0,87;17,5
New Zealand;2001;Developed;78,50;83;0;8,75;2205,99;9;65;59,6;0;82;7,58;9;0,1;13882,86;0;0,3;0,3;0,87;17,4
New Zealand;2000;Developed;78,60;87;0;8,91;2143,02;9;65;58,9;0;82;7,47;9;0,1;13641,13;0;0,3;0,3;0,86;17,2
Nicaragua;2015;Developing;74,80;145;2;0,00;0,00;98;0;54,0;2;99;0,00;98;0,1;295,97;68235;1,8;1,7;0,64;11,7
Nicaragua;2014;Developing;74,50;148;2;3,55;473,12;98;0;53,2;3;99;9,40;98;0,1;1975,46;613997;1,8;1,7;0,64;11,6
Nicaragua;2013;Developing;73,90;157;2;3,58;366,48;98;0;52,4;3;99;8,43;98;0,1;1847,20;5945747;1,8;1,7;0,63;11,5
Nicaragua;2012;Developing;73,90;157;2;3,63;334,82;98;0;51,7;3;99;8,40;98;0,1;1792,38;587718;1,8;1,7;0,63;11,5
Nicaragua;2011;Developing;74,50;147;3;3,39;321,61;98;0;5,9;3;99;6,39;98;0,1;1682,96;58782;1,8;1,8;0,62;11,5
Nicaragua;2010;Developing;73,20;154;3;3,38;302,70;98;0;5,2;3;99;6,58;98;0,1;1526,50;5737723;1,9;1,8;0,61;11,4
Nicaragua;2009;Developing;73,20;163;3;3,36;292,75;98;0;49,4;3;99;6,82;98;0,2;1464,50;5666581;1,9;1,8;0,61;11,3
Nicaragua;2008;Developing;72,50;169;3;3,64;275,06;97;0;48,6;3;97;6,98;97;0,2;1518,85;559456;1,9;1,8;0,61;11,1
Nicaragua;2007;Developing;72,50;173;3;3,83;253,00;93;0;47,9;4;93;6,91;93;0,2;1344,32;552216;2,0;1,9;0,60;11,0
Nicaragua;2006;Developing;73,00;17;3;3,69;21,41;88;0;47,1;4;88;6,33;88;0,3;124,99;545211;2,0;1,9;0,60;11,0
Nicaragua;2005;Developing;71,20;194;3;3,70;218,57;86;0;46,4;4;87;6,11;86;0,3;1175,12;5379328;2,0;1,9;0,59;11,0
Nicaragua;2004;Developing;71,00;194;4;3,81;36,82;79;0;45,7;4;8;6,13;79;0,3;191,55;53973;2,1;2,0;0,59;11,0
Nicaragua;2003;Developing;76,00;198;4;3,77;2,54;86;0;44,9;5;86;6,12;86;0,3;115,57;524879;2,1;2,0;0,58;11,0
Nicaragua;2002;Developing;75,00;197;4;3,50;2,09;85;0;44,2;5;85;5,71;85;0,4;11,15;5171734;2,2;2,1;0,58;10,7
Nicaragua;2001;Developing;73,00;193;4;3,51;22,36;87;0;43,5;5;89;5,26;87;0,4;143,68;5175;2,2;2,1;0,57;10,4
Nicaragua;2000;Developing;73,00;192;4;3,61;15,26;83;0;42,8;5;85;5,39;83;0,4;116,27;526796;2,2;2,1;0,56;10,1
Niger;2015;Developing;61,80;22;49;0,00;0,00;65;7693;19,3;87;65;0,00;65;0,4;359,00;19896965;9,6;9,4;0,35;5,4
Niger;2014;Developing;61,40;223;49;0,01;3,30;68;1142;18,9;88;67;5,82;68;0,5;43,65;19148219;9,8;9,6;0,35;5,3
Niger;2013;Developing;69,00;227;49;0,01;31,50;67;1224;18,5;89;56;5,90;67;0,6;416,15;18426372;1,0;9,9;0,34;5,3
Niger;2012;Developing;63,00;232;49;0,01;29,76;71;272;18,1;90;71;6,11;71;0,7;391,52;17731634;1,3;1,1;0,33;5,1
Niger;2011;Developing;59,40;241;50;0,15;32,22;75;771;17,7;93;4;6,66;75;0,7;375,58;1764636;1,5;1,3;0,32;4,8
Niger;2010;Developing;58,20;252;50;0,12;5,88;7;372;17,3;95;75;6,36;7;0,9;348,15;16425578;1,7;1,6;0,31;4,5
Niger;2009;Developing;57,10;263;51;0,11;5,67;71;801;16,9;99;71;6,98;71;1,1;341,29;15813913;11,0;1,8;0,31;4,2
Niger;2008;Developing;56,00;272;52;0,12;40,38;0;1317;16,5;102;68;6,76;67;1,3;354,82;15228525;11,2;11,0;0,30;4,0
Niger;2007;Developing;55,20;276;53;0,10;35,81;0;282;16,1;106;57;6,94;57;1,4;292,56;14668338;11,4;11,3;0,29;3,8
Niger;2006;Developing;54,50;277;54;0,11;43,42;0;59;15,7;110;52;7,39;51;1,5;258,46;1413264;11,6;11,5;0,29;3,7
Niger;2005;Developing;53,70;278;55;0,11;3,75;0;2183;15,4;114;46;7,15;45;1,6;25,38;13618449;11,9;11,8;0,28;3,5
Niger;2004;Developing;52,90;279;56;0,11;20,86;0;63057;15,0;118;45;6,61;43;1,6;232,57;1312712;12,1;12,0;0,27;3,1
Niger;2003;Developing;52,10;28;56;0,10;20,27;0;54190;14,6;121;44;6,23;41;1,6;215,85;1265687;12,3;12,2;0,27;3,0
Niger;2002;Developing;51,40;282;57;0,10;17,59;0;31584;14,3;124;43;6,55;39;1,6;177,83;12262;12,5;12,5;0,26;2,9
Niger;2001;Developing;56,00;283;57;0,11;1,82;0;61208;13,9;127;42;7,10;36;1,6;165,26;11771976;12,7;12,7;0,26;2,9
Niger;2000;Developing;50,00;284;58;0,10;13,36;0;21319;13,6;128;41;6,10;34;1,5;158,46;11352973;12,8;12,9;0,25;2,8
Nigeria;2015;Developing;54,50;344;483;0,00;0,00;49;12423;25,4;747;49;0,00;49;3,7;2655,16;181181744;9,8;9,7;0,53;10,0
Nigeria;2014;Developing;53,60;362;490;0,01;263,21;49;6855;24,7;759;49;3,67;49;3,9;3221,68;1764652;1,1;9,9;0,52;10,0
Nigeria;2013;Developing;53,20;367;498;8,30;194,20;46;52852;24,1;773;46;3,70;46;3,9;2996,96;17182933;1,4;1,2;0,51;9,8
Nigeria;2012;Developing;52,70;374;505;8,54;204,72;42;6447;23,5;788;42;3,30;42;4,4;2755,30;167297284;1,7;1,6;0,51;9,7
Nigeria;2011;Developing;52,30;375;513;8,75;187,57;46;18843;22,8;802;48;3,69;48;4,7;2527,94;16287776;11,0;1,9;0,50;9,6
Nigeria;2010;Developing;52,00;374;521;8,90;133,12;49;8491;22,2;817;54;3,47;54;4,8;2327,33;158578261;11,3;11,2;0,49;9,5
Nigeria;2009;Developing;51,60;376;527;9,05;14,57;63;1272;21,6;832;66;4,24;63;4,9;197,66;15442181;11,7;11,6;0,49;9,3
Nigeria;2008;Developing;59,00;386;536;9,30;105,59;41;9960;21,0;848;6;4,00;53;5,0;1383,89;1534739;12,0;11,9;0,48;9,2
Nigeria;2007;Developing;55,00;388;542;9,55;104,47;42;2613;2,4;863;54;4,47;42;5,2;1136,83;14641724;12,3;12,3;0,48;9,1
Nigeria;2006;Developing;49,80;396;549;9,66;10,36;27;704;19,9;879;46;3,66;4;5,3;119,74;14261494;12,6;12,6;0,47;9,0
Nigeria;2005;Developing;49,20;4;556;9,71;6,42;18;110927;19,3;893;45;4,11;36;5,4;87,89;138939478;12,9;12,9;0,46;8,9
Nigeria;2004;Developing;48,50;47;563;9,76;57,23;0;31521;18,8;907;43;4,33;33;5,4;648,82;135393616;13,2;13,2;0,45;8,5
Nigeria;2003;Developing;48,10;41;567;9,75;30,20;0;141258;18,3;918;42;4,50;29;5,4;512,66;131972533;13,5;13,6;0,00;8,1
Nigeria;2002;Developing;47,70;49;571;9,61;17,14;0;42007;17,8;928;4;2,43;25;5,3;459,46;12866671;13,8;13,8;0,00;7,7
Nigeria;2001;Developing;47,40;48;574;9,58;15,83;0;168107;17,3;936;36;3,25;27;5,1;351,80;125463434;14,1;14,1;0,00;8,0
Nigeria;2000;Developing;47,10;45;576;9,23;22,48;0;212183;16,9;943;31;2,84;29;4,9;379,12;1223529;14,3;14,4;0,00;7,6
Niue;2013;Developing;0,00;0;0;0,01;0,00;99;0;77,3;0;99;7,20;99;0,1;0,00;0;0,1;0,1;0,00;0,0
Norway;2015;Developed;81,80;59;0;5,97;0,00;0;14;61,2;0;95;0,00;95;0,1;7455,25;518867;0,8;0,7;0,95;17,7
Norway;2014;Developed;81,60;61;0;6,06;177,64;0;3;6,8;0;93;9,72;93;0,1;975,50;5137232;0,8;0,7;0,95;17,7
Norway;2013;Developed;81,50;62;0;6,21;234,78;0;8;6,3;0;94;9,39;94;0,1;1291,44;579623;0,8;0,7;0,94;17,5
Norway;2012;Developed;81,30;61;0;6,21;2094,19;0;4;59,8;0;95;9,16;95;0,1;11563,73;518573;0,7;0,7;0,94;17,6
Norway;2011;Developed;81,10;67;0;6,53;277,36;0;39;59,4;0;94;9,14;94;0,1;1574,99;495388;0,7;0,7;0,94;17,6
Norway;2010;Developed;81,00;66;0;6,59;15268,06;0;3;58,9;0;93;9,26;93;0,1;87646,75;4889252;0,7;0,7;0,94;17,4
Norway;2009;Developed;89,00;67;0;6,68;142,37;0;2;58,5;0;94;9,49;94;0,1;817,78;4828726;0,7;0,7;0,94;17,4
Norway;2008;Developed;86,00;67;0;6,75;1707,13;0;4;58,0;0;94;8,40;94;0,1;9688,60;4768212;0,7;0,7;0,94;17,6
Norway;2007;Developed;85,00;67;0;6,60;14829,41;0;0;57,5;0;93;8,58;93;0,1;85128,66;479153;0,7;0,7;0,93;17,6
Norway;2006;Developed;84,00;7;0;6,47;12829,25;0;0;57,0;0;94;8,43;94;0,1;74114,70;466677;0,8;0,7;0,93;17,5
Norway;2005;Developed;81,00;73;0;6,37;11792,53;0;0;56,5;0;91;8,89;91;0,1;66775,39;4623291;0,8;0,7;0,93;17,6
Norway;2004;Developed;79,80;77;0;6,22;1009,83;0;7;55,9;0;92;9,44;92;0,1;5757,27;459191;0,8;0,7;0,92;17,5
Norway;2003;Developed;79,40;78;0;6,04;880,74;0;8;55,3;0;92;9,85;92;0,1;5111,65;4564855;0,8;0,7;0,92;17,1
Norway;2002;Developed;78,90;81;0;5,89;749,68;0;5;54,6;0;93;9,62;93;0,1;4361,15;4538159;0,8;0,7;0,92;17,1
Norway;2001;Developed;78,80;82;0;5,49;6356,83;0;4;54,0;0;91;8,65;91;0,1;38549,59;4513751;0,8;0,7;0,92;17,5
Norway;2000;Developed;78,50;85;0;5,67;6191,21;0;0;53,3;0;91;8,27;9;0,1;38146,72;449967;0,8;0,7;0,91;17,1
Oman;2015;Developing;76,60;99;1;0,00;0,00;99;0;54,6;1;99;0,00;99;0,1;16627,36;0;7,1;6,9;0,80;13,7
Oman;2014;Developing;76,40;11;1;0,40;166,19;99;0;53,5;1;99;3,55;99;0,1;2458,45;0;7,1;6,9;0,80;13,7
Oman;2013;Developing;76,20;12;1;0,46;1154,89;98;0;52,8;1;99;2,76;98;0,1;21268,76;0;7,0;6,8;0,80;13,7
Oman;2012;Developing;76,00;14;1;0,51;1055,84;98;13;52,3;1;99;2,52;98;0,1;22134,92;0;7,0;6,8;0,80;13,7
Oman;2011;Developing;75,80;15;1;0,54;158,28;99;5;52,0;1;99;2,49;99;0,1;2986,36;0;6,9;6,8;0,80;13,6
Oman;2010;Developing;75,60;16;1;0,56;129,23;99;3;51,8;1;99;2,74;99;0,1;1928,75;0;6,9;6,8;0,80;13,5
Oman;2009;Developing;75,40;18;1;0,56;1040,63;98;19;51,5;1;96;2,83;98;0,1;16784,35;0;6,9;6,8;0,78;12,4
Oman;2008;Developing;75,20;19;1;0,57;123,10;99;18;51,1;1;97;2,10;99;0,1;2275,35;0;6,9;6,8;0,77;11,9
Oman;2007;Developing;74,90;113;1;0,57;88,45;99;24;5,6;1;97;2,43;99;0,1;1585,13;0;7,0;6,8;0,75;11,5
Oman;2006;Developing;74,70;115;1;0,58;78,51;99;13;5,1;1;98;2,31;98;0,1;1448,55;0;7,0;6,8;0,75;11,6
Oman;2005;Developing;74,30;118;1;0,63;854,01;99;25;49,5;1;99;2,59;99;0,1;12376,98;0;7,0;6,8;0,74;11,5
Oman;2004;Developing;74,00;122;1;0,61;70,47;99;18;48,9;1;99;2,98;99;0,1;1129,29;0;7,1;6,8;0,73;11,5
Oman;2003;Developing;73,60;127;1;0,56;65,66;99;1;48,1;1;99;3,17;99;0,1;969,81;0;7,1;6,8;0,73;11,2
Oman;2002;Developing;73,30;13;1;0,54;585,92;99;5;47,3;1;99;3,18;99;0,1;8629,12;0;7,1;6,8;0,72;11,0
Oman;2001;Developing;72,90;134;1;0,55;564,54;99;15;46,5;1;99;3,80;99;0,1;8476,62;0;7,1;6,9;0,71;10,7
Oman;2000;Developing;72,60;138;1;0,38;62,87;99;15;45,9;1;99;3,70;99;0,1;861,19;0;7,2;6,9;0,00;10,4
Pakistan;2015;Developing;66,40;161;352;0,00;0,00;72;386;25,4;433;72;0,00;72;0,1;1431,24;18938513;19,2;19,6;0,55;8,1
Pakistan;2014;Developing;66,20;162;359;0,01;62,29;72;1370;24,7;442;72;2,61;72;0,1;1316,99;185546257;19,4;19,8;0,54;7,8
Pakistan;2013;Developing;66,00;163;365;0,04;60,19;72;8749;23,9;450;72;2,70;72;0,1;1272,44;181712595;19,6;2,0;0,54;7,7
Pakistan;2012;Developing;65,70;165;369;0,04;59,66;72;8046;23,2;456;72;2,76;72;0,1;1261,29;177911533;19,8;2,2;0,53;7,6
Pakistan;2011;Developing;65,50;167;371;0,04;57,88;74;4386;22,5;459;75;3,10;74;0,1;1226,22;174184265;2,0;2,4;0,53;7,5
Pakistan;2010;Developing;65,10;172;372;0,04;0,67;82;4321;21,9;461;82;3,20;82;0,1;14,14;1756182;2,2;2,7;0,52;7,5
Pakistan;2009;Developing;64,80;175;371;0,03;0,70;78;863;21,3;460;7;2,94;71;0,1;16,64;1674958;2,5;2,9;0,51;7,3
Pakistan;2008;Developing;64,60;177;369;0,03;5,45;65;1129;2,6;460;7;3,26;62;0,1;139,31;16364463;2,7;21,1;0,51;7,3
Pakistan;2007;Developing;64,40;178;367;0,03;3,91;75;2801;2,1;459;75;3,35;75;0,1;95,43;16332974;2,8;21,3;0,51;6,7
Pakistan;2006;Developing;64,20;179;365;0,03;40,37;78;7641;19,5;458;77;3,40;78;0,1;873,77;15793993;21,0;21,5;0,50;6,5
Pakistan;2005;Developing;62,90;2;364;0,04;30,59;7;2981;18,9;459;78;2,91;77;0,1;711,47;15399667;21,2;21,7;0,49;6,1
Pakistan;2004;Developing;63,70;183;364;0,01;28,98;65;4248;18,4;461;65;2,56;65;0,1;649,85;15783;21,4;21,8;0,47;5,6
Pakistan;2003;Developing;63,50;185;366;0,01;24,23;63;4740;17,9;466;69;2,61;67;0,1;563,59;1477341;21,6;22,0;0,47;5,6
Pakistan;2002;Developing;63,20;187;371;0,01;22,39;0;3903;17,4;474;71;2,76;68;0,1;499,86;144654143;21,8;22,2;0,46;5,5
Pakistan;2001;Developing;63,00;189;377;0,01;1,77;0;3849;16,9;483;68;2,61;65;0,1;51,66;14161437;22,0;22,4;0,45;5,4
Pakistan;2000;Developing;62,80;19;385;0,02;18,85;0;2064;16,4;495;65;2,79;62;0,1;533,86;138523285;22,2;22,6;0,45;5,3
Palau;2013;Developing;0,00;0;0;0,00;344,69;99;0;83,3;0;99;9,27;99;0,1;1932,12;292;0,1;0,1;0,78;14,2
Panama;2015;Developing;77,80;118;1;0,00;0,00;73;0;57,8;1;72;0,00;73;0,1;13134,44;3969249;1,9;1,8;0,79;13,0
Panama;2014;Developing;77,60;119;1;6,74;1842,46;8;0;57,1;1;8;8,30;8;0,1;12593,74;393986;1,9;1,8;0,78;13,0
Panama;2013;Developing;77,50;118;1;6,89;1694,47;8;0;56,3;1;81;8,90;8;0,1;11685,98;3838462;1,9;1,9;0,77;12,9
Panama;2012;Developing;77,20;12;1;6,95;201,75;85;0;55,6;1;87;7,25;85;0,1;1589,83;3772938;1,9;1,9;0,77;12,8
Panama;2011;Developing;77,30;121;1;6,90;119,21;87;4;54,9;1;91;7,50;87;0,1;927,72;377782;2,0;1,9;0,76;12,9
Panama;2010;Developing;76,50;122;1;6,94;1199,32;94;0;54,2;2;95;8,50;94;0,1;7937,26;3643222;2,0;1,9;0,76;12,8
Panama;2009;Developing;76,80;127;1;6,87;1092,16;85;0;53,4;2;85;7,56;85;0,1;7429,63;3579385;2,0;1,9;0,76;12,8
Panama;2008;Developing;76,50;127;1;6,74;956,82;86;0;52,7;2;86;6,75;86;0,1;6973,93;3516268;2,0;2,0;0,75;12,8
Panama;2007;Developing;76,40;124;1;6,16;76,25;85;0;51,9;2;84;6,31;85;0,2;668,87;345387;2,1;2,0;0,74;12,9
Panama;2006;Developing;76,20;125;1;5,72;631,13;88;0;51,1;2;98;7,00;88;0,1;5348,52;339195;2,1;2,0;0,74;12,9
Panama;2005;Developing;75,80;122;1;5,53;623,91;92;0;5,3;2;88;7,48;92;0,1;4916,55;333465;2,1;2,1;0,74;12,9
Panama;2004;Developing;75,80;123;1;5,69;527,61;95;0;49,5;2;92;8,90;95;0,2;4591,89;3269541;2,2;2,1;0,73;12,8
Panama;2003;Developing;75,50;126;1;5,52;58,46;98;0;48,6;2;95;7,60;98;0,1;4267,14;329174;2,2;2,2;0,73;12,8
Panama;2002;Developing;75,70;125;1;5,52;78,81;98;0;47,8;2;99;8,30;99;0,2;4126,15;3149265;2,3;2,2;0,73;12,6
Panama;2001;Developing;75,50;124;2;5,43;7,32;98;0;46,9;2;95;7,72;99;0,1;446,37;389684;2,3;2,3;0,72;12,4
Panama;2000;Developing;75,70;121;2;5,58;9,87;0;0;45,9;2;99;7,76;98;0,2;46,30;33347;2,4;2,3;0,72;12,1
Papua New Guinea;2015;Developing;62,90;275;10;0,00;0,00;67;38;48,6;12;74;0,00;73;0,6;0,00;7919825;1,3;1,3;0,52;10,0
Papua New Guinea;2014;Developing;62,70;278;10;0,01;208,23;67;2299;47,9;13;64;4,26;73;0,7;2182,72;7755785;1,3;1,3;0,51;10,0
Papua New Guinea;2013;Developing;62,40;281;10;0,01;25,71;73;12;47,2;13;8;4,78;79;0,8;229,95;7592865;1,3;1,3;0,51;10,0
Papua New Guinea;2012;Developing;62,20;284;10;0,01;31,64;68;0;46,4;13;81;4,55;74;1,0;271,32;743836;1,3;1,3;0,50;9,9
Papua New Guinea;2011;Developing;62,00;285;10;0,88;23,41;66;0;45,7;13;69;4,94;72;1,0;177,87;7269348;1,3;1,3;0,49;9,9
Papua New Guinea;2010;Developing;61,80;286;10;0,79;19,00;56;0;44,9;14;72;4,18;67;1,1;1366,88;718239;1,4;1,3;0,49;9,6
Papua New Guinea;2009;Developing;61,60;288;11;0,82;20,53;66;0;44,2;14;79;4,36;73;1,1;1166,66;6947447;1,4;1,3;0,48;9,2
Papua New Guinea;2008;Developing;61,40;29;11;0,81;103,73;59;0;43,4;14;76;4,60;63;1,3;1178,72;6787187;1,4;1,3;0,47;8,9
Papua New Guinea;2007;Developing;61,10;295;11;0,71;85,72;61;0;42,7;14;72;4,40;71;1,4;956,67;6627922;1,4;1,3;0,46;8,6
Papua New Guinea;2006;Developing;68,00;299;11;0,64;126,61;71;1;41,9;14;67;5,92;72;1,5;854,35;647272;1,4;1,4;0,45;8,2
Papua New Guinea;2005;Developing;64,00;37;11;0,84;12,06;63;1222;41,1;15;61;6,42;72;1,5;77,58;631479;1,4;1,4;0,45;7,9
Papua New Guinea;2004;Developing;59,90;314;11;0,58;158,00;6;1385;4,4;15;59;8,39;62;1,5;637,36;6161517;1,5;1,4;0,44;7,6
Papua New Guinea;2003;Developing;59,60;321;11;0,59;124,38;67;3863;39,6;14;62;6,79;68;1,4;588,36;61724;1,5;1,4;0,43;7,2
Papua New Guinea;2002;Developing;59,30;327;11;0,61;110,98;6;17620;38,9;14;54;7,69;61;1,4;511,67;5862316;1,5;1,5;0,43;6,9
Papua New Guinea;2001;Developing;59,10;331;11;0,68;93,37;59;4023;38,2;14;52;6,68;55;1,3;539,42;5716152;1,5;1,5;0,42;6,6
Papua New Guinea;2000;Developing;58,90;335;11;0,73;62,56;57;7135;37,5;14;51;3,98;59;1,1;631,95;5572222;1,6;1,5;0,42;6,2
Paraguay;2015;Developing;74,00;146;2;0,00;0,00;93;0;5,2;3;89;0,00;93;0,2;419,37;6639119;2,0;1,9;0,69;12,3
Paraguay;2014;Developing;73,90;147;3;0,01;561,77;87;0;49,4;3;83;9,81;87;0,2;4712,82;6552584;2,0;1,9;0,69;12,3
Paraguay;2013;Developing;73,80;148;3;5,03;573,43;86;0;48,6;3;8;1,49;86;0,2;4479,96;646574;2,0;1,9;0,68;12,3
Paraguay;2012;Developing;73,60;148;3;5,36;441,84;87;0;47,9;3;83;1,33;87;0,1;3855,54;6379219;2,0;2,0;0,68;12,3
Paraguay;2011;Developing;73,40;15;3;5,79;472,19;89;0;47,1;3;84;9,42;89;0,1;3988,12;6293783;2,1;2,0;0,68;12,3
Paraguay;2010;Developing;73,20;152;3;5,65;359,98;89;0;46,4;3;85;9,10;89;0,1;3225,59;629877;2,1;2,0;0,66;12,4
Paraguay;2009;Developing;73,00;155;3;5,39;30,94;85;0;45,6;3;81;9,14;85;0,1;2599,60;6127837;2,1;2,0;0,66;12,1
Paraguay;2008;Developing;72,70;157;3;6,14;34,74;87;0;44,9;4;85;7,60;89;0,1;359,99;647117;2,1;2,1;0,65;11,9
Paraguay;2007;Developing;72,50;159;3;5,61;318,62;86;0;44,2;4;95;6,41;95;0,1;2312,19;5966159;2,2;2,1;0,65;12,0
Paraguay;2006;Developing;72,30;161;3;5,61;26,18;92;0;43,5;4;98;6,43;98;0,2;189,72;5882796;2,2;2,2;0,65;12,1
Paraguay;2005;Developing;72,10;163;3;6,38;20,68;92;0;42,8;4;96;6,70;96;0,2;157,15;5795494;2,3;2,2;0,65;12,3
Paraguay;2004;Developing;71,90;165;3;6,20;20,60;9;0;42,0;4;92;5,78;92;0,2;148,53;57374;2,3;2,2;0,64;12,1
Paraguay;2003;Developing;71,70;166;4;6,64;155,42;86;0;41,3;4;86;5,99;86;0,1;1174,78;56795;2,4;2,3;0,64;12,7
Paraguay;2002;Developing;71,50;168;4;5,66;152,83;0;0;4,6;4;87;6,77;87;0,1;1148,23;558611;2,4;2,3;0,63;12,2
Paraguay;2001;Developing;71,20;17;4;6,66;233,85;0;0;39,8;5;9;7,61;89;0,1;1417,27;546624;2,5;2,4;0,62;11,8
Paraguay;2000;Developing;79,00;172;4;6,78;273,58;0;0;39,1;5;86;8,10;86;0,1;1545,63;5327;2,5;2,4;0,63;11,6
Peru;2015;Developing;75,50;123;8;0,00;0,00;9;4;55,6;10;88;0,00;9;0,1;63,34;31376671;1,1;1,1;0,74;13,4
Peru;2014;Developing;75,30;125;8;0,01;973,73;88;0;54,9;10;78;5,47;88;0,1;6491,52;3973354;1,1;1,1;0,74;13,4
Peru;2013;Developing;75,30;125;8;5,38;946,65;88;0;54,2;11;71;5,23;88;0,1;6583,12;3565716;1,1;1,1;0,73;13,4
Peru;2012;Developing;74,90;129;9;5,14;885,99;95;0;53,6;11;94;5,18;95;0,1;6387,79;3158966;1,1;1,1;0,73;13,4
Peru;2011;Developing;74,50;133;9;4,83;759,54;91;0;52,9;12;91;4,93;91;0,2;5771,57;29759989;1,1;1,1;0,72;13,4
Peru;2010;Developing;73,70;14;10;4,72;69,44;93;0;52,2;12;92;5,30;93;0,2;522,49;29373646;1,1;1,1;0,71;13,3
Peru;2009;Developing;73,80;14;10;4,69;570,45;93;0;51,5;13;92;5,36;93;0,3;4166,93;29157;1,2;1,2;0,71;13,3
Peru;2008;Developing;73,90;138;11;4,85;58,50;93;1;5,8;14;93;4,73;93;0,3;428,88;2864198;1,2;1,2;0,70;13,2
Peru;2007;Developing;74,00;133;11;4,29;516,40;93;0;5,2;15;93;4,60;93;0,3;3611,21;28292724;1,2;1,2;0,70;13,2
Peru;2006;Developing;74,20;134;12;4,22;448,77;94;0;49,5;15;94;4,47;94;0,4;3171,50;27949944;1,2;1,2;0,69;13,0
Peru;2005;Developing;72,80;148;13;4,44;411,56;94;0;48,8;16;66;4,72;77;0,4;2754,78;276141;1,3;1,3;0,69;13,0
Peru;2004;Developing;72,20;151;14;4,27;356,94;92;0;48,1;18;81;4,56;86;0,4;2448,14;27273194;1,3;1,3;0,69;12,8
Peru;2003;Developing;72,10;152;15;4,50;34,70;65;0;47,4;19;95;4,60;94;0,4;218,26;26937738;1,3;1,3;0,69;13,3
Peru;2002;Developing;72,60;144;16;4,03;40,54;0;0;46,7;20;95;4,94;95;0,4;259,19;2661467;1,4;1,4;0,69;13,9
Peru;2001;Developing;72,40;142;17;4,22;302,54;0;0;46,1;22;9;4,98;9;0,5;1981,24;26261363;1,4;1,4;0,68;13,4
Peru;2000;Developing;71,40;154;18;4,59;297,51;0;1;45,4;24;93;4,83;98;0,5;1996,72;25914879;1,4;1,4;0,67;13,5
Philippines;2015;Developing;68,50;211;52;0,00;0,00;6;619;25,4;66;79;0,00;6;0,1;2878,34;11716359;1,0;9,7;0,68;11,7
Philippines;2014;Developing;68,40;214;54;4,52;31,27;67;58848;24,8;68;77;4,71;67;0,1;2842,94;112249;1,0;9,7;0,68;11,7
Philippines;2013;Developing;68,10;219;55;4,61;24,59;89;2920;24,3;69;84;4,56;89;0,1;276,29;9848132;1,0;9,7;0,67;11,7
Philippines;2012;Developing;68,10;217;56;5,02;212,74;88;1536;23,7;71;88;4,46;88;0,1;2581,82;96866642;1,0;9,7;0,67;11,6
Philippines;2011;Developing;68,00;218;57;4,96;191,49;87;6538;23,1;72;87;4,29;87;0,1;2352,52;9527794;1,0;9,7;0,67;11,5
Philippines;2010;Developing;67,90;218;58;4,85;198,26;77;6368;22,6;74;78;4,37;79;0,1;2129,50;93726624;1,0;9,7;0,66;11,4
Philippines;2009;Developing;68,00;219;59;4,42;159,53;85;1469;22,1;76;86;4,41;87;0,1;1825,34;9222879;1,0;9,7;0,66;11,7
Philippines;2008;Developing;67,50;217;60;4,21;155,48;88;341;21,6;78;91;4,50;91;0,1;1919,47;9751864;1,0;9,7;0,66;11,5
Philippines;2007;Developing;67,50;216;62;4,19;137,33;87;530;21,1;80;87;3,94;87;0,1;1672,69;8929349;1,0;9,7;0,65;11,4
Philippines;2006;Developing;67,30;219;63;4,08;121,36;77;9;2,6;82;88;3,95;88;0,1;1391,77;8789419;1,0;9,7;0,65;11,5
Philippines;2005;Developing;67,00;223;65;4,22;105,73;49;118;2,1;84;9;3,91;89;0,1;1194,70;86274237;1,0;9,7;0,64;11,6
Philippines;2004;Developing;67,30;218;66;4,45;13,40;48;3025;19,6;86;85;3,23;88;0,1;179,37;84678493;1,0;9,7;0,64;11,6
Philippines;2003;Developing;67,20;217;67;4,44;0,90;52;10511;19,2;87;85;3,25;84;0,1;11,55;8331954;1,0;9,7;0,63;11,6
Philippines;2002;Developing;66,80;221;68;4,42;0,10;42;7003;18,7;89;77;2,79;79;0,1;1,68;813526;1,0;9,7;0,63;11,4
Philippines;2001;Developing;66,80;221;68;4,54;69,02;45;7360;18,3;89;76;3,00;79;0,1;957,29;79665315;1,0;9,7;0,62;11,4
Philippines;2000;Developing;66,80;219;69;4,73;11,70;7;7120;17,8;90;74;3,21;78;0,1;138,92;77991569;1,0;9,6;0,62;11,4
Poland;2015;Developed;77,50;117;2;0,00;0,00;96;0;61,7;2;92;0,00;98;0,1;12565,99;37986412;1,9;2,0;0,85;16,4
Poland;2014;Developed;77,30;12;2;10,71;243,81;96;0;61,1;2;94;6,35;98;0,1;14341,68;3811735;1,9;2,1;0,85;16,4
Poland;2013;Developed;77,10;12;2;11,63;23,44;96;84;6,4;2;95;6,40;99;0,1;1378,55;384196;2,0;2,1;0,84;15,4
Poland;2012;Developed;76,80;125;2;10,81;230,04;97;71;59,7;2;95;6,62;99;0,1;13145,15;3863164;2,0;2,1;0,83;15,3
Poland;2011;Developed;76,70;128;2;10,93;250,08;98;0;59,1;2;96;6,70;99;0,1;13893,19;3863255;2,0;2,2;0,83;15,4
Poland;2010;Developed;76,30;13;2;10,59;220,49;98;13;58,4;2;96;6,88;99;0,1;12599,52;3842794;2,1;2,2;0,82;15,1
Poland;2009;Developed;75,70;136;2;10,70;1299,16;98;115;57,8;3;96;7,12;99;0,1;11527,59;3815163;2,1;2,3;0,82;15,1
Poland;2008;Developed;75,50;14;2;11,40;15,71;98;0;57,2;3;96;6,88;99;0,1;141,45;38125759;2,2;2,3;0,81;15,0
Poland;2007;Developed;75,30;144;2;10,90;14,30;98;40;56,6;3;99;6,28;99;0,1;1126,32;381256;2,2;2,4;0,81;15,0
Poland;2006;Developed;75,20;144;2;10,40;9,15;98;120;56,0;3;99;6,17;99;0,1;94,77;38141267;2,3;2,4;0,80;15,0
Poland;2005;Developed;75,00;144;2;9,50;79,42;98;13;55,5;3;99;6,20;99;0,1;821,25;38165445;2,3;2,5;0,80;14,8
Poland;2004;Developed;74,90;143;2;9,19;648,07;98;11;55,0;3;99;6,19;99;0,1;6681,18;38182222;2,4;2,5;0,80;15,5
Poland;2003;Developed;74,70;142;3;9,06;542,02;97;48;54,5;3;98;6,22;99;0,1;5693,52;382457;2,4;2,6;0,80;15,3
Poland;2002;Developed;74,50;145;3;8,02;516,06;98;34;54,0;3;98;6,32;99;0,1;5196,93;3823364;2,5;2,6;0,79;15,0
Poland;2001;Developed;74,20;149;3;7,74;466,74;95;133;53,6;3;98;5,86;98;0,1;4981,20;3824876;2,5;2,7;0,78;14,7
Poland;2000;Developed;73,70;153;3;8,40;412,43;99;77;53,1;4;98;5,50;98;0,1;4492,73;38258629;2,5;2,8;0,78;14,6
Portugal;2015;Developed;81,10;76;0;0,00;0,00;98;8;61,6;0;98;0,00;98;0,1;1922,68;135876;0,7;0,5;0,84;16,6
Portugal;2014;Developed;89,00;78;0;9,88;271,25;98;0;6,9;0;98;9,50;98;0,1;2277,54;14162;0,7;0,5;0,84;16,8
Portugal;2013;Developed;86,00;79;0;10,00;2698,02;98;1;6,2;0;98;9,55;98;0,1;21618,74;1457295;0,7;0,5;0,83;16,3
Portugal;2012;Developed;83,00;81;0;11,96;331,46;98;23;59,5;0;98;9,74;98;0,1;2577,43;1514844;0,7;0,5;0,82;16,3
Portugal;2011;Developed;82,00;85;0;11,92;3108,29;97;2;58,8;0;97;1,70;97;0,1;23196,18;155756;0,7;0,5;0,82;16,2
Portugal;2010;Developed;79,60;88;0;12,25;3119,35;97;5;58,1;0;97;1,44;98;0,1;22538,65;15731;0,7;0,5;0,81;16,0
Portugal;2009;Developed;79,30;9;0;12,03;337,10;96;3;57,3;0;96;1,42;96;0,1;2363,97;1568247;0,7;0,5;0,81;16,0
Portugal;2008;Developed;79,00;92;0;12,35;3652,87;97;1;56,5;0;97;9,90;97;0,1;24815,69;1558177;0,7;0,5;0,80;15,8
Portugal;2007;Developed;78,70;94;0;12,57;333,36;97;0;55,7;0;96;9,62;97;0,1;2278,58;1542964;0,7;0,5;0,80;15,4
Portugal;2006;Developed;78,50;96;0;13,11;2884,02;97;0;54,9;0;97;9,67;97;0,1;19821,44;1522288;0,7;0,5;0,79;15,4
Portugal;2005;Developed;77,70;11;0;13,33;2813,99;94;7;54,1;1;93;9,98;93;0,1;18784,95;15333;0,7;0,6;0,79;15,4
Portugal;2004;Developed;78,00;99;0;13,45;276,10;94;5;53,3;1;95;9,84;95;0,1;1845,59;1483861;0,7;0,6;0,79;15,9
Portugal;2003;Developed;77,30;15;0;14,21;2283,89;94;8;52,5;1;96;9,54;99;0,1;15772,73;1458821;0,7;0,6;0,79;15,8
Portugal;2002;Developed;77,20;17;1;12,00;1904,00;82;8;51,7;1;96;9,15;98;0,1;12882,29;1419631;0,8;0,6;0,79;15,9
Portugal;2001;Developed;76,90;11;1;12,22;1657,33;7;0;5,9;1;96;9,10;97;0,1;11729,15;1362722;0,8;0,6;0,78;15,7
Portugal;2000;Developed;76,60;11;1;11,89;167,33;58;45;5,1;1;96;9,14;96;0,1;1152,40;1289898;0,8;0,6;0,78;15,5
Qatar;2015;Developing;78,20;68;0;0,00;0,00;99;18;69,3;0;99;0,00;99;0,1;66346,52;0;5,2;4,9;0,86;13,4
Qatar;2014;Developing;78,10;69;0;1,15;5063,51;89;46;68,4;0;99;2,19;89;0,1;86852,71;0;5,2;4,8;0,85;13,4
Qatar;2013;Developing;77,90;7;0;1,20;515,07;97;73;67,7;0;99;2,15;97;0,1;8834,88;0;5,1;4,7;0,84;13,4
Qatar;2012;Developing;77,80;72;0;1,13;5163,33;93;160;67,0;0;93;2,16;92;0,1;88564,82;0;5,1;4,7;0,84;13,4
Qatar;2011;Developing;77,50;74;0;1,16;4409,17;93;101;66,5;0;92;1,93;93;0,1;85948,75;0;5,1;4,6;0,83;12,4
Qatar;2010;Developing;77,30;76;0;1,16;37,77;97;295;66,0;0;98;2,90;97;0,1;736,23;0;5,0;4,6;0,83;12,0
Qatar;2009;Developing;77,00;79;0;1,11;3688,69;99;112;65,6;0;98;2,63;99;0,1;61478,24;0;5,0;4,6;0,83;11,8
Qatar;2008;Developing;76,80;82;0;1,37;5484,14;97;0;65,2;0;98;1,87;97;0,1;82967,37;0;5,0;4,5;0,83;11,7
Qatar;2007;Developing;76,70;83;0;1,24;44,19;94;361;65,1;0;97;2,31;94;0,1;675,61;0;4,9;4,5;0,83;12,6
Qatar;2006;Developing;76,60;83;0;1,28;448,60;96;144;65,0;0;95;2,58;96;0,1;6256,56;0;4,9;4,5;0,84;13,7
Qatar;2005;Developing;76,60;84;0;1,18;4582,48;97;74;65,1;0;98;3,10;97;0,1;51488,50;0;4,8;4,5;0,83;13,7
Qatar;2004;Developing;76,60;84;0;1,11;4064,74;97;29;65,0;0;95;3,61;96;0,1;41818,35;0;4,8;4,5;0,83;13,5
Qatar;2003;Developing;76,50;85;0;1,00;4049,97;93;24;64,7;0;93;4,14;92;0,1;34176,98;0;4,8;4,5;0,82;12,8
Qatar;2002;Developing;76,40;85;0;0,87;188,68;98;34;64,1;0;96;2,71;96;0,1;2999,65;0;4,8;4,5;0,81;12,2
Qatar;2001;Developing;76,30;87;0;0,76;170,05;93;23;63,3;0;93;2,56;93;0,1;2843,64;0;4,8;4,5;0,81;12,6
Qatar;2000;Developing;76,20;88;0;0,50;1559,29;89;46;62,4;0;91;2,18;8;0,1;29986,29;0;4,8;4,5;0,81;13,0
Republic of Korea;2015;Developing;82,30;64;1;0,00;0,00;98;7;31,7;2;98;0,00;98;0,1;0,00;0;1,5;1,0;0,00;0,0
Republic of Korea;2014;Developing;82,00;66;1;0,01;0,00;99;442;31,2;2;99;7,37;99;0,1;0,00;0;1,5;1,0;0,00;0,0
Republic of Korea;2013;Developing;81,70;68;1;9,33;0,00;99;107;3,8;2;99;7,20;99;0,1;0,00;0;1,5;1,0;0,00;0,0
Republic of Korea;2012;Developing;81,20;69;1;9,56;0,00;99;2;3,4;2;99;7,10;99;0,1;0,00;0;1,5;1,0;0,00;0,0
Republic of Korea;2011;Developing;81,10;72;2;9,34;0,00;99;42;3,0;2;98;6,83;99;0,1;0,00;0;1,5;1,0;0,00;0,0
Republic of Korea;2010;Developing;87,00;74;2;9,23;0,00;94;114;29,5;2;95;6,79;94;0,1;0,00;0;1,5;1,0;0,00;0,0
Republic of Korea;2009;Developing;86,00;75;2;8,97;0,00;94;17;29,1;2;95;6,66;94;0,1;0,00;0;1,5;1,0;0,00;0,0
Republic of Korea;2008;Developing;83,00;75;2;9,31;0,00;94;2;28,6;2;92;6,16;94;0,1;0,00;0;1,5;1,0;0,00;0,0
Republic of Korea;2007;Developing;79,80;77;2;9,05;0,00;91;194;28,2;2;91;5,99;91;0,1;0,00;0;1,5;1,0;0,00;0,0
Republic of Korea;2006;Developing;79,40;79;2;8,83;0,00;99;28;27,7;2;98;5,76;98;0,1;0,00;0;1,5;1,0;0,00;0,0
Republic of Korea;2005;Developing;78,70;84;2;9,03;0,00;99;7;27,2;3;96;5,33;96;0,1;0,00;0;1,6;1,0;0,00;0,0
Republic of Korea;2004;Developing;78,20;89;3;9,18;0,00;92;11;26,7;3;9;4,96;88;0,1;0,00;0;1,6;1,0;0,00;0,0
Republic of Korea;2003;Developing;77,60;95;3;9,66;0,00;91;33;26,2;3;94;4,93;97;0,1;0,00;0;1,6;1,0;0,00;0,0
Republic of Korea;2002;Developing;77,10;99;3;9,55;0,00;92;62;25,7;4;99;4,61;97;0,1;0,00;0;1,6;1,1;0,00;0,0
Republic of Korea;2001;Developing;76,70;17;3;11,45;0,00;89;23060;25,2;4;99;4,76;97;0,1;0,00;0;1,6;1,1;0,00;0,0
Republic of Korea;2000;Developing;76,00;116;4;10,33;0,00;93;32647;24,7;4;99;4,23;97;0,1;0,00;0;1,6;1,1;0,00;0,0
Republic of Moldova;2015;Developing;72,10;157;1;0,00;0,00;88;0;53,4;1;88;0,00;87;0,1;0,00;0;2,7;2,8;0,00;0,0
Republic of Moldova;2014;Developing;71,80;162;1;9,99;0,00;92;2;52,7;1;92;1,32;9;0,1;0,00;0;2,7;2,8;0,00;0,0
Republic of Moldova;2013;Developing;71,70;163;1;10,49;0,00;91;27;52,1;1;92;1,50;9;0,1;0,00;0;2,7;2,9;0,00;0,0
Republic of Moldova;2012;Developing;79,00;175;1;10,68;0,00;94;11;51,5;1;92;11,87;92;0,1;0,00;0;2,7;2,9;0,00;0,0
Republic of Moldova;2011;Developing;77,00;177;1;9,45;0,00;96;0;5,9;1;96;1,61;93;0,1;0,00;0;2,8;3,0;0,00;0,0
Republic of Moldova;2010;Developing;68,80;219;1;8,25;0,00;98;0;5,4;1;97;12,80;9;0,1;0,00;0;2,8;3,0;0,00;0,0
Republic of Moldova;2009;Developing;69,00;218;1;8,45;0,00;89;0;49,9;1;87;12,49;85;0,1;0,00;0;2,9;3,1;0,00;0,0
Republic of Moldova;2008;Developing;68,90;228;1;9,07;0,00;97;0;49,5;1;96;11,41;9;0,1;0,00;0;2,9;3,1;0,00;0,0
Republic of Moldova;2007;Developing;68,30;237;1;9,66;0,00;95;10;49,1;1;93;1,88;92;0,1;0,00;0;3,0;3,2;0,00;0,0
Republic of Moldova;2006;Developing;68,00;242;1;8,36;0,00;98;34;48,7;1;98;1,63;97;0,1;0,00;0;3,1;3,3;0,00;0,0
Republic of Moldova;2005;Developing;67,30;248;1;10,78;0,00;99;6;48,3;1;99;9,15;98;0,1;0,00;0;3,1;3,3;0,00;0,0
Republic of Moldova;2004;Developing;68,00;225;1;12,27;0,00;99;4;47,9;1;98;8,49;98;0,1;0,00;0;3,2;3,4;0,00;0,0
Republic of Moldova;2003;Developing;67,60;226;1;8,15;0,00;99;87;47,6;1;98;8,24;98;0,1;0,00;0;3,3;3,5;0,00;0,0
Republic of Moldova;2002;Developing;67,50;225;1;6,71;0,00;99;4929;47,2;1;98;8,31;97;0,1;0,00;0;3,4;3,6;0,00;0,0
Republic of Moldova;2001;Developing;67,60;228;1;10,98;0,00;94;457;46,8;1;98;7,00;97;0,1;0,00;0;3,5;3,6;0,00;0,0
Republic of Moldova;2000;Developing;67,10;235;1;9,89;0,00;92;687;46,5;2;97;6,65;95;0,1;0,00;0;3,6;3,7;0,00;0,0
Romania;2015;Developed;75,00;133;2;0,00;0,00;9;4;6,7;2;89;0,00;89;0,1;8958,79;19815481;2,5;2,7;0,80;14,7
Romania;2014;Developed;74,80;135;2;0,01;1,58;94;59;59,9;2;94;5,57;94;0,1;12,28;1998979;2,6;2,8;0,80;14,7
Romania;2013;Developed;74,60;138;2;9,59;1230,75;96;1159;59,2;2;88;5,60;92;0,1;9585,27;19983693;2,7;2,9;0,79;14,7
Romania;2012;Developed;74,40;138;2;9,58;1078,36;96;7450;58,4;2;92;5,48;91;0,1;8558,40;25835;2,8;3,0;0,80;15,3
Romania;2011;Developed;74,30;139;2;9,10;10,33;96;4189;57,7;2;89;5,53;89;0,1;92,28;2147528;2,9;3,1;0,80;15,7
Romania;2010;Developed;73,40;153;2;9,00;983,25;98;193;56,9;2;94;5,83;94;0,1;8297,48;2246871;3,0;3,2;0,80;15,8
Romania;2009;Developed;73,10;158;2;10,40;14,96;95;8;56,3;3;95;5,56;95;0,1;822,18;2367487;3,0;3,3;0,80;15,4
Romania;2008;Developed;73,10;159;2;11,90;128,08;97;12;55,6;3;95;5,33;96;0,1;1136,47;2537875;3,1;3,5;0,78;14,7
Romania;2007;Developed;72,90;154;3;10,60;919,17;99;353;55,0;3;96;5,21;96;0,1;8214,19;2882982;3,2;3,6;0,77;14,1
Romania;2006;Developed;72,50;157;3;8,51;665,64;99;3196;54,4;4;97;5,60;97;0,1;5828,75;2119376;3,2;3,7;0,76;13,7
Romania;2005;Developed;71,90;162;3;7,68;615,40;98;5043;53,9;4;97;5,47;97;0,1;4676,32;21319685;3,3;3,8;0,75;13,4
Romania;2004;Developed;71,70;165;4;9,82;431,33;99;117;53,4;4;97;5,43;97;0,1;3552,92;21451748;3,4;3,9;0,73;12,9
Romania;2003;Developed;71,10;174;4;8,78;375,17;98;9;52,9;4;97;5,30;97;0,1;2774,96;21574326;3,5;4,0;0,72;12,5
Romania;2002;Developed;77,00;178;4;9,62;37,82;99;14;52,4;5;98;4,57;98;0,1;2124,87;2173496;3,7;4,1;0,71;12,0
Romania;2001;Developed;78,00;179;4;9,78;180,11;98;10;51,9;5;99;4,36;99;0,1;1839,73;2213197;3,8;4,2;0,71;11,7
Romania;2000;Developed;77,00;175;4;10,16;152,64;98;35;51,4;5;99;4,33;99;0,1;1668,16;22442971;4,0;4,3;0,70;11,5
Russian Federation;2015;Developing;75,00;222;13;0,00;0,00;97;843;6,5;15;97;0,00;97;0,1;9329,30;1449687;2,3;2,3;0,81;15,0
Russian Federation;2014;Developing;73,00;225;13;10,12;1340,55;97;4711;59,9;15;97;7,70;97;0,1;14125,96;143819666;2,3;2,3;0,80;14,9
Russian Federation;2013;Developing;70,00;229;14;10,58;1529,50;97;2339;59,3;16;98;7,90;97;0,2;15543,68;14356911;2,3;2,3;0,80;14,6
Russian Federation;2012;Developing;69,60;237;14;10,99;178,82;97;2123;58,7;16;98;6,88;97;0,3;15154,46;14321676;2,3;2,4;0,79;14,3
Russian Federation;2011;Developing;69,40;242;14;11,04;184,76;97;629;58,1;17;97;6,61;97;0,3;14212,69;14296868;2,3;2,4;0,79;14,0
Russian Federation;2010;Developing;68,40;256;15;11,05;162,81;97;129;57,5;17;98;6,83;97;0,2;1674,99;142849449;2,3;2,5;0,77;13,7
Russian Federation;2009;Developing;68,20;261;15;11,21;137,01;98;101;57,0;18;98;7,44;98;0,3;8562,90;142785342;2,3;2,5;0,78;14,0
Russian Federation;2008;Developing;67,50;278;16;12,04;161,73;98;27;56,6;18;98;6,22;98;0,3;11635,26;14274235;2,3;2,5;0,77;13,9
Russian Federation;2007;Developing;67,30;282;16;12,19;11,03;98;173;56,1;19;98;5,38;98;0,3;911,25;1428588;2,4;2,6;0,76;13,8
Russian Federation;2006;Developing;66,40;3;17;11,79;12,25;98;1147;55,7;20;98;5,30;98;0,3;692,19;14349528;2,4;2,7;0,75;13,8
Russian Federation;2005;Developing;65,00;327;18;11,57;625,51;97;454;55,3;20;98;5,21;98;0,3;5323,47;143518523;2,4;2,7;0,75;13,7
Russian Federation;2004;Developing;64,90;321;19;11,50;46,52;96;2444;55,0;21;98;5,19;97;0,3;412,37;1446754;2,5;2,8;0,74;13,6
Russian Federation;2003;Developing;64,60;322;20;11,32;333,21;94;3291;54,7;22;97;5,61;96;0,4;2975,13;144648257;2,6;2,8;0,73;13,2
Russian Federation;2002;Developing;64,80;313;20;10,87;266,54;81;580;54,5;24;97;5,99;97;0,3;2375,59;1453646;2,7;2,9;0,73;12,8
Russian Federation;2001;Developing;65,10;38;21;10,47;2,64;43;2072;54,2;25;97;5,67;96;0,3;21,36;14597683;2,8;3,0;0,72;12,5
Russian Federation;2000;Developing;65,00;37;22;10,18;224,46;0;4800;54,0;26;97;5,42;96;0,2;1771,59;146596557;2,9;3,0;0,71;12,1
Rwanda;2015;Developing;66,10;227;11;0,00;0,00;98;1;21,4;15;99;0,00;98;0,4;71,35;11629553;5,7;5,7;0,49;10,8
Rwanda;2014;Developing;65,70;23;12;0,01;7,55;98;10;2,8;16;98;7,53;98;0,4;76,57;11345357;5,8;5,8;0,49;10,8
Rwanda;2013;Developing;65,20;233;12;0,01;11,71;98;17;2,1;17;98;7,69;98;0,5;688,88;1165151;5,9;5,9;0,49;10,8
Rwanda;2012;Developing;64,60;239;13;0,01;9,77;98;75;19,5;18;98;7,68;98;0,7;678,80;1788853;6,1;6,1;0,48;10,5
Rwanda;2011;Developing;63,80;247;14;8,34;9,07;97;31;18,9;20;93;7,71;97;1,3;617,32;151671;6,3;6,2;0,46;10,2
Rwanda;2010;Developing;62,80;26;16;7,92;63,79;97;121;18,3;23;93;7,91;97;2,3;563,49;1246842;6,5;6,3;0,45;10,0
Rwanda;2009;Developing;61,00;288;17;7,11;9,17;97;5;17,7;25;93;7,20;97;2,8;539,15;9977446;6,6;6,4;0,45;10,2
Rwanda;2008;Developing;68,00;282;18;6,39;0,66;97;6;17,1;28;97;7,66;97;3,7;5,67;978169;6,7;6,6;0,44;10,4
Rwanda;2007;Developing;59,60;295;20;6,78;7,41;97;26;16,5;30;98;8,49;97;5,0;44,85;944742;6,8;6,7;0,42;10,1
Rwanda;2006;Developing;57,60;328;22;6,88;78,47;99;494;15,9;34;99;1,20;99;6,2;342,37;92658;6,8;6,8;0,40;9,3
Rwanda;2005;Developing;55,30;37;24;7,01;39,45;95;129;15,4;38;95;6,83;95;7,1;287,93;8991735;6,8;7,0;0,39;8,8
Rwanda;2004;Developing;53,40;397;26;6,75;31,94;89;386;14,9;42;89;6,24;89;7,7;236,91;8818438;6,9;7,1;0,37;8,2
Rwanda;2003;Developing;52,00;48;29;6,66;33,30;96;1064;14,5;46;96;6,34;96;8,1;212,66;868346;7,0;7,3;0,36;7,6
Rwanda;2002;Developing;57,00;415;31;7,82;1,97;88;2738;14,1;50;85;4,18;88;8,0;196,60;853625;7,2;7,4;0,34;7,2
Rwanda;2001;Developing;48,60;438;33;5,72;0,39;0;896;13,7;54;76;4,38;77;8,1;21,57;832946;7,4;7,5;0,33;7,1
Rwanda;2000;Developing;48,30;426;34;7,13;18,42;0;2095;13,2;57;9;4,22;9;8,5;216,17;82573;7,6;7,7;0,32;6,6
Saint Kitts and Nevis;2013;Developing;0,00;0;0;8,54;0,00;97;0;5,2;0;96;6,14;96;0,1;0,00;0;3,7;3,6;0,75;13,4
Saint Lucia;2015;Developing;75,20;138;0;0,00;0,00;99;0;47,5;0;99;0,00;99;0,1;0,00;0;4,3;4,3;0,74;13,1
Saint Lucia;2014;Developing;75,00;139;0;9,97;0,00;99;0;46,7;0;99;6,72;99;0,1;0,00;0;4,3;4,3;0,72;13,1
Saint Lucia;2013;Developing;74,80;141;0;9,73;0,00;99;0;45,9;0;99;7,85;99;0,1;0,00;0;4,3;4,3;0,73;13,1
Saint Lucia;2012;Developing;74,70;142;0;9,99;0,00;98;0;45,2;0;98;8,35;98;0,1;0,00;0;4,3;4,3;0,74;13,0
Saint Lucia;2011;Developing;74,60;143;0;10,43;0,00;99;0;44,5;0;99;7,58;99;0,1;0,00;0;4,3;4,3;0,73;12,9
Saint Lucia;2010;Developing;74,20;147;0;10,87;0,00;97;0;43,8;0;97;8,10;97;0,1;0,00;0;4,3;4,3;0,72;12,8
Saint Lucia;2009;Developing;74,30;147;0;11,09;0,00;95;0;43,0;0;95;8,12;95;0,1;0,00;0;4,3;4,4;0,72;12,7
Saint Lucia;2008;Developing;74,10;149;0;12,09;0,00;96;0;42,2;0;96;7,43;96;0,1;0,00;0;4,3;4,4;0,71;12,6
Saint Lucia;2007;Developing;73,90;151;0;12,68;0,00;99;0;41,3;0;99;6,81;99;0,1;0,00;0;4,3;4,4;0,71;12,8
Saint Lucia;2006;Developing;73,50;155;0;13,45;0,00;85;0;4,4;0;85;6,37;85;0,1;0,00;0;4,3;4,4;0,69;12,4
Saint Lucia;2005;Developing;73,10;16;0;12,32;0,00;95;0;39,6;0;95;6,25;95;0,2;0,00;0;4,4;4,4;0,69;12,2
Saint Lucia;2004;Developing;72,60;166;0;11,93;0,00;91;0;39,0;0;91;6,20;91;0,2;0,00;0;4,4;4,4;0,69;12,3
Saint Lucia;2003;Developing;72,20;171;0;12,55;0,00;84;0;38,4;0;91;6,10;9;0,2;0,00;0;4,4;4,4;0,68;12,4
Saint Lucia;2002;Developing;72,00;174;0;11,85;0,00;14;0;37,9;0;9;6,33;74;0,1;0,00;0;4,4;4,5;0,68;12,5
Saint Lucia;2001;Developing;71,80;178;0;12,03;0,00;0;0;37,3;0;99;6,10;99;0,3;0,00;0;4,5;4,5;0,68;12,6
Saint Lucia;2000;Developing;71,60;183;0;11,69;0,00;0;0;36,8;0;7;5,53;7;0,4;0,00;0;4,5;4,5;0,00;12,8
Saint Vincent and the Grenadines;2015;Developing;73,20;156;0;0,00;0,00;98;0;54,1;0;97;0,00;98;0,1;0,00;0;3,5;3,4;0,72;13,3
Saint Vincent and the Grenadines;2014;Developing;73,10;157;0;7,01;0,00;98;0;53,1;0;97;8,63;98;0,1;0,00;0;3,5;3,4;0,72;13,3
Saint Vincent and the Grenadines;2013;Developing;72,70;161;0;7,07;0,00;97;0;52,2;0;97;5,21;97;0,1;0,00;0;3,5;3,4;0,72;13,3
Saint Vincent and the Grenadines;2012;Developing;72,80;159;0;6,93;0,00;96;0;51,2;0;96;8,48;96;0,1;0,00;0;3,5;3,5;0,71;13,3
Saint Vincent and the Grenadines;2011;Developing;72,70;16;0;7,02;0,00;96;0;5,3;0;96;4,99;96;0,1;0,00;0;3,5;3,5;0,71;13,3
Saint Vincent and the Grenadines;2010;Developing;72,50;162;0;7,00;0,00;99;0;49,3;0;99;4,71;99;0,1;0,00;0;3,5;3,5;0,71;13,3
Saint Vincent and the Grenadines;2009;Developing;72,30;165;0;6,85;0,00;99;0;48,4;0;99;5,13;99;0,2;0,00;0;3,6;3,5;0,71;13,3
Saint Vincent and the Grenadines;2008;Developing;72,10;167;0;6,92;0,00;99;0;47,5;0;99;4,70;99;0,3;0,00;0;3,6;3,6;0,70;13,3
Saint Vincent and the Grenadines;2007;Developing;71,90;17;0;5,89;0,00;99;0;46,6;0;99;3,92;99;0,3;0,00;0;3,6;3,6;0,70;13,3
Saint Vincent and the Grenadines;2006;Developing;71,70;173;0;5,93;0,00;99;0;45,7;0;99;3,88;99;0,3;0,00;0;3,7;3,6;0,70;13,3
Saint Vincent and the Grenadines;2005;Developing;71,40;177;0;6,04;0,00;99;0;44,7;0;93;3,66;99;0,2;0,00;0;3,7;3,7;0,69;13,3
Saint Vincent and the Grenadines;2004;Developing;71,20;181;0;5,42;0,00;99;0;43,8;0;99;3,72;99;0,4;0,00;0;3,8;3,7;0,69;13,2
Saint Vincent and the Grenadines;2003;Developing;71,00;184;0;5,10;0,00;31;0;42,9;0;99;3,91;99;0,4;0,00;0;3,8;3,8;0,68;13,0
Saint Vincent and the Grenadines;2002;Developing;79,00;186;0;4,94;0,00;0;0;42,0;0;99;3,93;99;0,4;0,00;0;3,9;3,8;0,68;12,9
Saint Vincent and the Grenadines;2001;Developing;79,00;186;0;4,73;0,00;0;0;41,0;0;99;3,64;99;0,7;0,00;0;3,9;3,9;0,67;12,8
Saint Vincent and the Grenadines;2000;Developing;79,00;186;0;4,80;0,00;0;0;4,1;0;99;3,73;98;0,7;0,00;0;4,0;3,9;0,00;12,7
Samoa;2015;Developing;74,00;125;0;0,00;0,00;59;0;74,7;0;61;0,00;66;0,1;4149,36;193759;0,2;0,1;0,70;12,9
Samoa;2014;Developing;73,80;128;0;0,01;660,28;56;0;74,3;0;58;7,22;63;0,1;4178,97;19229;0,2;0,1;0,70;12,9
Samoa;2013;Developing;73,60;131;0;0,01;698,35;6;0;73,8;0;62;6,91;67;0,1;4219,65;19757;0,2;0,1;0,70;12,9
Samoa;2012;Developing;73,20;136;0;0,01;492,06;64;1;73,4;0;62;5,20;64;0,1;4234,55;189194;0,2;0,1;0,70;12,9
Samoa;2011;Developing;73,00;139;0;2,15;558,72;58;0;72,9;0;6;5,80;65;0,1;3942,98;187665;0,2;0,1;0,69;12,9
Samoa;2010;Developing;72,60;144;0;3,01;434,79;57;8;72,5;0;57;5,70;62;0,1;3453,49;18625;0,2;0,2;0,69;12,9
Samoa;2009;Developing;76,00;172;0;2,88;42,12;44;0;72,0;0;45;5,40;49;0,1;335,11;184826;0,2;0,2;0,69;12,9
Samoa;2008;Developing;72,50;146;0;3,97;47,35;12;0;71,4;0;54;4,52;26;0,1;359,82;183526;0,2;0,2;0,69;12,9
Samoa;2007;Developing;72,20;149;0;3,85;47,74;46;0;7,9;0;49;5,25;53;0,1;322,54;182286;0,2;0,2;0,68;12,9
Samoa;2006;Developing;72,00;153;0;3,52;40,23;35;0;7,3;0;37;4,68;39;0,1;287,96;18194;0,2;0,2;0,68;12,7
Samoa;2005;Developing;71,60;16;0;3,63;287,47;41;0;69,7;0;55;4,47;49;0,1;2571,26;179929;0,2;0,2;0,67;12,6
Samoa;2004;Developing;71,40;162;0;3,62;310,61;54;0;68,9;0;26;4,45;55;0,1;2351,34;178781;0,2;0,2;0,67;12,4
Samoa;2003;Developing;79,00;169;0;4,17;25,00;83;0;68,2;0;82;4,71;83;0,1;197,29;177662;0,2;0,2;0,66;12,3
Samoa;2002;Developing;76,00;174;0;3,30;208,17;86;0;67,4;0;85;5,10;86;0,1;1631,42;176582;0,2;0,2;0,65;12,1
Samoa;2001;Developing;75,00;175;0;3,43;199,41;89;0;66,5;0;83;5,16;85;0,1;1555,47;175566;0,2;0,2;0,65;12,0
Samoa;2000;Developing;72,00;18;0;3,00;21,25;89;0;65,6;0;94;5,31;95;0,1;154,69;17461;0,2;0,2;0,64;12,1
San Marino;2013;Developing;0,00;0;0;0,01;0,00;69;0;0,0;0;69;6,50;69;0,1;0,00;0;0,0;0,0;0,00;15,1
Sao Tome and Principe;2015;Developing;67,50;19;0;0,00;0,00;96;0;3,9;0;96;0,00;96;0,2;1624,64;195553;5,5;5,3;0,57;11,2
Sao Tome and Principe;2014;Developing;67,30;191;0;0,01;225,73;95;0;3,1;0;95;8,35;95;0,2;1821,88;191266;5,6;5,4;0,56;11,1
Sao Tome and Principe;2013;Developing;67,10;192;0;0,01;200,66;97;0;29,3;0;97;9,76;97;0,2;1619,53;18745;5,7;5,5;0,56;11,0
Sao Tome and Principe;2012;Developing;66,90;194;0;0,01;8,20;96;0;28,5;0;96;8,60;96;0,5;138,95;182889;5,9;5,7;0,55;10,8
Sao Tome and Principe;2011;Developing;66,60;198;0;5,69;7,50;96;0;27,7;0;96;5,44;96;0,5;134,33;1788;6,0;5,9;0,55;10,6
Sao Tome and Principe;2010;Developing;66,20;24;0;5,58;63,04;98;0;26,9;0;98;5,24;98;0,5;1129,75;174776;6,1;6,0;0,54;10,6
Sao Tome and Principe;2009;Developing;65,80;21;0;4,13;11,14;98;0;26,2;0;99;6,65;98;0,9;199,57;17813;6,3;6,2;0,53;10,1
Sao Tome and Principe;2008;Developing;65,40;215;0;4,36;62,86;99;0;25,4;0;99;5,66;99;0,9;1126,46;166913;6,5;6,4;0,53;10,4
Sao Tome and Principe;2007;Developing;65,10;217;0;4,14;49,94;87;0;24,7;0;98;7,44;97;1,2;894,93;16311;6,7;6,6;0,53;10,3
Sao Tome and Principe;2006;Developing;64,70;22;0;5,46;47,09;75;0;24,0;0;97;7,84;97;1,2;843,89;159328;6,9;6,8;0,52;10,2
Sao Tome and Principe;2005;Developing;64,30;222;0;5,27;10,81;96;0;23,4;0;97;1,40;97;1,6;81,86;15563;7,0;7,0;0,51;10,0
Sao Tome and Principe;2004;Developing;63,80;224;0;5,78;9,01;7;0;22,8;0;99;9,94;96;1,6;693,35;151969;7,2;7,2;0,51;9,8
Sao Tome and Principe;2003;Developing;63,40;225;0;6,54;86,43;43;0;22,2;0;94;11,12;94;1,6;649,34;148372;7,4;7,4;0,50;9,7
Sao Tome and Principe;2002;Developing;63,10;226;0;5,80;50,80;0;0;21,7;0;92;1,21;92;1,4;555,82;144889;7,6;7,6;0,50;9,6
Sao Tome and Principe;2001;Developing;62,80;225;0;5,02;3,84;0;0;21,1;0;9;1,28;92;1,5;51,22;141622;7,8;7,8;0,50;9,4
Sao Tome and Principe;2000;Developing;62,60;224;0;5,07;0,00;0;0;2,7;0;87;8,86;82;1,5;0,00;13866;8,0;8,1;0,49;9,3
Saudi Arabia;2015;Developing;74,50;88;7;0,00;0,00;98;219;68,2;8;97;0,00;98;0,1;2732,86;0;7,8;7,6;0,85;16,1
Saudi Arabia;2014;Developing;74,40;88;7;0,09;2017,64;98;154;67,3;9;98;4,68;98;0,1;24575,43;0;7,7;7,5;0,84;15,8
Saudi Arabia;2013;Developing;74,30;89;8;0,09;2047,11;98;1164;66,4;9;98;4,25;98;0,1;24934,39;0;7,6;7,5;0,83;15,2
Saudi Arabia;2012;Developing;74,10;9;8;0,09;196,38;98;294;65,6;9;98;3,86;98;0,1;2533,95;0;7,5;7,4;0,82;14,5
Saudi Arabia;2011;Developing;73,90;92;8;0,09;173,58;98;362;64,7;9;98;3,57;98;0,1;2377,75;0;7,4;7,4;0,80;13,9
Saudi Arabia;2010;Developing;73,70;94;8;0,09;1197,95;98;334;63,9;9;98;3,49;98;0,1;19259,59;0;7,3;7,4;0,79;13,3
Saudi Arabia;2009;Developing;73,40;97;8;0,09;117,92;98;82;63,1;10;98;4,90;98;0,1;1694,29;0;7,3;7,3;0,79;13,0
Saudi Arabia;2008;Developing;73,30;98;9;0,09;15,51;98;158;62,4;10;98;2,87;98;0,1;237,83;0;7,2;7,3;0,78;12,8
Saudi Arabia;2007;Developing;73,20;99;9;0,10;1307,89;96;4648;61,6;10;96;3,49;96;0,1;16472,17;0;7,2;7,3;0,77;12,7
Saudi Arabia;2006;Developing;73,20;1;9;0,08;1395,45;96;807;6,9;10;96;3,55;96;0,1;15334,67;0;7,2;7,3;0,77;12,5
Saudi Arabia;2005;Developing;73,10;11;9;0,05;1117,05;97;373;6,2;10;96;3,42;96;0,1;13739,83;0;7,2;7,3;0,76;12,4
Saudi Arabia;2004;Developing;73,10;12;9;0,06;816,48;96;1880;59,4;11;96;3,58;96;0,1;11138,87;0;7,2;7,3;0,75;12,3
Saudi Arabia;2003;Developing;73,00;13;9;0,05;832,37;95;1208;58,5;11;95;4,20;95;0,1;9567,46;0;7,2;7,3;0,75;12,2
Saudi Arabia;2002;Developing;72,90;15;10;0,05;688,10;97;311;57,7;11;95;4,28;95;0,1;8655,31;0;7,3;7,3;0,75;12,1
Saudi Arabia;2001;Developing;72,80;17;10;0,05;710,50;95;155;56,9;12;97;4,49;97;0,1;8643,49;0;7,3;7,3;0,74;12,0
Saudi Arabia;2000;Developing;72,60;11;10;0,05;782,18;93;0;56,2;12;95;4,24;95;0,1;9126,95;0;7,3;7,4;0,74;11,8
Senegal;2015;Developing;66,70;188;19;0,00;0,00;89;58;24,3;26;85;0,00;89;0,3;98,73;14976994;9,5;9,3;0,49;9,5
Senegal;2014;Developing;66,40;192;19;0,26;12,81;89;32;23,8;27;85;4,66;89;0,3;152,44;14546111;9,7;9,5;0,48;9,1
Senegal;2013;Developing;66,00;196;20;0,26;11,84;92;17;23,2;28;89;4,51;92;0,3;148,91;141232;9,9;9,7;0,47;8,7
Senegal;2012;Developing;65,60;2;20;0,28;10,21;91;46;22,7;29;83;4,31;91;0,4;136,45;1373513;1,0;9,9;0,46;8,3
Senegal;2011;Developing;64,90;26;20;0,32;1,43;92;18;22,2;31;89;4,42;92;0,4;18,25;13391;1,2;1,1;0,46;7,9
Senegal;2010;Developing;64,30;212;21;0,28;1,02;89;428;21,7;32;76;4,62;89;0,4;11,63;12916229;1,4;1,3;0,45;7,7
Senegal;2009;Developing;63,50;219;21;0,30;1,18;86;999;21,2;33;83;4,81;86;0,5;12,57;1255917;1,6;1,5;0,44;7,5
Senegal;2008;Developing;62,80;225;22;0,28;1,09;88;6;2,8;34;87;4,94;88;0,6;11,34;1223957;1,8;1,7;0,44;7,1
Senegal;2007;Developing;62,10;23;22;0,32;8,31;94;11;2,3;36;93;4,72;94;0,7;95,40;11873557;11,0;1,9;0,43;6,8
Senegal;2006;Developing;61,30;236;23;0,34;10,43;89;3;19,9;38;89;5,44;89;0,7;89,84;11556763;11,2;11,1;0,42;6,6
Senegal;2005;Developing;65,00;242;23;0,33;96,04;84;0;19,5;40;84;5,35;84;0,7;773,87;11251266;11,4;11,3;0,42;6,4
Senegal;2004;Developing;59,70;247;24;0,35;66,02;54;31;19,1;42;87;5,68;87;0,7;733,58;1955944;11,6;11,5;0,41;6,2
Senegal;2003;Developing;59,00;251;25;0,33;62,22;0;1519;18,7;44;73;5,40;73;0,7;642,77;16799;11,8;11,7;0,40;5,9
Senegal;2002;Developing;58,40;252;25;0,36;49,74;0;18184;18,3;47;6;5,60;6;0,7;513,26;1396861;12,0;11,9;0,40;5,7
Senegal;2001;Developing;57,90;251;26;0,34;6,06;0;24789;17,9;49;49;4,98;52;0,6;481,29;1134497;12,1;12,1;0,38;5,4
Senegal;2000;Developing;57,50;25;27;0,29;5,40;0;5839;17,5;50;49;4,63;52;0,5;473,45;988452;12,3;12,3;0,38;5,2
Serbia;2015;Developing;75,60;121;1;0,00;0,00;94;383;6,0;1;95;0,00;95;0,1;5237,26;795383;2,0;2,0;0,78;14,4
Serbia;2014;Developing;75,40;123;1;9,09;8,62;92;37;59,4;1;93;1,37;93;0,1;62,17;713576;2,1;2,1;0,77;14,3
Serbia;2013;Developing;75,30;122;1;9,16;880,64;91;1;58,9;1;97;1,12;95;0,1;6353,83;7164132;2,1;2,1;0,77;14,1
Serbia;2012;Developing;74,90;126;1;9,38;742,51;97;0;58,3;1;93;9,89;91;0,1;5659,38;719977;2,1;2,1;0,77;14,0
Serbia;2011;Developing;74,60;127;1;9,56;915,32;94;370;57,7;1;94;9,72;94;0,1;6423,29;723499;2,2;2,2;0,76;13,5
Serbia;2010;Developing;74,40;128;1;9,65;774,44;89;20;57,0;1;91;1,90;91;0,1;5411,88;7291436;2,2;2,3;0,76;13,6
Serbia;2009;Developing;74,10;131;1;9,85;820,81;93;1;56,4;1;97;9,90;95;0,1;5821,35;73287;2,3;2,3;0,75;13,6
Serbia;2008;Developing;74,00;132;1;9,54;96,33;93;2;55,8;1;95;1,50;95;0,1;671,77;735222;2,3;2,4;0,75;13,5
Serbia;2007;Developing;73,80;132;1;9,30;772,87;99;201;55,1;1;93;1,20;94;0,1;5458,12;7381579;2,4;2,4;0,74;13,5
Serbia;2006;Developing;73,60;133;1;8,58;541,82;93;2;54,5;1;97;8,99;92;0,1;4129,76;7411569;2,5;2,5;0,74;13,4
Serbia;2005;Developing;73,00;135;1;9,60;503,11;65;2;53,9;1;98;8,70;98;0,1;3528,13;744769;2,5;2,6;0,73;13,2
Serbia;2004;Developing;73,00;134;1;7,42;462,71;89;11;53,3;1;96;8,24;88;0,1;3331,23;7463157;2,6;2,6;0,72;13,1
Serbia;2003;Developing;73,00;134;1;7,25;389,75;0;15;52,8;1;89;8,13;89;0,1;2832,50;748591;2,7;2,7;0,72;13,0
Serbia;2002;Developing;72,90;133;1;6,95;292,61;0;63;52,2;1;95;8,90;95;0,1;2149,99;7496522;2,7;2,8;0,72;13,2
Serbia;2001;Developing;73,10;135;1;7,53;222,51;0;35;51,7;1;93;6,89;93;0,1;1634,88;753433;2,8;2,8;0,71;13,1
Serbia;2000;Developing;72,60;141;1;7,38;11,86;0;38;51,2;2;98;6,53;95;0,1;87,14;7516346;2,8;2,9;0,70;13,0
Seychelles;2015;Developing;73,20;168;0;0,00;0,00;98;0;37,4;0;97;0,00;97;0,1;1539,46;93419;5,7;6,0;0,78;14,1
Seychelles;2014;Developing;73,00;17;0;0,01;151,10;99;0;36,2;0;99;3,37;99;0,1;1557,78;91359;5,7;6,0;0,77;13,2
Seychelles;2013;Developing;72,90;172;0;0,01;1521,67;99;0;35,5;0;98;3,58;98;0,1;15687,35;89949;5,7;6,1;0,76;13,5
Seychelles;2012;Developing;72,70;174;0;0,01;177,26;99;0;34,8;0;98;4,80;98;0,1;12845,17;8833;5,7;6,1;0,76;13,5
Seychelles;2011;Developing;72,60;177;0;9,72;1121,48;99;0;34,2;0;99;3,38;99;0,1;12189,95;87441;5,7;6,1;0,74;13,3
Seychelles;2010;Developing;72,40;18;0;6,51;16,49;99;0;33,5;0;99;3,59;99;0,1;184,68;8977;5,8;6,2;0,74;13,2
Seychelles;2009;Developing;72,30;182;0;4,94;75,23;99;0;32,4;0;99;2,64;99;0,1;976,96;87298;5,8;6,2;0,74;13,2
Seychelles;2008;Developing;72,20;184;0;6,33;701,85;99;0;31,8;0;99;2,64;99;0,1;11122,86;86956;5,9;6,3;0,74;13,2
Seychelles;2007;Developing;72,20;185;0;8,12;916,47;99;1;31,2;0;99;3,30;99;0,1;12154,83;8533;5,9;6,3;0,73;13,1
Seychelles;2006;Developing;72,20;185;0;8,12;102,37;99;10;3,7;0;99;3,73;99;0,1;1214,40;846;5,9;6,3;0,73;13,1
Seychelles;2005;Developing;72,20;185;0;7,82;21,47;99;0;3,1;0;99;3,91;99;0,1;1192,52;82858;6,0;6,4;0,71;12,1
Seychelles;2004;Developing;72,10;186;0;7,91;12,94;99;0;29,2;0;99;4,17;99;0,1;1176,66;82475;6,0;6,4;0,72;12,3
Seychelles;2003;Developing;72,10;185;0;7,41;843,12;99;0;28,7;0;99;4,64;99;0,1;8524,96;82781;6,1;6,5;0,71;12,1
Seychelles;2002;Developing;72,10;186;0;11,15;562,36;99;0;28,1;0;99;4,21;99;0,1;8331,26;83723;6,1;6,6;0,71;12,1
Seychelles;2001;Developing;72,00;187;0;6,72;643,70;96;0;27,6;0;96;4,45;96;0,1;7663,14;8122;6,2;6,6;0,71;12,2
Seychelles;2000;Developing;71,80;188;0;8,24;601,76;98;0;27,1;0;98;4,62;98;0,1;7578,85;81131;6,3;6,7;0,00;12,3
Sierra Leone;2015;Developing;51,00;413;22;0,00;0,00;86;607;24,4;30;86;0,00;86;0,5;587,54;723725;7,4;7,3;0,43;9,5
Sierra Leone;2014;Developing;48,10;463;23;0,01;1,44;83;1006;23,8;32;83;11,90;83;0,6;78,44;779162;7,5;7,4;0,43;9,5
Sierra Leone;2013;Developing;54,00;47;23;0,01;1,32;92;15;23,3;33;92;11,59;92;0,8;71,82;692279;7,7;7,6;0,41;9,3
Sierra Leone;2012;Developing;49,70;411;25;0,01;54,56;91;678;22,7;35;91;11,24;91;0,9;561,90;676613;7,9;7,8;0,40;9,1
Sierra Leone;2011;Developing;48,90;418;26;3,78;54,67;89;1865;22,2;38;88;11,98;89;1,3;445,53;6611692;8,1;8,0;0,39;8,9
Sierra Leone;2010;Developing;48,10;424;27;3,84;5,35;86;1089;21,7;40;84;1,32;86;1,6;45,13;645872;8,3;8,2;0,38;8,7
Sierra Leone;2009;Developing;47,10;433;28;3,97;49,84;84;31;21,2;42;81;13,13;84;1,7;394,59;63126;8,5;8,4;0,38;8,5
Sierra Leone;2008;Developing;46,20;441;29;3,91;5,38;77;44;2,7;44;75;1,29;77;1,9;46,38;6165372;8,7;8,7;0,37;8,3
Sierra Leone;2007;Developing;45,30;45;29;3,86;45,57;63;0;2,2;45;63;1,12;64;2,2;358,83;615417;8,9;8,9;0,36;8,2
Sierra Leone;2006;Developing;44,30;464;30;3,80;38,00;0;33;19,7;46;65;1,68;64;2,2;322,31;5848692;9,1;9,1;0,35;8,0
Sierra Leone;2005;Developing;43,30;48;30;3,83;42,09;0;29;19,2;47;67;12,25;65;2,2;287,69;5658379;9,3;9,3;0,34;7,8
Sierra Leone;2004;Developing;42,30;496;30;3,99;38,52;0;7;18,8;47;69;11,66;65;2,1;263,15;5439695;9,5;9,5;0,33;7,6
Sierra Leone;2003;Developing;41,50;57;30;4,07;38,61;0;586;18,4;47;66;11,69;73;1,9;263,76;5199549;9,7;9,8;0,32;7,4
Sierra Leone;2002;Developing;48,00;513;30;4,06;36,59;0;568;17,9;48;54;11,96;53;1,7;249,94;4957216;9,9;1,0;0,31;7,2
Sierra Leone;2001;Developing;41,00;519;30;4,21;33,35;0;649;17,5;48;38;11,83;38;1,5;227,78;4739147;1,1;1,2;0,30;7,0
Sierra Leone;2000;Developing;39,00;533;29;3,97;20,40;0;3575;17,2;48;46;13,63;44;1,2;139,31;4564297;1,3;1,4;0,29;6,7
Singapore;2015;Developed;83,10;55;0;1,79;0,00;96;0;33,2;0;96;0,00;96;0,1;53629,74;0;2,2;2,2;0,92;15,4
Singapore;2014;Developed;82,90;56;0;1,83;7971,65;96;0;32,9;0;96;4,92;96;0,1;56336,72;0;2,2;2,2;0,92;15,4
Singapore;2013;Developed;82,70;57;0;1,83;714,34;97;138;32,7;0;97;4,53;97;0,1;5629,19;0;2,2;2,2;0,92;15,4
Singapore;2012;Developed;82,50;59;0;1,89;6041,86;97;42;32,4;0;97;4,22;97;0,1;54431,16;0;2,2;2,1;0,92;15,4
Singapore;2011;Developed;82,20;6;0;1,80;638,00;96;148;32,1;0;96;3,93;96;0,1;53166,68;0;2,1;2,1;0,91;15,2
Singapore;2010;Developed;82,00;61;0;1,84;4540,54;96;50;31,8;0;96;3,96;96;0,1;46569,68;0;2,1;2,1;0,89;14,5
Singapore;2009;Developed;81,70;62;0;1,73;462,93;96;16;31,5;0;97;4,27;97;0,1;38577,56;0;2,1;2,1;0,89;14,4
Singapore;2008;Developed;81,40;64;0;1,70;3404,13;97;18;31,2;0;97;3,91;97;0,1;39721,48;0;2,1;2,1;0,88;14,2
Singapore;2007;Developed;81,10;65;0;1,60;3082,97;96;15;3,9;0;97;3,46;97;0,1;39223,58;0;2,1;2,0;0,87;14,1
Singapore;2006;Developed;87,00;66;0;1,55;2639,38;95;23;3,5;0;95;3,66;95;0,1;33579,86;0;2,1;2,0;0,84;13,9
Singapore;2005;Developed;82,00;69;0;1,49;2356,73;96;33;3,2;0;96;3,74;96;0,1;29869,85;0;2,1;2,0;0,82;12,6
Singapore;2004;Developed;79,70;71;0;1,45;204,25;94;96;29,9;0;95;3,17;95;0,1;2745,27;0;2,1;2,0;0,82;12,7
Singapore;2003;Developed;79,30;73;0;1,43;2263,07;95;33;29,6;0;96;3,63;96;0,1;23573,63;0;2,1;2,0;0,82;12,7
Singapore;2002;Developed;79,00;74;0;2,16;142,10;95;211;29,2;0;94;2,84;94;0,1;2216,83;0;2,1;2,0;0,82;12,6
Singapore;2001;Developed;78,70;76;0;2,08;1003,37;95;408;28,9;0;95;2,37;96;0,1;21577,78;0;2,1;2,0;0,82;12,7
Singapore;2000;Developed;78,30;78;0;2,03;1855,83;97;141;28,5;0;98;2,71;98;0,1;23792,68;0;2,1;2,0;0,81;12,5
Slovakia;2015;Developed;76,70;19;0;0,00;0,00;96;1;59,1;0;96;0,00;96;0,1;0,00;0;1,2;1,2;0,84;15,0
Slovakia;2014;Developed;76,40;113;0;10,60;0,00;97;0;58,4;0;97;8,50;97;0,1;0,00;0;1,2;1,2;0,84;15,1
Slovakia;2013;Developed;76,10;114;0;9,89;0,00;98;0;57,8;0;98;8,00;98;0,1;0,00;0;1,2;1,3;0,84;15,0
Slovakia;2012;Developed;75,80;118;0;10,12;0,00;99;0;57,2;0;99;8,15;99;0,1;0,00;0;1,2;1,3;0,84;15,0
Slovakia;2011;Developed;75,60;122;0;10,24;0,00;99;0;56,5;0;99;7,96;99;0,1;0,00;0;1,2;1,3;0,83;15,0
Slovakia;2010;Developed;75,10;124;0;10,13;0,00;99;0;55,9;0;99;8,51;99;0,1;0,00;0;1,3;1,3;0,82;15,0
Slovakia;2009;Developed;75,00;131;0;10,63;0,00;99;0;55,3;0;99;9,15;99;0,1;0,00;0;1,3;1,4;0,82;14,9
Slovakia;2008;Developed;74,70;136;0;11,37;0,00;99;0;54,8;0;99;8,20;99;0,1;0,00;0;1,3;1,4;0,81;14,8
Slovakia;2007;Developed;74,40;14;0;10,58;0,00;99;0;54,2;0;99;7,76;99;0,1;0,00;0;1,3;1,4;0,80;14,5
Slovakia;2006;Developed;74,30;138;0;10,28;0,00;99;0;53,7;0;99;7,35;99;0,1;0,00;0;1,4;1,5;0,79;14,3
Slovakia;2005;Developed;74,00;141;0;10,81;0,00;99;0;53,1;0;99;7,40;99;0,1;0,00;0;1,4;1,5;0,78;14,0
Slovakia;2004;Developed;74,10;138;0;10,03;0,00;99;2;52,6;0;99;7,21;99;0,1;0,00;0;1,4;1,5;0,78;13,8
Slovakia;2003;Developed;73,80;144;0;9,85;0,00;99;1;52,1;0;98;5,82;99;0,1;0,00;0;1,5;1,6;0,77;13,6
Slovakia;2002;Developed;73,70;145;0;10,78;0,00;99;0;51,6;0;98;5,63;99;0,1;0,00;0;1,5;1,6;0,76;13,3
Slovakia;2001;Developed;73,30;145;0;10,73;0,00;99;0;51,1;1;99;5,50;99;0,1;0,00;0;1,5;1,6;0,76;13,3
Slovakia;2000;Developed;73,00;147;0;11,06;0,00;98;0;5,7;1;98;5,50;99;0,1;0,00;0;1,6;1,7;0,76;13,0
Slovenia;2015;Developed;88,00;74;0;0,00;0,00;0;18;6,1;0;95;0,00;95;0,1;2729,86;263531;1,4;1,3;0,89;17,3
Slovenia;2014;Developed;87,00;76;0;10,46;31,13;0;52;59,5;0;95;9,23;95;0,1;242,67;26198;1,4;1,4;0,89;17,6
Slovenia;2013;Developed;85,00;78;0;9,53;259,78;0;1;58,9;0;95;9,29;95;0,1;2315,32;259953;1,4;1,4;0,88;16,8
Slovenia;2012;Developed;82,00;81;0;10,95;3283,02;0;2;58,2;0;96;9,37;96;0,1;22486,47;257159;1,5;1,5;0,88;16,8
Slovenia;2011;Developed;79,80;84;0;10,61;3343,03;0;22;57,6;0;96;9,80;96;0,1;24985,25;252843;1,6;1,6;0,88;17,0
Slovenia;2010;Developed;79,50;87;0;10,32;3187,50;0;2;57,0;0;96;9,70;96;0,1;23437,47;248583;1,6;1,6;0,87;16,9
Slovenia;2009;Developed;79,10;9;0;10,52;3505,39;0;0;56,4;0;96;9,38;96;0,1;24633,80;239669;1,7;1,7;0,87;16,9
Slovenia;2008;Developed;78,90;96;0;10,94;392,96;0;0;55,8;0;97;8,47;97;0,1;2751,81;221316;1,7;1,7;0,87;16,9
Slovenia;2007;Developed;78,30;12;0;11,02;3256,72;0;0;55,2;0;97;7,98;97;0,1;23841,32;218122;1,8;1,8;0,87;16,8
Slovenia;2006;Developed;78,10;17;0;12,26;2724,18;0;0;54,7;0;97;8,42;97;0,1;19726,13;26868;1,8;1,9;0,86;16,7
Slovenia;2005;Developed;77,50;14;0;11,14;2503,71;0;0;54,1;0;95;8,50;95;0,1;18169,19;2474;1,9;2,0;0,85;16,3
Slovenia;2004;Developed;77,20;113;0;10,00;235,38;0;0;53,5;0;94;8,47;94;0,1;1726,92;199712;2,0;2,0;0,85;16,6
Slovenia;2003;Developed;76,50;119;0;11,58;203,33;0;0;52,9;0;95;8,77;95;0,1;1488,47;1995733;2,0;2,1;0,84;16,1
Slovenia;2002;Developed;76,60;117;0;9,29;1617,47;0;0;52,3;0;93;8,62;93;0,1;11815,00;199453;2,1;2,2;0,84;15,6
Slovenia;2001;Developed;76,20;124;0;10,80;196,30;0;0;51,8;0;93;8,57;92;0,1;1479,30;19926;2,2;2,2;0,82;14,7
Slovenia;2000;Developed;76,00;122;0;11,90;161,45;0;0;51,2;0;93;8,26;91;0,1;1227,74;1988925;2,2;2,3;0,82;14,6
Solomon Islands;2015;Developing;69,20;177;0;0,00;0,00;98;0;5,5;0;99;0,00;98;0,1;1922,41;587482;1,1;1,2;0,51;9,6
Solomon Islands;2014;Developing;68,80;183;0;0,01;3,72;88;0;49,7;0;94;5,50;88;0,1;29,65;57554;1,1;1,2;0,51;9,6
Solomon Islands;2013;Developing;68,80;182;0;0,01;24,73;94;0;48,9;0;99;5,42;94;0,1;188,52;563513;1,1;1,2;0,51;9,5
Solomon Islands;2012;Developing;68,70;184;0;0,01;247,95;99;0;48,1;0;99;5,48;99;0,1;1858,69;551531;1,2;1,2;0,51;9,4
Solomon Islands;2011;Developing;68,50;186;0;0,99;229,67;99;0;47,2;0;99;5,80;99;0,1;1642,84;539614;1,2;1,2;0,50;9,4
Solomon Islands;2010;Developing;68,30;188;0;1,10;29,52;9;0;46,4;0;94;7,47;9;0,1;1272,45;52779;1,2;1,2;0,49;9,3
Solomon Islands;2009;Developing;68,10;192;0;1,21;244,40;92;0;45,5;0;98;7,92;92;0,1;1158,28;51679;1,2;1,2;0,49;9,3
Solomon Islands;2008;Developing;68,00;193;0;1,09;19,75;89;0;44,7;0;94;5,97;89;0,1;125,79;54477;1,2;1,2;0,49;9,2
Solomon Islands;2007;Developing;67,60;2;0;0,85;28,90;9;0;43,8;0;93;6,42;9;0,1;146,93;49294;1,2;1,2;0,48;9,0
Solomon Islands;2006;Developing;67,60;2;0;0,99;240,49;99;0;43,0;0;99;6,66;99;0,1;948,66;481422;1,3;1,3;0,47;8,4
Solomon Islands;2005;Developing;67,40;24;0;0,90;25,31;83;0;42,1;0;9;7,83;89;0,1;88,87;469885;1,3;1,3;0,47;8,3
Solomon Islands;2004;Developing;67,10;29;0;1,18;195,53;81;0;41,3;0;89;5,64;9;0,1;818,44;458324;1,3;1,3;0,46;8,1
Solomon Islands;2003;Developing;66,80;215;0;1,18;16,83;79;0;4,4;0;84;6,00;84;0,1;744,77;446769;1,3;1,3;0,45;8,0
Solomon Islands;2002;Developing;66,50;22;0;1,08;156,28;75;0;39,6;0;78;6,90;78;0,1;784,96;435262;1,4;1,4;0,45;7,3
Solomon Islands;2001;Developing;66,20;227;0;0,70;325,11;83;0;38,7;0;88;6,44;84;0,1;944,82;423853;1,4;1,4;0,44;6,6
Solomon Islands;2000;Developing;65,80;235;0;0,71;4,25;81;0;37,9;0;88;4,56;86;0,1;154,52;41269;1,4;1,4;0,46;7,2
Somalia;2015;Developing;55,00;312;50;0,00;0,00;42;7497;24,3;80;47;0,00;42;0,7;426,99;0;6,6;6,4;0,00;0,0
Somalia;2014;Developing;54,30;321;51;0,01;0,00;42;10229;23,8;80;47;0,00;42;0,8;417,89;0;6,7;6,5;0,00;0,0
Somalia;2013;Developing;54,20;318;51;0,01;0,00;42;3173;23,3;81;47;0,00;42;0,8;47,54;0;6,8;6,6;0,00;0,0
Somalia;2012;Developing;53,10;336;51;0,01;0,00;0;9983;22,9;82;47;0,00;42;0,8;0,00;0;6,8;6,7;0,00;0,0
Somalia;2011;Developing;53,10;329;51;0,01;0,00;0;17298;22,4;82;49;0,00;41;0,8;0,00;0;6,9;6,7;0,00;0,0
Somalia;2010;Developing;52,40;336;52;0,01;0,00;0;115;22,0;83;49;0,00;45;0,8;0,00;0;7,0;6,8;0,00;0,0
Somalia;2009;Developing;52,20;335;52;0,01;0,00;0;13;21,5;84;41;0,00;42;0,8;0,00;0;7,1;6,9;0,00;0,0
Somalia;2008;Developing;51,90;336;52;0,01;0,00;0;1081;21,1;84;4;0,00;31;0,9;0,00;0;7,2;7,0;0,00;0,0
Somalia;2007;Developing;51,50;34;52;0,01;0,00;0;1149;2,7;84;4;0,00;4;0,9;0,00;0;7,3;7,1;0,00;0,0
Somalia;2006;Developing;51,50;337;51;0,01;0,00;0;7;2,2;83;26;0,00;26;0,9;0,00;0;7,4;7,2;0,00;0,0
Somalia;2005;Developing;51,60;334;50;0,01;0,00;0;0;19,8;82;35;0,00;35;0,9;0,00;0;7,5;7,3;0,00;0,0
Somalia;2004;Developing;51,20;341;49;0,01;0,00;0;12008;19,4;80;3;0,00;3;0,9;0,00;0;7,6;7,4;0,00;0,0
Somalia;2003;Developing;51,10;344;48;0,01;0,00;0;8257;19,0;78;4;0,00;4;0,9;0,00;0;7,7;7,5;0,00;0,0
Somalia;2002;Developing;58,00;348;47;0,01;0,00;0;9559;18,6;77;4;0,00;4;0,9;0,00;0;7,8;7,6;0,00;0,0
Somalia;2001;Developing;57,00;352;46;0,01;0,00;0;3571;18,2;75;33;0,00;33;0,8;0,00;0;7,9;7,7;0,00;0,0
Somalia;2000;Developing;55,00;355;45;0,01;0,00;0;3965;17,8;74;37;0,00;33;0,8;0,00;0;8,0;7,9;0,00;0,0
South Africa;2015;Developing;62,90;328;42;0,00;0,00;75;17;51,1;52;75;0,00;75;3,6;5769,77;5511977;4,4;5,3;0,67;13,0
South Africa;2014;Developing;62,00;347;42;7,38;922,05;8;66;5,3;52;77;8,80;77;3,7;6479,63;54146735;4,9;5,9;0,66;13,0
South Africa;2013;Developing;69,00;371;43;7,34;978,59;7;25;49,5;54;73;8,78;73;4,5;6876,95;53311956;5,4;6,5;0,65;12,8
South Africa;2012;Developing;59,20;48;43;7,38;1089,95;68;32;48,7;56;65;8,79;65;7,6;7548,16;5256516;6,0;7,3;0,64;12,8
South Africa;2011;Developing;58,90;413;43;7,38;123,75;76;92;47,9;58;69;8,61;69;8,5;849,95;51729345;6,6;8,0;0,64;12,8
South Africa;2010;Developing;58,00;428;43;7,28;1038,89;71;12499;47,2;62;72;8,50;72;11,0;7362,76;5979432;7,3;8,9;0,63;12,8
South Africa;2009;Developing;56,50;449;46;7,60;782,60;74;5857;46,4;70;75;8,39;76;19,0;5888,63;5255813;8,1;9,8;0,62;12,8
South Africa;2008;Developing;55,30;473;50;8,19;780,03;76;39;45,7;75;77;7,75;79;23,5;5786,60;49557573;8,9;1,7;0,62;12,9
South Africa;2007;Developing;54,50;486;51;8,48;805,49;83;31;45,0;79;79;7,53;82;26,4;6125,40;48883845;9,7;11,7;0,61;12,9
South Africa;2006;Developing;54,00;496;54;8,50;732,13;83;81;44,3;82;79;7,57;82;28,1;5631,73;4823384;1,6;12,8;0,61;12,9
South Africa;2005;Developing;53,80;498;55;8,69;709,32;79;615;43,6;84;75;7,77;79;29,5;5414,63;476667;11,6;13,9;0,61;12,9
South Africa;2004;Developing;53,70;497;55;6,96;622,04;76;830;42,9;83;73;7,93;74;29,7;4863,52;4718;12,6;15,0;0,61;12,9
South Africa;2003;Developing;54,00;485;55;6,93;519,16;71;244;42,2;82;7;8,26;69;28,9;3775,68;46418194;13,5;16,1;0,61;12,9
South Africa;2002;Developing;54,90;459;54;7,04;346,53;72;1043;41,6;79;7;8,90;7;26,6;2518,40;45855483;14,5;17,1;0,62;12,9
South Africa;2001;Developing;56,00;429;52;7,38;365,26;72;1166;4,9;76;71;8,31;71;24,0;2681,78;45312937;15,4;18,1;0,63;13,0
South Africa;2000;Developing;57,30;397;51;7,30;45,96;73;1459;4,1;73;71;8,70;73;21,3;337,23;44896856;16,3;19,1;0,64;13,0
South Sudan;2015;Developing;57,30;332;26;0,00;0,00;31;878;0,0;39;41;0,00;31;3,4;758,73;11882136;0,0;0,0;0,42;4,9
South Sudan;2014;Developing;56,60;343;26;0,00;46,07;0;441;0,0;39;44;2,74;39;3,5;1151,86;1153971;0,0;0,0;0,42;4,9
South Sudan;2013;Developing;56,40;345;26;0,00;47,44;0;525;0,0;40;5;2,62;45;3,6;1186,11;1117749;0,0;0,0;0,42;4,9
South Sudan;2012;Developing;56,00;347;26;0,00;38,34;0;1952;0,0;40;64;2,77;59;3,8;958,46;1818258;0,0;0,0;0,42;4,9
South Sudan;2011;Developing;55,40;355;27;0,00;0,00;0;1256;0,0;41;66;0,00;61;3,9;176,97;1448857;0,0;0,0;0,43;4,9
South Sudan;2010;Developing;55,00;359;27;0,00;0,00;0;0;0,0;41;0;0,00;0;4,0;1562,24;167192;0,0;0,0;0,00;0,0
South Sudan;2009;Developing;54,30;369;27;0,00;0,00;0;0;0,0;42;0;0,00;0;4,2;1264,79;967667;0,0;0,0;0,00;0,0
South Sudan;2008;Developing;53,60;377;27;0,00;0,00;0;0;0,0;42;0;0,00;0;4,2;1678,71;9263136;0,0;0,0;0,00;0,0
South Sudan;2007;Developing;53,10;381;27;0,00;0,00;0;0;0,0;43;0;0,00;0;4,2;0,00;88568;0,0;0,0;0,00;0,0
South Sudan;2006;Developing;52,50;383;28;0,00;0,00;0;0;0,0;43;0;0,00;0;4,1;0,00;8468152;0,0;0,0;0,00;0,0
South Sudan;2005;Developing;51,90;383;28;0,00;0,00;0;0;0,0;44;0;0,00;0;3,9;0,00;818877;0,0;0,0;0,00;0,0
South Sudan;2004;Developing;51,40;383;29;0,00;0,00;0;0;0,0;45;0;0,00;0;3,8;0,00;7787655;0,0;0,0;0,00;0,0
South Sudan;2003;Developing;58,00;383;29;0,00;0,00;0;0;0,0;46;0;0,00;0;3,5;0,00;751642;0,0;0,0;0,00;0,0
South Sudan;2002;Developing;52,00;382;30;0,00;0,00;0;0;0,0;48;0;0,00;0;3,3;0,00;7237276;0,0;0,0;0,00;0,0
South Sudan;2001;Developing;49,60;381;30;0,00;0,00;0;0;0,0;49;0;0,00;0;3,0;0,00;6974442;0,0;0,0;0,00;0,0
South Sudan;2000;Developing;48,90;38;31;0,00;0,00;0;0;0,0;50;0;0,00;0;2,7;0,00;67656;0,0;0,0;0,00;0,0
Spain;2015;Developed;82,80;56;1;0,00;0,00;97;115;66,6;1;97;0,00;97;0,1;25683,85;46447697;0,6;0,5;0,88;17,7
Spain;2014;Developed;82,60;58;1;0,01;42,99;96;154;66,0;1;97;9,30;97;0,1;296,47;4648882;0,6;0,5;0,88;17,6
Spain;2013;Developed;82,40;6;1;9,25;423,68;95;131;65,4;2;96;9,10;96;0,1;2921,93;466245;0,6;0,5;0,87;17,5
Spain;2012;Developed;82,00;61;1;9,35;4255,78;96;1204;64,8;2;97;9,39;97;0,1;28562,29;4677355;0,6;0,5;0,87;17,2
Spain;2011;Developed;82,10;63;1;9,62;4873,82;97;3802;64,1;2;97;9,48;97;0,1;31834,22;46742697;0,6;0,5;0,87;16,9
Spain;2010;Developed;81,90;64;1;9,78;578,74;97;302;63,5;2;97;9,56;97;0,1;3736,23;46576897;0,6;0,5;0,86;16,4
Spain;2009;Developed;81,60;66;2;9,99;5047,25;96;41;62,9;2;96;9,52;96;0,1;32333,47;46362946;0,6;0,5;0,86;16,3
Spain;2008;Developed;81,30;7;2;10,24;5596,54;97;297;62,3;2;97;8,80;97;0,1;35578,74;4595416;0,6;0,5;0,85;16,1
Spain;2007;Developed;89,00;72;2;11,05;510,93;96;267;61,7;2;96;8,36;96;0,1;3279,41;4522683;0,6;0,5;0,85;16,0
Spain;2006;Developed;88,00;73;2;11,86;4460,39;97;362;61,1;2;98;8,23;98;0,1;28482,69;44397319;0,6;0,5;0,84;15,9
Spain;2005;Developed;81,00;77;2;11,92;405,45;96;22;6,5;2;96;8,12;96;0,1;2651,72;43653155;0,6;0,5;0,84;15,8
Spain;2004;Developed;81,00;79;2;11,96;3715,37;97;26;59,9;2;97;8,50;97;0,1;24918,65;42921895;0,6;0,5;0,83;15,6
Spain;2003;Developed;79,40;83;2;12,09;3205,02;81;256;59,3;2;99;7,99;98;0,1;21495,77;42187645;0,6;0,5;0,83;15,6
Spain;2002;Developed;79,50;83;2;12,26;228,35;82;67;58,8;2;98;7,25;98;0,1;1719,54;41431558;0,6;0,5;0,83;15,7
Spain;2001;Developed;79,40;84;2;9,86;2044,17;83;0;58,2;2;95;7,24;96;0,1;15323,61;485412;0,6;0,5;0,83;15,7
Spain;2000;Developed;79,10;86;2;11,12;1934,40;77;152;57,6;2;95;7,21;95;0,1;14676,77;4567864;0,6;0,5;0,82;15,7
Sri Lanka;2015;Developing;74,90;138;3;0,00;0,00;99;1568;23,4;3;99;0,00;99;0,1;3844,89;2966;15,1;15,0;0,76;14,0
Sri Lanka;2014;Developing;74,70;141;3;2,37;42,73;99;1686;22,7;3;99;3,50;99;0,1;382,55;2771;15,2;15,0;0,76;14,0
Sri Lanka;2013;Developing;74,60;142;3;2,56;41,62;99;2107;21,9;3;99;3,68;99;0,1;361,29;2585;15,2;15,1;0,76;13,8
Sri Lanka;2012;Developing;74,50;143;3;2,80;20,77;99;51;21,2;4;99;3,21;99;0,1;335,52;2425;15,3;15,2;0,75;13,7
Sri Lanka;2011;Developing;74,50;141;3;3,03;20,83;99;60;2,5;4;99;3,28;99;0,1;322,99;2271;15,3;15,3;0,75;13,6
Sri Lanka;2010;Developing;74,50;138;3;2,31;191,73;99;79;19,8;4;99;3,43;99;0,1;2819,51;2119;15,3;15,3;0,74;13,5
Sri Lanka;2009;Developing;71,80;183;4;2,05;13,39;97;21;19,2;4;97;3,37;97;0,1;216,68;19968;15,3;15,4;0,74;13,4
Sri Lanka;2008;Developing;72,30;172;4;2,10;17,81;98;33;18,5;4;98;3,44;98;0,1;254,49;19817;15,4;15,4;0,73;13,3
Sri Lanka;2007;Developing;73,70;146;4;2,29;127,64;98;44;17,9;5;98;3,76;98;0,1;1644,82;19668;15,4;15,5;0,73;13,2
Sri Lanka;2006;Developing;73,80;145;4;1,96;120,25;98;0;17,2;5;98;4,60;98;0,1;1448,76;1952;15,4;15,5;0,72;13,1
Sri Lanka;2005;Developing;74,20;138;4;1,97;97,77;99;3;16,6;5;99;4,60;99;0,1;1259,88;19373;15,4;15,5;0,71;12,9
Sri Lanka;2004;Developing;69,10;197;6;1,56;15,35;62;35;16,1;10;97;4,28;97;0,1;174,67;19228;15,4;15,5;0,71;12,8
Sri Lanka;2003;Developing;73,90;146;5;1,69;72,43;32;65;15,6;5;98;3,95;99;0,1;989,45;1983;15,4;15,5;0,70;12,7
Sri Lanka;2002;Developing;73,70;149;5;1,62;59,64;0;139;15,1;5;98;3,89;98;0,1;873,15;18939;15,4;15,6;0,70;12,6
Sri Lanka;2001;Developing;72,70;16;5;1,68;53,61;0;309;14,6;6;98;3,81;98;0,1;837,70;18797;15,4;15,6;0,69;12,5
Sri Lanka;2000;Developing;71,50;175;5;1,45;60,49;0;16527;14,1;6;99;3,77;99;0,1;875,41;18655;15,3;15,5;0,68;12,4
Sudan;2015;Developing;64,10;225;58;0,00;0,00;93;3585;0,0;85;93;0,00;93;0,3;2513,88;3864783;0,0;0,0;0,49;7,2
Sudan;2014;Developing;63,80;229;59;0,01;253,61;94;676;0,0;86;94;8,43;94;0,3;2176,90;37737913;0,0;0,0;0,49;7,2
Sudan;2013;Developing;63,50;232;60;0,01;227,84;93;2813;0,0;88;93;8,42;93;0,3;1955,67;36849918;0,0;0,0;0,48;7,0
Sudan;2012;Developing;63,20;235;61;0,01;220,52;92;8523;0,0;89;92;8,20;92;0,3;1892,89;3599192;0,0;0,0;0,47;6,8
Sudan;2011;Developing;62,70;241;61;2,12;196,69;93;5616;0,0;91;93;8,30;93;0,3;1666,86;35167314;0,0;0,0;0,46;7,0
Sudan;2010;Developing;62,50;243;62;1,77;172,01;75;680;0,0;92;9;7,97;9;0,3;1476,48;34385963;0,0;0,0;0,46;7,0
Sudan;2009;Developing;62,00;248;63;1,99;17,05;72;68;0,0;94;81;8,40;81;0,3;1226,88;3365619;0,0;0,0;0,46;6,8
Sudan;2008;Developing;61,80;251;64;2,01;128,64;78;129;0,0;95;85;8,17;86;0,3;1291,53;32955496;0,0;0,0;0,44;6,3
Sudan;2007;Developing;61,40;254;65;2,01;86,13;78;327;0,0;97;84;4,72;84;0,3;1115,70;32282526;0,0;0,0;0,44;6,4
Sudan;2006;Developing;61,00;26;66;1,90;60,34;6;228;0,0;99;77;3,93;78;0,2;893,88;316764;0,0;0,0;0,43;6,2
Sudan;2005;Developing;67,00;261;66;1,55;37,59;22;1374;0,0;101;78;3,18;78;0,2;679,75;3911914;0,0;0,0;0,42;6,1
Sudan;2004;Developing;59,70;278;68;1,59;37,04;0;9562;0,0;102;74;3,39;74;0,2;565,57;3186341;0,0;0,0;0,42;5,7
Sudan;2003;Developing;59,60;278;69;1,74;35,35;0;4381;0,0;104;69;3,18;69;0,2;477,74;29435944;0,0;0,0;0,41;5,6
Sudan;2002;Developing;59,40;277;70;1,59;30,62;0;4529;0,0;106;6;2,95;6;0,2;412,15;28679565;0,0;0,0;0,40;5,6
Sudan;2001;Developing;58,90;283;71;1,81;28,88;0;4362;0,0;108;66;2,96;66;0,2;377,53;279455;0,0;0,0;0,40;5,6
Sudan;2000;Developing;58,60;284;71;1,76;30,86;0;2875;0,0;109;62;3,23;62;0,1;361,36;2725535;0,0;0,0;0,39;5,5
Suriname;2015;Developing;71,60;176;0;0,00;0,00;89;0;58,3;0;89;0,00;89;0,4;8818,98;55328;3,5;3,5;0,72;12,7
Suriname;2014;Developing;71,40;178;0;6,32;1132,43;85;0;57,7;0;85;5,69;85;0,4;9564,46;547928;3,5;3,5;0,72;12,7
Suriname;2013;Developing;71,20;179;0;6,02;1122,97;86;0;57,0;0;86;5,96;86;0,4;9484,57;54254;3,5;3,5;0,72;12,7
Suriname;2012;Developing;71,30;178;0;5,73;1168,32;84;0;56,3;0;84;6,90;84;0,9;9272,41;53777;3,5;3,4;0,71;12,7
Suriname;2011;Developing;76,00;187;0;5,64;989,13;86;0;55,5;0;86;5,93;86;0,1;8318,98;531589;3,5;3,4;0,70;12,5
Suriname;2010;Developing;73,00;19;0;5,26;99,08;86;0;54,8;0;96;5,81;96;0,5;833,31;52613;3,5;3,4;0,70;12,3
Suriname;2009;Developing;70,00;196;0;5,13;885,07;87;0;54,1;0;85;6,14;87;0,6;7443,85;52619;3,5;3,4;0,70;12,1
Suriname;2008;Developing;69,80;196;0;4,94;815,44;84;0;53,3;0;85;5,92;85;1,2;6858,16;515148;3,5;3,4;0,69;11,9
Suriname;2007;Developing;69,50;22;0;4,72;685,03;84;0;52,6;0;84;5,92;84;0,8;5761,40;5975;3,5;3,4;0,68;11,7
Suriname;2006;Developing;69,30;199;0;4,52;72,80;84;0;51,8;0;84;6,22;84;0,6;527,92;5437;3,5;3,4;0,68;11,5
Suriname;2005;Developing;68,90;25;0;4,47;418,92;83;0;51,1;0;84;6,78;83;0,6;3595,89;498946;3,5;3,4;0,67;11,3
Suriname;2004;Developing;68,30;214;0;4,55;4,23;0;0;5,4;0;84;6,88;85;0,9;36,49;49363;3,5;3,5;0,00;11,1
Suriname;2003;Developing;68,00;223;0;4,53;32,37;0;0;49,7;0;74;6,62;75;1,0;263,14;488332;3,5;3,5;0,00;10,9
Suriname;2002;Developing;67,90;221;0;4,41;250,71;0;0;49,0;0;74;7,14;73;1,6;2232,51;48344;3,5;3,5;0,00;11,0
Suriname;2001;Developing;67,70;219;0;4,23;191,21;0;0;48,3;0;65;8,38;68;1,8;1598,78;47774;3,6;3,5;0,00;11,0
Suriname;2000;Developing;67,40;224;0;4,29;268,18;0;0;47,6;0;7;9,65;71;0,4;1888,62;47239;3,6;3,6;0,00;11,1
Swaziland;2015;Developing;58,90;373;2;0,00;0,00;9;0;32,3;3;84;0,00;9;7,1;3136,93;131911;4,0;4,1;0,54;11,4
Swaziland;2014;Developing;58,40;382;2;0,01;574,39;98;0;31,8;3;98;9,25;98;7,3;3464,35;129597;4,3;4,3;0,54;11,4
Swaziland;2013;Developing;57,60;393;2;0,01;708,96;98;0;31,2;3;98;9,66;98;9,8;3598,76;1271456;4,5;4,6;0,54;11,4
Swaziland;2012;Developing;56,50;412;2;0,01;720,23;95;0;3,7;3;92;8,76;95;12,2;3851,52;1248158;4,8;4,9;0,53;11,3
Swaziland;2011;Developing;55,00;438;2;5,20;735,71;91;0;3,2;3;85;8,61;91;15,7;3934,27;1225258;5,1;5,2;0,53;11,2
Swaziland;2010;Developing;53,60;459;2;4,93;56,94;89;313;29,7;4;89;8,47;89;21,6;369,24;122843;5,4;5,6;0,52;11,0
Swaziland;2009;Developing;52,60;46;3;4,90;47,62;88;26;29,3;4;89;8,46;88;33,7;332,52;118675;5,8;5,9;0,52;10,8
Swaziland;2008;Developing;51,40;477;3;4,87;413,01;9;1;28,9;4;89;8,19;88;40,2;2842,44;1158897;6,1;6,3;0,51;10,6
Swaziland;2007;Developing;50,00;51;3;5,55;43,37;92;0;28,5;4;88;7,50;87;40,7;347,49;1138434;6,5;6,7;0,51;10,5
Swaziland;2006;Developing;47,80;564;3;5,53;437,08;93;0;28,2;4;88;6,81;87;43,7;2937,37;112514;6,9;7,1;0,50;9,9
Swaziland;2005;Developing;46,00;63;3;5,08;372,17;95;0;27,8;4;88;6,80;86;49,1;2873,86;115873;7,3;7,5;0,50;9,7
Swaziland;2004;Developing;45,60;69;3;5,78;37,44;93;0;27,4;4;88;5,88;86;50,3;2529,63;19553;7,7;7,9;0,49;9,4
Swaziland;2003;Developing;45,90;6;3;5,65;2,82;9;350;27,1;4;87;5,71;85;50,6;22,99;187392;8,2;8,4;0,49;9,1
Swaziland;2002;Developing;46,40;587;3;5,52;131,04;88;37;26,7;4;87;5,16;85;49,9;1325,00;1893;8,6;8,8;0,50;9,2
Swaziland;2001;Developing;47,10;568;3;6,72;143,62;86;49;26,3;4;87;5,11;84;48,8;1437,63;172927;9,0;9,2;0,51;9,3
Swaziland;2000;Developing;48,40;536;3;7,19;25,22;83;10;25,9;4;87;5,26;84;46,4;1637,46;161468;9,4;9,6;0,52;9,4
Sweden;2015;Developed;82,40;53;0;0,00;0,00;67;22;59,5;0;98;0,00;98;0,1;5585,26;9799186;1,5;1,4;0,91;15,9
Sweden;2014;Developed;82,30;54;0;7,30;1142,21;67;26;59,0;0;98;11,93;98;0,1;5918,20;969611;1,5;1,3;0,91;15,8
Sweden;2013;Developed;81,90;57;0;7,30;1212,67;67;51;58,5;0;98;11,97;98;0,1;6283,25;96379;1,4;1,3;0,90;15,8
Sweden;2012;Developed;81,70;57;0;7,40;10947,02;53;30;58,1;0;98;11,80;98;0,1;57134,78;9519374;1,4;1,3;0,90;15,8
Sweden;2011;Developed;81,70;58;0;7,40;11477,67;42;26;57,7;0;98;11,70;98;0,1;59593,29;9449213;1,4;1,3;0,90;16,0
Sweden;2010;Developed;81,50;58;0;7,20;778,25;0;6;57,3;0;98;9,47;98;0,1;5276,26;9378126;1,3;1,3;0,90;15,8
Sweden;2009;Developed;81,40;62;0;7,30;682,11;0;3;56,9;0;98;9,94;98;0,1;4627,59;9298515;1,3;1,3;0,90;15,8
Sweden;2008;Developed;81,10;62;0;6,90;8105,59;0;25;56,5;0;98;9,23;98;0,1;55746,84;9219637;1,3;1,3;0,90;15,7
Sweden;2007;Developed;89,00;63;0;6,90;7593,39;0;1;56,1;0;98;8,92;98;0,1;53324,38;914892;1,3;1,3;0,90;15,8
Sweden;2006;Developed;88,00;64;0;6,50;6369,52;0;19;55,7;0;98;8,95;98;0,1;46256,47;9855;1,3;1,3;0,89;15,9
Sweden;2005;Developed;85,00;66;0;6,50;599,04;0;13;55,3;0;98;9,60;98;0,1;4385,35;929572;1,3;1,3;0,89;16,0
Sweden;2004;Developed;83,00;7;0;6,60;5793,36;0;5;54,9;0;99;9,90;99;0,1;42442,22;8993531;1,3;1,3;0,89;16,0
Sweden;2003;Developed;82,00;69;0;6,90;5067,41;0;3;54,4;0;99;9,31;99;0,1;36961,43;8958229;1,3;1,3;0,88;15,9
Sweden;2002;Developed;79,90;71;0;6,90;3998,10;0;9;53,9;0;99;9,23;99;0,1;29571,74;8924958;1,3;1,3;0,88;15,9
Sweden;2001;Developed;79,80;73;0;6,60;3554,55;0;5;53,4;0;99;8,86;99;0,1;26969,24;889596;1,3;1,3;0,88;15,9
Sweden;2000;Developed;79,60;73;0;6,20;3689,73;0;59;52,8;0;99;8,18;99;0,1;29283,55;887219;1,4;1,3;0,87;15,9
Switzerland;2015;Developed;83,40;49;0;0,00;0,00;0;35;57,4;0;97;0,00;97;0,1;8989,84;8282396;0,4;0,3;0,94;16,0
Switzerland;2014;Developed;83,20;51;0;9,61;19479,91;0;23;57,0;0;96;11,66;96;0,1;85814,59;8188649;0,4;0,3;0,94;15,9
Switzerland;2013;Developed;83,00;52;0;9,73;19099,05;0;175;56,6;0;96;11,71;96;0,1;84658,89;889346;0,4;0,3;0,93;15,8
Switzerland;2012;Developed;82,70;54;0;9,86;18379,33;0;61;56,2;0;96;11,59;96;0,1;83164,39;7996861;0,5;0,3;0,93;15,7
Switzerland;2011;Developed;82,60;55;0;9,99;18822,87;0;621;55,8;0;96;11,21;96;0,1;87998,44;7912398;0,5;0,3;0,93;15,6
Switzerland;2010;Developed;82,30;57;0;10,01;2198,59;0;77;55,4;0;96;11,70;95;0,1;74276,72;782499;0,5;0,4;0,92;15,4
Switzerland;2009;Developed;82,10;6;0;10,15;14714,83;0;958;55,0;0;96;11,00;95;0,1;69672,47;7743831;0,5;0,4;0,92;15,3
Switzerland;2008;Developed;82,00;6;0;10,29;2084,26;0;2022;54,6;0;96;1,29;95;0,1;72119,57;7647675;0,5;0,4;0,91;15,3
Switzerland;2007;Developed;81,70;63;0;10,44;11892,33;0;1015;54,1;0;94;1,21;94;0,1;63223,47;7551117;0,5;0,4;0,91;15,3
Switzerland;2006;Developed;81,50;65;0;10,24;10598,08;0;0;53,7;0;94;1,39;94;0,1;57348,93;7483934;0,6;0,4;0,90;15,2
Switzerland;2005;Developed;81,10;66;0;10,15;10055,35;0;60;53,2;0;94;1,86;94;0,1;54797,55;7437115;0,6;0,4;0,90;15,2
Switzerland;2004;Developed;81,00;69;0;10,55;9495,54;0;39;52,8;0;95;1,96;93;0,1;53255,98;7389625;0,6;0,4;0,90;15,1
Switzerland;2003;Developed;85,00;72;0;10,82;842,28;0;574;52,3;0;95;1,93;93;0,1;4796,56;73391;0,6;0,5;0,89;15,0
Switzerland;2002;Developed;84,00;74;0;10,85;6853,63;0;0;51,8;0;95;1,61;93;0,1;41336,72;7284753;0,6;0,5;0,89;15,2
Switzerland;2001;Developed;82,00;75;0;11,12;6478,35;0;700;51,3;0;95;1,28;93;0,1;38538,64;7229854;0,7;0,5;0,89;15,2
Switzerland;2000;Developed;79,70;78;0;11,26;5834,58;0;0;5,8;0;95;9,91;93;0,1;37813,23;718425;0,7;0,5;0,88;15,1
Syrian Arab Republic;2015;Developing;64,50;293;6;0,00;0,00;41;45;57,1;8;5;0,00;41;0,1;0,00;18734987;6,3;6,1;0,55;9,0
Syrian Arab Republic;2014;Developing;64,40;294;7;0,01;0,00;47;594;56,2;8;52;3,25;43;0,1;0,00;19239;6,3;6,1;0,58;9,0
Syrian Arab Republic;2013;Developing;63,60;37;7;0,01;0,00;71;740;55,2;9;5;3,25;41;0,1;0,00;1989141;6,3;6,1;0,64;13,0
Syrian Arab Republic;2012;Developing;62,80;32;7;0,01;0,00;43;13;54,2;9;47;3,25;45;0,1;0,00;24271;6,3;6,1;0,65;12,5
Syrian Arab Republic;2011;Developing;71,70;163;7;0,76;0,00;66;13;53,2;8;6;3,23;72;0,1;0,00;2863993;6,3;6,1;0,65;12,0
Syrian Arab Republic;2010;Developing;73,70;127;7;0,78;0,00;84;26;52,3;9;83;3,28;8;0,1;0,00;2118834;6,4;6,1;0,65;11,7
Syrian Arab Republic;2009;Developing;73,80;124;7;0,81;0,00;84;22;51,3;9;83;3,55;8;0,1;0,00;2824893;6,4;6,2;0,65;11,8
Syrian Arab Republic;2008;Developing;73,80;122;8;0,80;0,00;83;19;5,4;9;83;3,40;79;0,1;0,00;2325443;6,4;6,2;0,65;11,6
Syrian Arab Republic;2007;Developing;73,80;121;8;0,83;17,98;83;403;49,4;9;83;3,72;8;0,1;258,35;1963286;6,4;6,2;0,64;11,5
Syrian Arab Republic;2006;Developing;73,70;123;8;0,97;122,65;83;517;48,5;10;83;3,78;8;0,1;1762,25;18914977;6,4;6,3;0,64;11,4
Syrian Arab Republic;2005;Developing;73,50;127;9;0,92;116,26;83;375;47,6;10;83;4,11;8;0,1;1577,46;18294611;6,5;6,3;0,62;11,0
Syrian Arab Republic;2004;Developing;73,20;131;9;0,93;10,21;82;189;46,8;10;84;4,48;81;0,1;148,85;1786638;6,5;6,3;0,61;10,6
Syrian Arab Republic;2003;Developing;73,00;134;9;1,29;94,76;81;801;46,0;11;85;5,12;83;0,1;1253,39;17415266;6,6;6,4;0,60;10,3
Syrian Arab Republic;2002;Developing;72,80;135;9;1,25;91,70;8;538;45,3;11;86;4,94;84;0,1;1263,13;178791;6,6;6,5;0,60;10,2
Syrian Arab Republic;2001;Developing;72,70;135;10;1,29;93,50;8;290;44,6;11;83;4,92;82;0,1;1258,42;16766899;6,7;6,5;0,59;10,1
Syrian Arab Republic;2000;Developing;72,60;136;10;1,41;81,73;79;146;43,9;12;86;4,92;84;0,1;1177,63;1641848;6,8;6,6;0,59;10,0
Tajikistan;2015;Developing;69,70;161;10;0,00;0,00;96;3;4,7;11;96;0,00;96;0,2;918,68;8548651;3,6;3,7;0,63;11,3
Tajikistan;2014;Developing;69,60;162;10;0,01;7,83;97;0;39,9;11;94;6,88;97;0,2;114,46;8362745;3,6;3,7;0,62;11,3
Tajikistan;2013;Developing;69,30;163;10;0,01;1,04;96;1;39,0;11;97;6,75;96;0,2;14,21;817789;3,6;3,7;0,62;11,2
Tajikistan;2012;Developing;68,80;164;10;0,01;71,51;94;16;38,2;12;96;6,39;94;0,2;954,73;799562;3,6;3,7;0,61;11,1
Tajikistan;2011;Developing;68,10;166;10;0,32;51,99;96;1;37,4;12;97;5,98;96;0,2;834,54;7815949;3,7;3,7;0,61;11,1
Tajikistan;2010;Developing;67,30;171;10;0,32;43,34;93;0;36,6;12;95;6,40;93;0,2;738,35;764163;3,7;3,8;0,60;11,1
Tajikistan;2009;Developing;66,70;174;10;0,30;35,72;93;0;35,9;12;93;5,93;93;0,2;666,35;7472819;3,7;3,8;0,60;11,1
Tajikistan;2008;Developing;66,40;178;10;0,32;4,15;86;0;35,3;12;87;5,58;86;0,3;76,91;739728;3,8;3,8;0,59;10,8
Tajikistan;2007;Developing;66,10;181;10;0,35;2,27;84;2;34,7;12;85;5,35;86;0,3;52,36;7152385;3,8;3,8;0,59;10,9
Tajikistan;2006;Developing;65,90;183;10;0,38;2,63;88;3;34,1;12;76;5,70;83;0,3;44,29;7557;3,8;3,9;0,58;10,7
Tajikistan;2005;Developing;65,50;194;10;0,37;19,84;81;0;33,5;12;79;5,89;84;0,3;337,36;6854176;3,8;3,9;0,57;10,6
Tajikistan;2004;Developing;65,90;177;11;0,38;2,09;81;4;33,0;13;82;5,70;86;0,3;39,28;6712841;3,9;3,9;0,56;10,5
Tajikistan;2003;Developing;65,20;182;11;0,36;13,26;58;2144;32,5;14;82;4,46;85;0,3;236,31;6576877;4,0;4,0;0,55;10,1
Tajikistan;2002;Developing;64,30;193;12;0,60;10,68;39;927;32,1;15;84;4,48;85;0,3;189,39;6447688;4,0;4,0;0,54;9,8
Tajikistan;2001;Developing;64,00;194;13;0,86;1,14;0;38;31,6;16;84;4,59;85;0,3;17,82;6327125;4,1;4,1;0,54;9,7
Tajikistan;2000;Developing;63,70;198;14;0,37;8,94;0;192;31,3;17;86;4,64;83;0,3;138,44;621625;4,2;4,1;0,53;9,6
Thailand;2015;Developing;74,90;148;8;0,00;0,00;99;154;33,6;9;99;0,00;99;0,1;5814,86;686576;7,7;7,7;0,74;13,6
Thailand;2014;Developing;74,60;152;8;6,41;789,08;99;0;32,4;10;99;4,12;99;0,1;5941,85;68416772;7,8;7,8;0,74;13,6
Thailand;2013;Developing;74,50;153;9;6,50;788,69;99;2641;31,3;10;99;4,00;99;0,1;6171,26;6814365;7,9;7,9;0,73;13,6
Thailand;2012;Developing;74,30;154;9;6,56;801,05;98;5197;3,1;11;99;4,17;99;0,1;5859,92;67843979;8,0;8,1;0,73;13,7
Thailand;2011;Developing;74,10;155;10;6,07;748,45;98;3156;29,0;11;99;4,12;99;0,2;5491,16;675313;8,1;8,2;0,72;13,3
Thailand;2010;Developing;73,90;158;10;5,95;71,69;98;2583;27,9;12;99;3,81;99;0,2;575,32;672888;8,2;8,3;0,71;13,1
Thailand;2009;Developing;73,70;16;11;5,88;547,21;98;6071;26,8;12;99;4,11;99;0,3;4212,55;66881867;8,3;8,5;0,71;13,0
Thailand;2008;Developing;73,50;162;11;5,92;609,95;98;7790;25,7;13;99;3,92;99;0,3;4378,69;6654576;8,5;8,6;0,70;12,9
Thailand;2007;Developing;73,30;165;12;6,20;520,76;96;3893;24,6;14;98;3,56;98;0,4;3972,26;66195615;8,6;8,8;0,69;12,3
Thailand;2006;Developing;73,00;168;13;6,18;433,92;96;3588;23,6;15;98;3,49;98;0,5;3368,95;65824164;8,7;8,9;0,69;12,4
Thailand;2005;Developing;72,50;177;13;6,26;321,20;96;3526;22,6;15;98;3,55;98;0,5;2893,65;6542547;8,9;9,1;0,68;12,0
Thailand;2004;Developing;71,60;189;14;6,17;301,36;96;4165;21,7;16;98;3,51;98;0,5;2659,84;652231;9,0;9,2;0,67;11,9
Thailand;2003;Developing;71,70;189;15;6,14;282,84;96;4519;2,9;18;98;3,58;98;0,6;2358,94;64554952;9,1;9,3;0,67;11,8
Thailand;2002;Developing;71,40;192;16;5,93;27,64;95;10315;2,2;19;97;3,70;96;0,7;296,55;6473164;9,2;9,5;0,66;11,5
Thailand;2001;Developing;71,20;194;17;5,92;176,06;95;7319;19,4;20;97;3,32;96;0,8;1893,15;63543322;9,3;9,6;0,65;11,2
Thailand;2000;Developing;71,10;194;18;5,88;0,28;95;4074;18,7;21;97;3,40;97;0,8;27,56;6295821;9,4;9,7;0,64;10,9
The former Yugoslav republic of Macedonia;2015;Developing;75,70;12;0;0,00;0,00;92;1;6,3;0;92;0,00;91;0,1;0,00;0;2,1;2,1;0,75;12,9
The former Yugoslav republic of Macedonia;2014;Developing;75,50;12;0;1,13;0,00;97;116;59,7;0;96;6,48;95;0,1;0,00;0;2,2;2,2;0,74;12,9
The former Yugoslav republic of Macedonia;2013;Developing;75,30;14;0;1,03;0,00;97;4;59,1;0;98;6,70;98;0,1;0,00;0;2,2;2,2;0,74;12,9
The former Yugoslav republic of Macedonia;2012;Developing;75,10;15;0;1,23;0,00;98;7;58,5;0;97;6,76;95;0,1;0,00;0;2,2;2,2;0,74;12,9
The former Yugoslav republic of Macedonia;2011;Developing;74,90;17;0;1,16;0,00;96;701;57,9;0;97;6,61;96;0,1;0,00;0;2,2;2,3;0,74;12,9
The former Yugoslav republic of Macedonia;2010;Developing;74,70;18;0;1,47;0,00;9;217;57,4;0;95;6,83;95;0,1;0,00;0;2,3;2,3;0,73;13,0
The former Yugoslav republic of Macedonia;2009;Developing;74,40;111;0;1,77;0,00;95;5;56,9;0;96;6,74;96;0,1;0,00;0;2,3;2,4;0,73;13,0
The former Yugoslav republic of Macedonia;2008;Developing;74,20;111;0;1,72;0,00;97;27;56,4;0;96;6,85;95;0,1;0,00;0;2,4;2,4;0,71;12,2
The former Yugoslav republic of Macedonia;2007;Developing;73,50;12;0;1,75;0,00;96;1;55,9;0;96;6,90;95;0,1;0,00;0;2,4;2,5;0,71;12,2
The former Yugoslav republic of Macedonia;2006;Developing;73,70;122;0;1,74;0,00;89;3;55,4;0;92;7,61;93;0,1;0,00;0;2,5;2,5;0,70;12,1
The former Yugoslav republic of Macedonia;2005;Developing;73,60;12;0;1,75;0,00;53;5;54,9;0;98;7,95;97;0,1;0,00;0;2,5;2,6;0,00;11,9
The former Yugoslav republic of Macedonia;2004;Developing;73,50;12;0;2,07;0,00;0;9;54,5;0;95;8,64;94;0,1;0,00;0;2,6;2,6;0,00;11,9
The former Yugoslav republic of Macedonia;2003;Developing;73,20;126;0;2,40;0,00;0;18;54,1;0;96;9,17;96;0,1;0,00;0;2,7;2,7;0,00;11,9
The former Yugoslav republic of Macedonia;2002;Developing;72,80;128;0;2,53;0,00;0;19;53,6;0;97;9,10;96;0,1;0,00;0;2,7;2,7;0,00;11,9
The former Yugoslav republic of Macedonia;2001;Developing;73,10;126;0;3,27;0,00;0;27;53,2;0;91;8,18;91;0,1;0,00;0;2,8;2,8;0,00;11,8
The former Yugoslav republic of Macedonia;2000;Developing;72,60;125;0;2,86;0,00;0;36;52,7;0;96;8,52;95;0,1;0,00;0;2,8;2,8;0,00;11,7
Timor-Leste;2015;Developing;68,30;152;2;0,00;0,00;76;43;17,4;2;75;0,00;76;0,1;1161,77;124977;1,9;11,1;0,60;12,5
Timor-Leste;2014;Developing;68,00;155;2;0,01;28,15;77;47;17,0;2;76;1,48;77;0,1;1153,52;1212814;1,9;11,1;0,61;12,5
Timor-Leste;2013;Developing;67,70;158;2;0,01;3,38;82;4;16,6;2;82;1,29;82;0,1;117,77;1184366;11,1;11,2;0,62;12,5
Timor-Leste;2012;Developing;67,40;159;2;0,01;30,18;83;16;16,2;2;83;1,10;83;0,1;1117,78;115676;11,2;11,3;0,62;12,5
Timor-Leste;2011;Developing;67,20;161;2;0,50;2,73;67;763;15,8;3;66;0,76;67;0,1;114,56;1131523;11,3;11,4;0,61;12,5
Timor-Leste;2010;Developing;66,90;163;2;0,10;38,58;72;50;15,5;3;72;0,92;72;0,1;849,86;119591;11,5;11,5;0,60;12,4
Timor-Leste;2009;Developing;66,60;165;2;0,09;36,20;72;10;15,1;3;78;1,20;72;0,1;757,31;19221;11,6;11,6;0,60;12,1
Timor-Leste;2008;Developing;66,20;168;2;0,06;36,69;79;0;14,7;3;79;0,74;79;0,1;643,72;17811;11,7;11,7;0,57;11,7
Timor-Leste;2007;Developing;65,80;173;2;0,05;11,76;0;0;14,2;3;7;0,37;7;0,1;524,90;164973;11,8;11,8;0,54;11,3
Timor-Leste;2006;Developing;64,90;186;2;0,04;28,13;0;90;13,9;3;62;0,65;63;0,1;441,53;148621;11,9;11,9;0,51;11,0
Timor-Leste;2005;Developing;63,70;26;3;0,36;7,13;0;203;13,5;3;55;1,50;55;0,1;478,33;126484;12,0;11,9;0,49;10,6
Timor-Leste;2004;Developing;62,30;229;3;0,38;8,42;0;41;13,2;3;57;1,31;57;0,1;467,54;996698;12,0;12,0;0,48;10,2
Timor-Leste;2003;Developing;61,00;25;3;0,44;46,39;0;94;12,9;4;55;2,48;55;0,1;471,46;96852;12,1;12,1;0,49;9,8
Timor-Leste;2002;Developing;62,00;261;3;0,48;5,65;0;0;12,6;4;38;3,89;54;0,1;48,62;923825;12,1;12,1;0,48;9,8
Timor-Leste;2001;Developing;59,40;269;3;0,50;6,56;0;0;12,3;4;0;3,75;0;0,1;56,42;892531;12,1;12,2;0,47;9,8
Timor-Leste;2000;Developing;58,70;276;3;0,50;49,07;0;0;11,9;4;0;3,26;0;0,1;422,29;87167;12,2;12,2;0,00;0,0
Togo;2015;Developing;59,90;287;13;0,00;0,00;88;20;24,3;20;88;0,00;88;1,0;551,14;741682;6,5;6,2;0,48;12,0
Togo;2014;Developing;59,70;285;13;0,01;4,88;87;577;23,7;20;85;5,25;87;1,0;62,13;7228915;6,6;6,4;0,48;12,0
Togo;2013;Developing;59,40;287;14;0,01;48,73;84;564;23,1;20;84;5,12;84;1,5;579,43;742948;6,8;6,6;0,47;12,0
Togo;2012;Developing;58,90;294;14;0,01;41,60;84;238;22,6;21;84;5,11;84;1,7;563,69;6859482;7,0;6,8;0,46;12,0
Togo;2011;Developing;58,30;34;14;1,44;39,08;85;187;22,0;21;85;5,21;85;2,6;562,34;6679282;7,1;7,0;0,46;11,5
Togo;2010;Developing;57,40;323;14;1,21;41,96;83;120;21,4;21;83;5,37;83;3,8;487,92;652952;7,3;7,2;0,45;11,0
Togo;2009;Developing;56,70;336;14;1,24;77,10;78;425;2,9;22;78;6,64;78;4,3;499,65;633472;7,5;7,4;0,44;10,6
Togo;2008;Developing;56,20;344;14;1,33;69,36;24;187;2,4;22;8;5,73;81;4,8;513,39;6161796;7,7;7,6;0,44;10,1
Togo;2007;Developing;55,90;344;14;1,37;0,68;0;8;19,8;22;72;5,55;82;5,1;42,76;5997385;7,9;7,8;0,44;10,6
Togo;2006;Developing;55,70;345;15;1,37;6,23;0;26;19,3;22;85;5,56;84;5,0;377,34;5837792;8,1;8,0;0,44;10,2
Togo;2005;Developing;55,00;357;15;1,14;36,62;0;38;18,9;22;8;5,17;82;5,0;372,17;5683268;8,4;8,3;0,44;10,1
Togo;2004;Developing;54,90;355;15;1,01;3,99;0;61;18,4;22;71;5,60;71;5,1;349,99;5534598;8,6;8,5;0,43;10,0
Togo;2003;Developing;54,70;355;15;1,02;3,00;0;295;17,9;22;72;5,00;72;5,2;31,44;539141;8,8;8,7;0,43;9,9
Togo;2002;Developing;54,70;351;15;1,00;2,00;0;363;17,5;22;58;4,70;59;5,3;28,83;5251472;9,0;8,9;0,43;9,7
Togo;2001;Developing;54,60;345;14;0,95;2,05;0;1833;17,1;22;51;4,29;5;5,3;26,64;511177;9,2;9,1;0,43;9,4
Togo;2000;Developing;54,60;339;14;1,10;2,03;0;3578;16,6;22;63;4,35;64;5,1;26,39;497367;9,4;9,3;0,43;9,3
Tonga;2015;Developing;73,50;133;0;0,00;0,00;78;0;75,2;0;8;0,00;78;0,1;493,78;16364;0,1;0,1;0,72;14,3
Tonga;2014;Developing;73,30;135;0;0,01;565,97;8;0;74,8;0;82;5,18;8;0,1;4192,35;15782;0,1;0,1;0,72;14,3
Tonga;2013;Developing;73,20;137;0;0,01;584,94;82;0;74,3;0;84;4,98;82;0,1;4266,56;15328;0,1;0,1;0,72;14,3
Tonga;2012;Developing;73,00;138;0;0,01;63,80;77;0;73,8;0;79;4,51;77;0,1;451,54;14951;0,1;0,1;0,72;14,4
Tonga;2011;Developing;72,90;14;0;0,96;7,03;82;0;73,3;0;84;4,60;82;0,1;445,19;14577;0,1;0,1;0,71;14,4
Tonga;2010;Developing;72,80;142;0;1,24;471,83;82;0;72,7;0;84;4,59;82;0,1;3547,60;14137;0,1;0,1;0,71;14,4
Tonga;2009;Developing;72,50;147;0;1,08;4,78;84;0;72,1;0;86;4,67;84;0,1;37,85;1364;0,1;0,1;0,70;14,5
Tonga;2008;Developing;72,60;145;0;1,10;569,63;84;0;71,5;0;88;5,13;86;0,1;3392,65;135;0,1;0,1;0,70;14,5
Tonga;2007;Developing;72,50;146;0;2,05;568,87;87;0;7,8;0;88;5,82;87;0,1;2932,32;12357;0,1;0,1;0,70;14,5
Tonga;2006;Developing;72,40;148;0;1,79;503,59;89;0;7,1;0;89;5,61;88;0,1;2892,52;11689;0,1;0,1;0,70;14,6
Tonga;2005;Developing;72,30;15;0;1,57;689,94;89;0;69,4;0;9;6,52;89;0,1;2594,75;1141;0,1;0,1;0,69;14,6
Tonga;2004;Developing;72,20;151;0;1,80;423,30;9;0;68,6;0;91;4,87;9;0,1;2284,38;146;0,1;0,1;0,69;14,6
Tonga;2003;Developing;72,00;153;0;1,79;45,85;85;0;67,8;0;91;5,90;9;0,1;229,71;99789;0,1;0,1;0,68;13,7
Tonga;2002;Developing;71,90;155;0;1,51;310,82;88;0;67,0;0;85;5,30;84;0,1;1842,44;99184;0,1;0,1;0,68;13,5
Tonga;2001;Developing;71,80;157;0;1,35;330,10;91;4;66,2;0;91;5,66;89;0,1;1837,98;98611;0,1;0,1;0,67;13,2
Tonga;2000;Developing;71,60;158;0;1,24;40,49;93;0;65,5;0;91;4,75;91;0,1;263,27;9882;0,1;0,1;0,68;13,7
Trinidad and Tobago;2015;Developing;71,20;17;0;0,00;0,00;9;0;47,1;0;88;0,00;96;0,3;17321,83;13692;5,7;5,9;0,78;12,7
Trinidad and Tobago;2014;Developing;71,10;171;0;6,94;1578,87;92;0;46,0;0;94;5,93;92;0,3;19325,24;1354493;5,8;6,0;0,78;12,7
Trinidad and Tobago;2013;Developing;71,00;172;0;6,71;167,27;92;0;45,0;0;94;5,98;92;0,3;1967,83;1348248;5,8;6,0;0,77;12,7
Trinidad and Tobago;2012;Developing;78,00;174;0;6,70;1486,24;92;0;44,0;0;91;5,78;92;0,4;19152,53;1341588;5,9;6,1;0,77;12,6
Trinidad and Tobago;2011;Developing;76,00;176;0;6,50;144,99;9;0;43,0;0;91;5,60;9;0,4;1953,98;1334788;5,9;6,2;0,77;12,6
Trinidad and Tobago;2010;Developing;74,00;179;0;6,50;1389,77;9;0;42,0;0;91;5,29;9;0,4;16683,95;13281;5,9;6,3;0,77;12,5
Trinidad and Tobago;2009;Developing;71,00;183;0;6,37;128,09;9;0;41,1;0;9;6,47;9;0,2;1458,88;1321618;6,0;6,4;0,77;12,5
Trinidad and Tobago;2008;Developing;69,90;185;0;6,41;1902,69;9;0;4,2;0;91;4,40;9;0,3;21188,12;1315372;6,1;6,4;0,77;12,4
Trinidad and Tobago;2007;Developing;69,70;187;0;6,37;136,88;89;0;39,3;0;9;4,82;88;0,7;1653,18;13926;6,1;6,5;0,76;12,4
Trinidad and Tobago;2006;Developing;69,60;188;0;6,35;103,37;89;0;38,4;0;89;4,49;92;0,6;1495,96;133144;6,2;6,6;0,75;12,3
Trinidad and Tobago;2005;Developing;69,50;189;0;6,12;1187,95;95;0;37,6;0;95;5,31;95;0,5;12323,13;1296934;6,3;6,7;0,75;12,3
Trinidad and Tobago;2004;Developing;69,40;19;0;5,82;11,85;94;0;36,8;0;94;5,22;94;1,0;129,52;129535;6,3;6,8;0,74;12,2
Trinidad and Tobago;2003;Developing;69,30;191;0;5,53;78,72;76;0;36,0;1;91;5,13;91;0,5;884,52;128452;6,4;6,9;0,73;12,0
Trinidad and Tobago;2002;Developing;69,20;192;0;5,12;72,04;5;0;35,2;1;96;5,00;96;2,0;749,63;1277837;6,5;7,0;0,72;11,9
Trinidad and Tobago;2001;Developing;69,10;194;0;4,55;516,71;0;0;34,4;1;91;4,40;91;1,2;6935,72;127238;6,6;7,1;0,72;11,8
Trinidad and Tobago;2000;Developing;69,10;197;0;4,68;43,60;0;0;33,6;1;9;4,17;9;0,9;643,95;1267984;6,7;7,2;0,71;11,7
Tunisia;2015;Developing;75,30;1;3;0,00;0,00;98;16;61,2;3;98;0,00;98;0,1;3828,92;11273661;6,5;6,4;0,72;14,6
Tunisia;2014;Developing;75,10;12;3;1,39;604,87;98;15;6,2;3;98;7,00;98;0,1;4271,68;1114398;6,5;6,4;0,72;14,7
Tunisia;2013;Developing;74,90;13;3;1,29;594,65;98;16;59,3;3;98;7,26;98;0,1;4199,47;1114558;6,4;6,3;0,72;14,7
Tunisia;2012;Developing;74,90;13;3;1,30;585,88;97;48;58,3;3;97;7,18;97;0,1;4137,55;1886668;6,4;6,3;0,72;14,6
Tunisia;2011;Developing;74,80;13;3;1,29;623,21;98;11;57,4;3;98;7,15;98;0,1;4256,91;1761467;6,4;6,3;0,71;14,5
Tunisia;2010;Developing;74,80;12;3;1,28;64,86;98;1;56,5;3;98;6,54;98;0,1;414,15;1639931;6,3;6,3;0,71;14,4
Tunisia;2009;Developing;74,70;12;3;1,40;585,63;99;1;55,6;3;99;6,18;99;0,1;4129,98;1521834;6,3;6,3;0,71;14,4
Tunisia;2008;Developing;74,70;12;3;1,37;53,08;99;2;54,7;3;99;5,63;99;0,1;431,93;147336;6,3;6,3;0,70;14,3
Tunisia;2007;Developing;74,60;12;3;1,24;469,63;98;4;53,9;4;98;5,64;98;0,1;3778,18;129887;6,3;6,3;0,70;14,3
Tunisia;2006;Developing;74,40;12;3;1,46;420,12;99;3;53,1;4;99;5,64;99;0,1;3371,71;1196136;6,3;6,3;0,69;14,2
Tunisia;2005;Developing;74,20;14;3;1,37;379,51;97;15;52,2;4;98;5,57;98;0,1;3194,56;112482;6,4;6,3;0,68;13,9
Tunisia;2004;Developing;74,00;15;3;1,36;379,77;96;1;51,4;4;97;5,63;97;0,1;3112,84;11761;6,4;6,3;0,67;13,6
Tunisia;2003;Developing;73,70;17;4;1,34;321,77;92;22;5,6;4;95;5,36;95;0,1;2761,97;9939678;6,4;6,3;0,67;13,5
Tunisia;2002;Developing;73,50;19;4;1,17;262,82;93;98;49,7;5;96;5,32;96;0,1;2346,59;9864326;6,5;6,4;0,66;13,3
Tunisia;2001;Developing;73,20;11;4;1,19;257,29;94;231;48,9;5;98;5,29;98;0,1;2254,93;978571;6,5;6,4;0,65;13,1
Tunisia;2000;Developing;72,90;112;4;1,21;264,78;94;47;48,1;5;97;5,40;97;0,1;2213,91;9699197;6,6;6,5;0,65;12,8
Turkey;2015;Developing;75,80;16;15;0,00;0,00;97;342;66,1;18;97;0,00;97;0,1;1979,53;78271472;4,9;4,8;0,76;14,5
Turkey;2014;Developing;75,50;17;16;1,45;181,91;96;565;65,3;19;96;5,41;96;0,1;12127,23;773628;4,9;4,7;0,76;14,5
Turkey;2013;Developing;75,20;19;17;1,41;188,14;97;7405;64,5;20;98;5,38;98;0,1;12542,94;75787333;4,9;4,7;0,75;14,4
Turkey;2012;Developing;74,80;112;19;1,54;20,75;97;349;63,7;22;97;5,24;97;0,1;1172,38;74569867;4,9;4,7;0,75;14,3
Turkey;2011;Developing;74,50;114;20;1,53;1275,88;96;111;62,8;23;97;5,29;97;0,1;11341,13;7349455;4,9;4,7;0,74;13,8
Turkey;2010;Developing;74,20;116;21;1,49;32,78;96;7;61,9;25;97;5,61;97;0,1;1672,57;72326914;4,9;4,7;0,72;13,0
Turkey;2009;Developing;73,90;118;23;1,40;106,95;94;4;61,1;27;96;6,80;96;0,1;936,50;71339185;4,9;4,8;0,71;12,5
Turkey;2008;Developing;73,50;121;25;1,39;22,67;92;0;6,2;29;96;6,70;96;0,1;185,69;74432;5,0;4,8;0,71;12,5
Turkey;2007;Developing;73,20;124;26;1,26;115,58;96;3;59,3;31;96;6,40;96;0,1;979,49;69597281;5,0;4,8;0,70;12,3
Turkey;2006;Developing;72,80;126;28;1,29;103,52;82;34;58,5;34;9;5,81;9;0,1;834,87;6876345;5,0;4,8;0,69;11,9
Turkey;2005;Developing;72,40;129;30;1,29;832,96;85;6200;57,6;36;9;5,45;9;0,1;7384,35;679346;5,0;4,9;0,68;11,9
Turkey;2004;Developing;72,00;132;33;1,35;1,13;77;8927;56,8;39;85;5,37;85;0,1;64,73;677855;5,1;4,9;0,68;12,0
Turkey;2003;Developing;71,60;135;35;1,42;459,11;68;5844;55,9;43;69;5,34;68;0,1;4718,51;668583;5,1;5,0;0,67;11,9
Turkey;2002;Developing;71,20;138;38;1,47;35,56;72;7823;55,1;46;78;5,36;78;0,1;366,57;6514354;5,2;5,0;0,66;11,5
Turkey;2001;Developing;78,00;14;41;1,49;256,43;77;30509;54,3;50;88;5,16;88;0,1;3119,64;64191474;5,2;5,1;0,65;11,1
Turkey;2000;Developing;74,00;143;44;1,54;421,30;71;16244;53,5;54;85;4,95;85;0,1;4316,55;6324121;5,3;5,2;0,64;10,7
Turkmenistan;2015;Developing;66,30;215;6;0,00;0,00;99;0;48,6;7;99;0,00;99;0,1;6432,67;5565284;3,3;3,3;0,69;10,8
Turkmenistan;2014;Developing;66,00;217;7;2,90;691,13;97;0;47,7;8;98;2,70;98;0,1;7962,37;5466241;3,3;3,3;0,68;10,8
Turkmenistan;2013;Developing;65,40;228;7;2,93;63,75;98;0;46,7;8;98;2,12;98;0,1;734,43;5366277;3,2;3,3;0,68;10,7
Turkmenistan;2012;Developing;65,60;22;7;2,75;579,41;98;0;45,9;8;98;1,96;97;0,1;6675,26;5267839;3,2;3,3;0,67;10,7
Turkmenistan;2011;Developing;65,60;217;7;2,55;490,42;97;0;45,0;8;97;1,98;97;0,1;5649,98;517461;3,2;3,3;0,67;10,6
Turkmenistan;2010;Developing;65,80;211;7;2,48;385,33;96;0;44,2;8;96;1,99;96;0,1;4439,23;58721;3,2;3,3;0,00;10,6
Turkmenistan;2009;Developing;65,60;215;6;2,35;37,88;97;0;43,4;8;97;1,88;96;0,1;436,46;5795;3,2;3,3;0,00;10,5
Turkmenistan;2008;Developing;64,50;235;6;2,40;34,24;96;0;42,7;8;96;1,93;96;0,1;394,47;4935762;3,2;3,3;0,00;10,5
Turkmenistan;2007;Developing;64,10;241;6;2,58;0,36;98;59;42,0;8;98;2,16;98;0,1;26,37;487137;3,3;3,3;0,00;10,4
Turkmenistan;2006;Developing;63,70;245;6;2,71;29,27;98;48;41,3;8;98;2,90;98;0,1;2136,67;48115;3,3;3,3;0,00;10,4
Turkmenistan;2005;Developing;63,30;248;6;2,85;2,20;99;0;4,7;8;99;3,51;99;0,1;174,51;4754641;3,4;3,4;0,00;10,3
Turkmenistan;2004;Developing;63,50;238;6;2,86;186,10;96;1;4,0;8;98;4,30;97;0,1;1453,92;473398;3,4;3,4;0,00;10,3
Turkmenistan;2003;Developing;63,40;231;7;2,88;179,62;97;1;39,4;8;66;3,85;83;0,1;1283,89;4655741;3,5;3,4;0,00;10,3
Turkmenistan;2002;Developing;63,30;229;7;2,33;130,38;96;11;38,7;8;99;3,34;98;0,1;967,92;4612;3,5;3,5;0,00;10,2
Turkmenistan;2001;Developing;64,00;221;7;2,35;106,18;0;9;38,1;9;94;3,87;95;0,1;774,48;45648;3,6;3,5;0,00;10,2
Turkmenistan;2000;Developing;63,80;224;7;2,90;88,24;0;113;37,5;9;98;3,94;97;0,1;643,18;4516131;3,6;3,6;0,00;0,0
Tuvalu;2013;Developing;0,00;0;0;0,01;78,28;9;0;79,3;0;9;16,61;9;0,1;3542,14;1819;0,2;0,1;0,00;0,0
Uganda;2015;Developing;62,30;291;66;0,00;0,00;78;478;18,5;93;82;0,00;78;3,1;693,90;414487;5,6;5,6;0,49;10,0
Uganda;2014;Developing;61,50;38;68;0,01;14,17;78;314;18,1;97;82;7,22;78;3,2;719,17;38833338;5,7;5,6;0,48;10,0
Uganda;2013;Developing;67,00;325;71;0,01;90,76;78;7878;17,6;103;82;7,47;78;4,0;662,49;37553726;5,7;5,7;0,48;10,0
Uganda;2012;Developing;60,00;339;73;0,01;92,89;78;2027;17,2;109;82;7,58;78;4,6;647,75;3636796;5,8;5,8;0,48;10,0
Uganda;2011;Developing;59,30;347;76;10,22;94,50;82;3312;16,7;114;82;9,90;82;6,8;584,40;3593648;5,9;5,9;0,48;10,7
Uganda;2010;Developing;58,40;362;79;10,03;116,20;8;1313;16,3;119;79;11,20;8;8,0;595,00;33915133;6,0;6,0;0,47;10,9
Uganda;2009;Developing;57,50;378;82;9,63;87,05;79;1601;15,9;124;78;8,43;79;8,1;647,18;32771895;6,1;6,1;0,46;10,8
Uganda;2008;Developing;56,30;41;84;9,79;72,85;71;1319;15,6;130;69;9,10;71;8,2;449,69;31663896;6,2;6,2;0,45;10,6
Uganda;2007;Developing;55,50;41;88;9,65;6,00;73;3776;15,2;137;7;9,76;73;8,4;41,86;359487;6,3;6,3;0,44;10,3
Uganda;2006;Developing;54,90;41;93;9,81;50,84;64;5736;14,8;145;62;9,86;64;8,6;336,46;2955662;6,4;6,4;0,43;10,6
Uganda;2005;Developing;53,20;446;99;10,09;44,53;64;22;14,5;155;59;9,36;64;8,7;315,79;2854394;6,5;6,5;0,43;10,9
Uganda;2004;Developing;51,30;485;104;9,89;36,61;62;141;14,2;164;58;8,90;62;8,9;288,24;27568436;6,6;6,6;0,43;11,6
Uganda;2003;Developing;51,00;53;109;10,16;4,43;44;29429;13,9;173;57;7,54;59;9,4;238,00;2662482;6,7;6,7;0,42;11,5
Uganda;2002;Developing;48,80;523;112;10,42;2,69;29;49871;13,6;181;57;7,78;57;10,0;24,24;2571848;6,8;6,8;0,40;11,0
Uganda;2001;Developing;47,70;539;115;10,57;26,98;0;48543;13,3;187;56;7,26;55;10,8;234,98;24854892;6,9;6,9;0,40;10,8
Uganda;2000;Developing;46,60;554;116;10,47;22,59;0;42554;13,0;191;55;6,77;52;11,6;257,63;2439274;7,0;7,0;0,38;9,8
Ukraine;2015;Developing;71,30;195;4;0,00;0,00;22;105;61,3;5;51;0,00;23;0,2;2124,66;4515429;2,3;2,4;0,75;15,3
Ukraine;2014;Developing;78,00;23;4;8,06;5,66;22;0;6,7;5;45;7,10;23;0,2;314,66;45271947;2,3;2,4;0,75;15,2
Ukraine;2013;Developing;71,00;198;4;8,44;52,43;46;0;6,1;5;72;7,67;76;0,2;429,72;454896;2,3;2,4;0,74;15,2
Ukraine;2012;Developing;77,00;25;5;8,44;453,78;46;12746;59,6;5;72;7,47;76;0,2;3855,42;455933;2,4;2,4;0,74;15,1
Ukraine;2011;Developing;75,00;24;5;8,48;415,16;21;1333;59,0;5;54;6,98;5;0,2;3569,76;45761;2,4;2,5;0,73;14,9
Ukraine;2010;Developing;69,80;212;5;8,39;375,68;48;39;58,5;6;57;7,81;52;0,2;2965,14;45877;2,4;2,5;0,73;14,9
Ukraine;2009;Developing;69,20;231;5;8,71;324,55;66;0;58,0;6;74;7,80;71;0,3;2545,48;46533;2,5;2,6;0,73;14,9
Ukraine;2008;Developing;67,70;273;5;9,46;456,46;84;48;57,6;6;91;6,63;9;0,4;3891,38;462582;2,5;2,6;0,73;14,9
Ukraine;2007;Developing;67,50;277;5;8,86;46,20;92;1005;57,2;6;98;6,36;98;0,7;368,69;465935;2,5;2,7;0,72;14,8
Ukraine;2006;Developing;67,70;267;5;7,99;29,38;96;42724;56,8;6;99;6,39;98;0,8;233,19;4678775;2,6;2,7;0,72;14,7
Ukraine;2005;Developing;67,00;278;5;7,31;217,43;97;2392;56,4;6;95;6,41;96;0,9;1828,72;471515;2,7;2,8;0,71;14,5
Ukraine;2004;Developing;67,40;267;5;6,79;180,35;98;146;56,1;6;99;6,61;99;1,0;1367,35;474516;2,7;2,8;0,70;14,6
Ukraine;2003;Developing;67,60;256;6;5,92;21,22;77;411;55,7;6;99;6,93;97;0,9;148,52;4781295;2,8;2,9;0,69;14,3
Ukraine;2002;Developing;67,60;256;6;4,89;115,74;48;7587;55,4;7;99;6,25;99;0,9;879,48;48225;2,9;3,0;0,68;13,9
Ukraine;2001;Developing;67,70;253;6;4,31;8,90;7;16970;55,1;7;99;5,66;99;0,8;78,74;48683865;2,9;3,0;0,67;13,2
Ukraine;2000;Developing;67,50;257;6;4,49;7,88;4;817;54,8;8;99;5,59;99;0,7;635,79;49175848;3,0;3,1;0,67;13,3
United Arab Emirates;2015;Developing;77,10;75;1;0,00;0,00;99;347;64,2;1;99;0,00;99;0,1;3911,75;0;5,3;5,1;0,84;13,3
United Arab Emirates;2014;Developing;76,90;77;1;1,91;3862,68;99;344;62,4;1;99;3,64;99;0,1;44449,74;0;5,2;5,0;0,83;13,3
United Arab Emirates;2013;Developing;76,70;78;1;1,82;377,20;98;0;6,5;1;98;3,49;98;0,1;4335,64;0;5,2;5,0;0,83;13,3
United Arab Emirates;2012;Developing;76,50;8;1;1,75;3663,76;96;132;58,6;1;96;3,45;96;0,1;42112,24;0;5,1;5,0;0,83;13,3
United Arab Emirates;2011;Developing;76,30;81;1;1,73;387,77;95;0;57,1;1;95;3,70;95;0,1;4462,31;0;5,1;4,9;0,82;13,3
United Arab Emirates;2010;Developing;76,20;82;1;1,69;308,07;94;87;55,8;1;94;3,93;94;0,1;3549,15;0;5,1;4,9;0,83;13,3
United Arab Emirates;2009;Developing;76,00;84;1;1,73;292,40;93;0;55,1;1;94;4,50;93;0,1;3372,58;0;5,1;4,9;0,83;13,2
United Arab Emirates;2008;Developing;75,80;85;1;1,86;4003,91;92;55;54,8;1;94;2,93;92;0,1;45758,96;0;5,1;4,9;0,83;13,1
United Arab Emirates;2007;Developing;75,60;87;1;1,69;3759,46;92;0;55,1;1;94;2,57;92;0,1;42672,61;0;5,1;4,9;0,83;12,9
United Arab Emirates;2006;Developing;75,40;89;1;1,74;3749,94;92;0;55,8;1;94;2,33;92;0,1;42372,22;0;5,1;4,9;0,82;12,8
United Arab Emirates;2005;Developing;75,30;92;1;1,79;3427,32;92;29;56,6;1;94;2,32;94;0,1;39439,82;0;5,1;4,9;0,82;12,6
United Arab Emirates;2004;Developing;75,10;95;1;1,77;2972,45;92;22;57,0;1;94;2,46;94;0,1;36161,18;0;5,2;4,9;0,81;12,4
United Arab Emirates;2003;Developing;74,90;98;1;1,74;277,18;92;42;56,8;1;94;2,65;94;0,1;3323,52;0;5,2;5,0;0,81;12,3
United Arab Emirates;2002;Developing;74,70;11;1;1,72;2598,84;92;53;56,0;1;94;2,72;94;0,1;31311,36;0;5,3;5,0;0,80;12,1
United Arab Emirates;2001;Developing;74,50;14;1;1,67;243,75;92;30;55,0;1;94;2,48;94;0,1;3161,53;0;5,3;5,1;0,80;12,0
United Arab Emirates;2000;Developing;74,20;17;1;1,64;262,96;92;69;54,1;1;94;2,38;94;0,1;3371,27;0;5,4;5,1;0,79;11,8
United Kingdom of Great Britain and Northern Ireland;2015;Developed;81,20;69;3;10,66;0,00;0;91;66,6;4;96;0,00;96;0,1;0,00;0;0,8;0,6;0,00;0,0
United Kingdom of Great Britain and Northern Ireland;2014;Developed;81,00;71;3;10,37;0,00;0;133;66,0;4;95;9,12;95;0,1;0,00;0;0,8;0,5;0,00;0,0
United Kingdom of Great Britain and Northern Ireland;2013;Developed;87,00;72;3;10,32;0,00;0;1919;65,4;4;95;9,34;95;0,1;0,00;0;0,8;0,5;0,00;0,0
United Kingdom of Great Britain and Northern Ireland;2012;Developed;86,00;72;3;10,42;0,00;0;2092;64,8;4;95;9,41;95;0,1;0,00;0;0,8;0,5;0,00;0,0
United Kingdom of Great Britain and Northern Ireland;2011;Developed;86,00;74;3;10,68;0,00;0;1112;64,2;4;95;9,34;95;0,1;0,00;0;0,8;0,5;0,00;0,0
United Kingdom of Great Britain and Northern Ireland;2010;Developed;82,00;77;3;10,88;0,00;0;443;63,6;4;94;9,51;94;0,1;0,00;0;0,8;0,5;0,00;0,0
United Kingdom of Great Britain and Northern Ireland;2009;Developed;81,00;78;4;10,79;0,00;0;1212;63,1;4;93;9,81;93;0,1;0,00;0;0,8;0,5;0,00;0,0
United Kingdom of Great Britain and Northern Ireland;2008;Developed;79,60;8;4;11,47;0,00;0;1445;62,5;4;92;8,85;92;0,1;0,00;0;0,8;0,5;0,00;0,0
United Kingdom of Great Britain and Northern Ireland;2007;Developed;79,50;8;4;11,84;0,00;0;1022;61,9;4;92;8,42;92;0,1;0,00;0;0,7;0,5;0,00;0,0
United Kingdom of Great Britain and Northern Ireland;2006;Developed;79,30;82;4;11,61;0,00;0;764;61,3;4;92;8,36;92;0,1;0,00;0;0,7;0,5;0,00;0,0
United Kingdom of Great Britain and Northern Ireland;2005;Developed;79,00;82;4;12,05;0,00;0;79;6,7;4;91;8,24;91;0,1;0,00;0;0,7;0,5;0,00;0,0
United Kingdom of Great Britain and Northern Ireland;2004;Developed;78,80;83;4;12,22;0,00;0;189;6,1;4;92;7,98;92;0,1;0,00;0;0,7;0,5;0,00;0,0
United Kingdom of Great Britain and Northern Ireland;2003;Developed;78,30;86;4;11,85;0,00;0;460;59,5;4;91;7,81;91;0,1;0,00;0;0,7;0,5;0,00;0,0
United Kingdom of Great Britain and Northern Ireland;2002;Developed;78,20;87;4;11,44;0,00;0;314;58,8;4;91;7,57;91;0,1;0,00;0;0,7;0,5;0,00;0,0
United Kingdom of Great Britain and Northern Ireland;2001;Developed;78,00;88;4;10,91;0,00;0;73;58,2;4;91;7,31;91;0,1;0,00;0;0,7;0,5;0,00;0,0
United Kingdom of Great Britain and Northern Ireland;2000;Developed;77,80;89;4;10,59;0,00;0;104;57,5;5;91;6,94;91;0,1;0,00;0;0,7;0,5;0,00;0,0
United Republic of Tanzania;2015;Developing;61,80;279;85;0,00;0,00;98;30;23,8;119;96;0,00;98;1,4;0,00;0;6,7;6,5;0,00;0,0
United Republic of Tanzania;2014;Developing;67,00;34;86;0,01;0,00;97;88;23,2;121;97;5,58;97;1,4;0,00;0;6,8;6,6;0,00;0,0
United Republic of Tanzania;2013;Developing;59,70;323;86;4,20;0,00;91;185;22,5;124;91;5,57;91;2,1;0,00;0;6,8;6,7;0,00;0,0
United Republic of Tanzania;2012;Developing;58,60;348;87;3,98;0,00;92;1668;21,9;126;9;5,72;92;2,4;0,00;0;6,9;6,8;0,00;0,0
United Republic of Tanzania;2011;Developing;58,30;348;88;4,04;0,00;9;1622;21,3;128;88;5,72;9;3,1;0,00;0;7,0;6,9;0,00;0,0
United Republic of Tanzania;2010;Developing;57,50;36;89;4,19;0,00;91;167;2,7;131;94;5,30;91;4,6;0,00;0;7,1;7,1;0,00;0,0
United Republic of Tanzania;2009;Developing;56,90;368;91;3,97;0,00;85;1574;2,2;135;88;3,97;85;6,4;0,00;0;7,2;7,2;0,00;0,0
United Republic of Tanzania;2008;Developing;56,20;376;92;3,44;0,00;86;3413;19,6;138;89;4,21;86;7,4;0,00;0;7,3;7,3;0,00;0,0
United Republic of Tanzania;2007;Developing;54,50;411;94;4,40;0,00;83;7726;19,1;141;88;4,72;83;8,5;0,00;0;7,5;7,4;0,00;0,0
United Republic of Tanzania;2006;Developing;53,10;437;96;4,07;0,00;9;2362;18,6;145;91;6,86;9;9,4;0,00;0;7,6;7,5;0,00;0,0
United Republic of Tanzania;2005;Developing;52,20;449;97;3,94;0,00;9;23;18,1;149;91;4,66;9;10,0;0,00;0;7,7;7,6;0,00;0,0
United Republic of Tanzania;2004;Developing;51,50;454;100;3,81;0,00;95;1419;17,7;154;95;4,10;95;10,8;0,00;0;7,8;7,8;0,00;0,0
United Republic of Tanzania;2003;Developing;58,00;459;103;2,34;0,00;95;1673;17,2;160;97;4,60;95;11,5;0,00;0;7,9;7,9;0,00;0,0
United Republic of Tanzania;2002;Developing;52,00;46;106;3,37;0,00;89;5131;16,8;166;91;3,59;89;12,1;0,00;0;8,0;8,0;0,00;0,0
United Republic of Tanzania;2001;Developing;49,60;46;110;4,09;0,00;0;11847;16,4;173;65;3,28;87;12,5;0,00;0;8,2;8,1;0,00;0,0
United Republic of Tanzania;2000;Developing;49,20;457;114;3,89;0,00;0;14649;16,0;181;64;2,64;79;12,8;0,00;0;8,3;8,3;0,00;0,0
United States of America;2015;Developed;79,30;13;23;0,00;0,00;92;188;69,6;26;93;0,00;95;0,1;0,00;0;0,8;0,6;0,00;0,0
United States of America;2014;Developed;79,10;14;23;8,82;0,00;92;667;69,1;27;93;17,14;95;0,1;0,00;0;0,8;0,6;0,00;0,0
United States of America;2013;Developed;78,90;16;23;8,82;0,00;91;187;68,6;27;93;16,90;94;0,1;0,00;0;0,7;0,6;0,00;0,0
United States of America;2012;Developed;78,80;16;24;8,82;0,00;9;55;68,0;28;93;17,20;94;0,1;0,00;0;0,7;0,6;0,00;0,0
United States of America;2011;Developed;78,70;16;25;8,67;0,00;91;220;67,5;29;94;17,60;96;0,1;0,00;0;0,7;0,6;0,00;0,0
United States of America;2010;Developed;78,70;15;25;8,55;0,00;92;63;66,9;30;93;17,20;95;0,1;0,00;0;0,7;0,6;0,00;0,0
United States of America;2009;Developed;78,50;18;26;8,71;0,00;92;71;66,3;31;93;17,00;95;0,1;0,00;0;0,7;0,6;0,00;0,0
United States of America;2008;Developed;78,20;18;27;8,74;0,00;94;140;65,7;31;94;16,20;96;0,1;0,00;0;0,7;0,6;0,00;0,0
United States of America;2007;Developed;78,10;11;27;8,74;0,00;93;43;65,1;32;93;15,57;96;0,1;0,00;0;0,7;0,6;0,00;0,0
United States of America;2006;Developed;77,80;113;28;8,63;0,00;93;55;64,4;33;93;15,27;96;0,1;0,00;0;0,7;0,6;0,00;0,0
United States of America;2005;Developed;77,50;112;28;8,52;0,00;93;66;63,8;33;92;15,15;96;0,1;0,00;0;0,7;0,6;0,00;0,0
United States of America;2004;Developed;77,50;111;28;8,48;0,00;92;37;63,1;33;92;15,14;96;0,1;0,00;0;0,7;0,6;0,00;0,0
United States of America;2003;Developed;77,20;114;28;8,40;0,00;92;56;62,4;33;91;15,60;96;0,1;0,00;0;0,7;0,6;0,00;0,0
United States of America;2002;Developed;77,00;115;28;8,33;0,00;88;41;61,7;33;9;14,55;94;0,1;0,00;0;0,8;0,6;0,00;0,0
United States of America;2001;Developed;76,90;115;28;8,25;0,00;89;116;6,9;33;89;13,73;94;0,1;0,00;0;0,8;0,6;0,00;0,0
United States of America;2000;Developed;76,80;114;28;8,21;0,00;9;85;6,1;33;9;13,70;94;0,1;0,00;0;0,8;0,7;0,00;0,0
Uruguay;2015;Developing;77,00;116;0;0,00;0,00;95;0;64,0;0;95;0,00;95;0,1;15524,84;3431552;1,5;1,4;0,79;15,5
Uruguay;2014;Developing;76,80;117;0;6,03;463,64;95;0;63,4;0;95;8,58;95;0,1;16737,90;3419546;1,5;1,4;0,79;15,5
Uruguay;2013;Developing;76,80;117;0;5,82;482,80;94;0;62,9;0;94;8,68;94;0,1;16881,26;3485;1,5;1,4;0,79;15,5
Uruguay;2012;Developing;76,50;118;0;5,77;339,72;95;0;62,3;0;95;8,74;95;0,1;1592,68;3396777;1,5;1,5;0,78;15,5
Uruguay;2011;Developing;77,00;111;0;5,97;417,91;95;0;61,8;1;95;8,55;95;0,1;14166,50;3385624;1,5;1,5;0,78;15,5
Uruguay;2010;Developing;76,30;118;0;6,21;2331,53;95;0;61,2;1;95;8,63;95;0,1;11938,21;3374415;1,5;1,5;0,78;15,6
Uruguay;2009;Developing;76,60;118;0;6,67;1871,74;95;0;6,7;1;95;8,78;95;0,1;9415,17;3362755;1,5;1,5;0,77;15,5
Uruguay;2008;Developing;76,40;119;1;6,76;24,73;94;0;6,1;1;94;8,17;94;0,1;962,31;335824;1,6;1,5;0,77;15,7
Uruguay;2007;Developing;75,40;124;1;6,67;14,47;94;0;59,5;1;94;8,23;94;0,1;79,70;3339741;1,6;1,5;0,76;15,3
Uruguay;2006;Developing;76,20;117;1;6,58;1712,23;95;0;58,9;1;95;11,17;95;0,1;5877,88;333143;1,6;1,6;0,76;15,2
Uruguay;2005;Developing;75,70;123;1;6,35;152,54;96;0;58,3;1;96;11,15;96;0,1;522,95;3325612;1,6;1,6;0,75;15,5
Uruguay;2004;Developing;75,40;122;1;5,66;882,36;94;0;57,7;1;95;11,59;94;0,1;4117,39;332496;1,7;1,6;0,75;15,5
Uruguay;2003;Developing;75,40;121;1;5,11;160,84;91;0;57,0;1;91;6,52;91;0,1;3622,52;3325637;1,7;1,6;0,75;15,0
Uruguay;2002;Developing;75,40;124;1;5,86;27,47;95;0;56,3;1;93;7,18;95;0,1;488,77;3327773;1,7;1,7;0,75;14,7
Uruguay;2001;Developing;75,20;123;1;6,48;421,48;94;0;55,7;1;94;7,46;94;0,1;6281,38;332713;1,8;1,7;0,74;14,2
Uruguay;2000;Developing;75,10;131;1;6,65;645,96;92;0;55,0;1;92;7,82;9;0,1;6871,90;3321245;1,8;1,7;0,74;14,0
Uzbekistan;2015;Developing;69,40;184;15;0,00;0,00;99;22;44,7;17;99;0,00;99;0,1;2137,58;312989;3,0;3,1;0,70;12,1
Uzbekistan;2014;Developing;69,20;184;16;0,01;0,44;99;8;43,9;18;99;5,84;99;0,1;25,45;37577;3,0;3,1;0,69;12,1
Uzbekistan;2013;Developing;69,10;185;17;0,01;19,16;99;0;43,0;19;99;6,32;99;0,1;197,55;32432;3,0;3,1;0,68;12,0
Uzbekistan;2012;Developing;68,80;184;18;0,01;16,71;99;0;42,2;21;99;6,49;99;0,1;174,47;297745;3,0;3,1;0,67;12,0
Uzbekistan;2011;Developing;68,50;183;19;2,83;140,69;99;476;41,4;22;99;5,65;99;0,1;1564,97;293394;3,0;3,1;0,66;12,0
Uzbekistan;2010;Developing;68,30;183;20;2,73;119,46;99;117;4,7;23;99;5,34;99;0,2;1377,82;285624;3,0;3,1;0,66;11,9
Uzbekistan;2009;Developing;68,00;183;21;2,56;92,81;98;0;4,0;24;99;6,31;98;0,2;1213,27;277674;3,1;3,1;0,65;11,8
Uzbekistan;2008;Developing;67,90;184;22;2,36;13,89;91;2;39,3;25;98;5,92;98;0,3;182,29;27328;3,1;3,1;0,64;11,9
Uzbekistan;2007;Developing;67,80;184;22;2,15;9,29;99;863;38,7;26;98;5,81;96;0,3;83,48;26868;3,1;3,1;0,63;11,8
Uzbekistan;2006;Developing;67,60;185;23;1,96;77,27;98;823;38,1;27;94;5,49;96;0,4;654,28;2648825;3,2;3,2;0,63;11,8
Uzbekistan;2005;Developing;67,30;192;24;1,78;40,13;99;737;37,5;28;99;5,11;99;0,3;546,78;26167;3,2;3,2;0,62;11,7
Uzbekistan;2004;Developing;67,80;183;24;1,59;34,42;99;75;37,0;29;99;5,11;99;0,3;465,12;2586435;3,2;3,2;0,61;11,6
Uzbekistan;2003;Developing;67,20;183;25;1,54;28,52;99;85;36,4;30;99;5,17;98;0,3;396,13;2556765;3,3;3,3;0,61;11,3
Uzbekistan;2002;Developing;67,10;186;27;1,47;24,99;62;25;35,9;32;99;5,44;99;0,2;383,35;2527185;3,3;3,3;0,60;11,0
Uzbekistan;2001;Developing;67,40;185;28;1,53;43,66;0;22;35,3;34;99;5,28;99;0,2;456,73;2496445;3,4;3,3;0,59;10,7
Uzbekistan;2000;Developing;67,10;189;30;1,60;48,51;0;80;34,8;36;99;5,29;99;0,1;558,22;24654;3,4;3,4;0,00;10,6
Vanuatu;2015;Developing;72,00;13;0;0,00;0,00;64;39;53,3;0;65;0,00;64;0,1;285,83;26463;1,5;1,4;0,60;10,8
Vanuatu;2014;Developing;71,70;134;0;0,01;564,82;64;10;52,5;0;65;5,20;64;0,1;3148,37;25885;1,5;1,4;0,60;10,8
Vanuatu;2013;Developing;71,60;135;0;0,01;447,55;64;0;51,7;0;65;3,92;64;0,1;3167,34;253142;1,5;1,4;0,59;10,8
Vanuatu;2012;Developing;71,40;138;0;0,01;427,99;64;0;5,8;0;65;3,70;64;0,1;3158,59;247485;1,5;1,4;0,59;10,8
Vanuatu;2011;Developing;71,20;141;0;0,85;457,97;63;0;49,9;0;65;3,85;65;0,1;3275,92;241871;1,5;1,4;0,59;10,8
Vanuatu;2010;Developing;71,00;145;0;0,91;471,86;62;0;49,1;0;66;4,71;65;0,1;2965,82;236295;1,5;1,4;0,59;10,8
Vanuatu;2009;Developing;78,00;149;0;0,83;361,09;62;0;48,2;0;66;3,90;66;0,1;2643,44;23785;1,5;1,5;0,59;10,7
Vanuatu;2008;Developing;75,00;153;0;1,18;345,34;61;0;47,4;0;66;3,66;67;0,1;2697,96;22534;1,5;1,5;0,58;10,7
Vanuatu;2007;Developing;73,00;157;0;1,01;342,49;6;0;46,6;0;67;3,67;67;0,1;2393,37;219953;1,6;1,5;0,58;10,7
Vanuatu;2006;Developing;71,00;161;0;1,00;43,20;59;0;45,7;0;67;3,96;68;0,1;247,98;214634;1,6;1,5;0,57;10,6
Vanuatu;2005;Developing;69,90;165;0;0,88;337,29;61;3;44,9;0;67;3,87;68;0,1;1886,43;2937;1,6;1,5;0,00;10,6
Vanuatu;2004;Developing;69,60;169;0;0,85;334,17;63;0;44,1;0;67;4,12;69;0,1;1787,95;24143;1,6;1,5;0,00;10,7
Vanuatu;2003;Developing;69,40;173;0;1,20;27,30;64;165;43,3;0;67;4,20;69;0,1;158,53;198964;1,6;1,6;0,00;10,4
Vanuatu;2002;Developing;69,30;176;0;1,24;171,14;66;101;42,6;0;67;3,52;7;0,1;1353,93;193956;1,7;1,6;0,00;10,2
Vanuatu;2001;Developing;69,10;179;0;0,91;163,11;68;7;41,9;0;67;3,37;7;0,1;1362,62;18929;1,7;1,6;0,00;10,1
Vanuatu;2000;Developing;69,00;18;0;1,21;21,90;7;9;41,1;0;67;3,28;71;0,1;1469,85;18563;1,7;1,7;0,00;9,6
Venezuela (Bolivarian Republic of);2015;Developing;74,10;157;9;0,00;0,00;87;0;62,1;10;87;0,00;87;0,1;0,00;0;1,6;1,5;0,77;14,3
Venezuela (Bolivarian Republic of);2014;Developing;73,90;158;9;6,47;0,00;78;0;61,5;10;79;5,26;78;0,1;0,00;0;1,6;1,5;0,77;14,2
Venezuela (Bolivarian Republic of);2013;Developing;73,80;159;9;6,71;0,00;82;0;61,0;10;82;4,94;82;0,1;0,00;0;1,6;1,5;0,77;14,2
Venezuela (Bolivarian Republic of);2012;Developing;73,70;161;9;6,70;0,00;81;1;6,4;10;73;4,80;81;0,1;0,00;0;1,6;1,5;0,77;14,1
Venezuela (Bolivarian Republic of);2011;Developing;73,80;158;9;6,74;0,00;78;0;59,9;10;78;5,24;78;0,1;0,00;0;1,6;1,5;0,76;14,1
Venezuela (Bolivarian Republic of);2010;Developing;73,70;158;9;7,22;0,00;78;0;59,3;10;74;5,40;78;0,1;0,00;0;1,6;1,5;0,75;14,0
Venezuela (Bolivarian Republic of);2009;Developing;73,60;166;9;7,59;0,00;84;0;58,8;10;75;5,81;84;0,1;0,00;0;1,6;1,5;0,75;14,0
Venezuela (Bolivarian Republic of);2008;Developing;73,20;168;9;8,18;0,00;53;0;58,2;10;76;3,98;5;0,1;0,00;0;1,6;1,5;0,75;13,4
Venezuela (Bolivarian Republic of);2007;Developing;73,40;165;9;8,70;0,00;62;32;57,6;10;67;5,25;62;0,1;0,00;0;1,6;1,5;0,73;12,9
Venezuela (Bolivarian Republic of);2006;Developing;73,60;163;9;8,27;0,00;71;78;57,1;11;73;4,85;71;0,1;0,00;0;1,6;1,6;0,71;12,4
Venezuela (Bolivarian Republic of);2005;Developing;73,60;158;9;7,92;0,00;88;0;56,5;11;8;4,69;87;0,1;0,00;0;1,7;1,6;0,70;11,8
Venezuela (Bolivarian Republic of);2004;Developing;73,30;161;10;7,55;0,00;82;0;55,9;11;83;4,78;86;0,1;0,00;0;1,7;1,6;0,69;11,6
Venezuela (Bolivarian Republic of);2003;Developing;72,40;172;10;6,30;0,00;72;0;55,3;12;86;4,93;68;0,1;0,00;0;1,7;1,6;0,69;11,6
Venezuela (Bolivarian Republic of);2002;Developing;73,10;167;10;6,89;0,00;6;2392;54,7;12;81;4,93;65;0,1;0,00;0;1,7;1,7;0,68;11,0
Venezuela (Bolivarian Republic of);2001;Developing;72,50;169;10;8,05;0,00;53;115;54,1;12;87;5,21;7;0,1;0,00;0;1,8;1,7;0,67;10,4
Venezuela (Bolivarian Republic of);2000;Developing;72,50;168;11;8,01;0,00;5;22;53,4;13;86;4,91;77;0,1;0,00;0;1,8;1,7;0,67;10,6
Viet Nam;2015;Developing;76,00;127;28;0,00;0,00;97;256;17,5;35;97;0,00;97;0,1;0,00;0;14,2;14,5;0,68;12,6
Viet Nam;2014;Developing;75,90;128;28;4,09;0,00;95;15033;16,7;35;96;7,70;95;0,1;0,00;0;14,3;14,7;0,68;12,5
Viet Nam;2013;Developing;75,70;129;28;4,00;0,00;59;1123;16,0;35;93;7,17;59;0,1;0,00;0;14,3;14,9;0,67;12,3
Viet Nam;2012;Developing;75,60;13;29;4,12;0,00;97;578;15,3;36;97;6,96;97;0,1;0,00;0;14,4;15,0;0,66;12,2
Viet Nam;2011;Developing;75,40;131;29;3,94;0,00;95;750;14,7;36;96;6,20;95;0,1;0,00;0;14,4;15,2;0,66;12,0
Viet Nam;2010;Developing;75,20;133;29;3,93;0,00;88;2809;14,0;35;94;6,36;93;0,1;0,00;0;14,5;15,4;0,65;11,9
Viet Nam;2009;Developing;75,00;134;29;3,86;0,00;94;6582;13,4;35;97;6,40;96;0,1;0,00;0;14,6;15,5;0,64;11,7
Viet Nam;2008;Developing;74,90;135;28;3,58;0,00;87;352;12,9;35;93;5,53;93;0,2;0,00;0;14,7;15,7;0,63;11,6
Viet Nam;2007;Developing;74,70;136;28;3,01;0,00;67;17;12,3;35;92;6,90;92;0,2;0,00;0;14,9;15,8;0,63;11,4
Viet Nam;2006;Developing;74,60;136;28;2,56;0,00;93;1978;11,8;35;94;5,56;94;0,2;0,00;0;15,1;15,9;0,62;11,3
Viet Nam;2005;Developing;74,40;136;29;2,70;0,00;94;410;11,3;36;94;5,38;95;0,2;0,00;0;15,3;16,0;0,61;11,1
Viet Nam;2004;Developing;74,20;136;29;2,86;0,00;94;217;1,9;36;96;5,90;96;0,2;0,00;0;15,4;16,1;0,60;11,0
Viet Nam;2003;Developing;74,00;137;30;2,19;0,00;78;2297;1,4;37;96;4,84;99;0,2;0,00;0;15,6;16,2;0,59;10,9
Viet Nam;2002;Developing;73,80;137;30;2,03;0,00;0;6755;1,0;39;92;4,70;75;0,2;0,00;0;15,6;16,3;0,58;10,7
Viet Nam;2001;Developing;73,60;138;32;1,84;0,00;0;12058;9,6;41;96;5,17;96;0,1;0,00;0;15,7;16,4;0,58;10,6
Viet Nam;2000;Developing;73,40;139;33;1,60;0,00;0;16512;9,2;43;96;4,89;96;0,1;0,00;0;15,8;16,4;0,57;10,4
Yemen;2015;Developing;65,70;224;37;0,00;0,00;69;468;41,3;47;63;0,00;69;0,1;0,00;0;13,6;13,4;0,50;9,0
Yemen;2014;Developing;65,40;228;37;0,01;0,00;73;815;4,4;47;67;5,64;73;0,1;0,00;0;13,7;13,5;0,50;9,0
Yemen;2013;Developing;65,40;226;36;0,04;0,00;73;400;39,6;46;67;5,78;73;0,1;0,00;0;13,7;13,5;0,50;9,0
Yemen;2012;Developing;64,70;236;36;0,04;0,00;67;2177;38,7;46;68;5,73;67;0,1;0,00;0;13,7;13,6;0,49;9,0
Yemen;2011;Developing;64,60;234;35;0,04;0,00;69;2676;37,9;45;69;5,40;69;0,1;0,00;0;13,7;13,6;0,49;8,6
Yemen;2010;Developing;64,40;233;35;0,06;0,00;76;510;37,2;45;77;5,17;76;0,1;0,00;0;13,7;13,7;0,49;8,5
Yemen;2009;Developing;64,10;235;36;0,03;0,00;76;130;36,4;46;76;5,32;76;0,1;0,00;0;13,8;13,7;0,48;8,4
Yemen;2008;Developing;63,80;238;37;0,04;0,00;78;7;35,7;47;78;5,12;78;0,1;0,00;0;13,8;13,7;0,48;8,5
Yemen;2007;Developing;63,40;24;38;0,05;0,00;79;13;35,1;49;79;4,92;79;0,1;0,00;0;13,8;13,8;0,48;8,6
Yemen;2006;Developing;63,00;242;39;0,04;0,00;78;8079;34,5;51;78;4,82;78;0,1;0,00;0;13,9;13,8;0,48;8,7
Yemen;2005;Developing;62,60;245;40;0,04;0,00;8;6285;33,9;53;8;4,58;79;0,1;0,00;0;13,9;13,8;0,47;8,6
Yemen;2004;Developing;62,20;247;42;0,06;0,00;43;12708;33,3;56;72;4,90;72;0,1;0,00;0;13,9;13,9;0,46;8,4
Yemen;2003;Developing;61,90;249;43;0,04;0,00;38;8536;32,7;58;61;5,00;61;0,1;0,00;0;14,0;13,9;0,46;8,2
Yemen;2002;Developing;61,50;25;45;0,07;0,00;31;890;32,2;61;64;4,22;65;0,1;0,00;0;14,0;14,0;0,45;8,0
Yemen;2001;Developing;61,10;251;46;0,08;0,00;19;485;31,7;63;73;4,34;73;0,1;0,00;0;14,0;14,0;0,44;7,9
Yemen;2000;Developing;68,00;252;48;0,07;0,00;14;0;31,2;66;74;4,14;74;0,1;0,00;0;14,1;14,1;0,44;7,7
Zambia;2015;Developing;61,80;33;27;0,00;0,00;9;9;23,4;40;9;0,00;9;4,1;1313,89;161587;6,3;6,1;0,58;12,5
Zambia;2014;Developing;61,10;314;28;0,01;196,67;86;9;22,8;41;78;4,99;86;4,3;1738,88;1562974;6,3;6,2;0,57;12,5
Zambia;2013;Developing;63,00;328;29;2,41;20,62;79;35;22,3;42;74;4,99;79;4,8;185,79;1515321;6,4;6,2;0,57;12,5
Zambia;2012;Developing;59,20;349;29;2,59;196,92;78;896;21,7;43;7;4,91;78;5,6;1734,94;14699937;6,5;6,3;0,55;12,3
Zambia;2011;Developing;58,20;366;29;2,57;183,05;81;13234;21,2;44;83;4,26;81;6,3;1644,62;14264756;6,6;6,4;0,54;12,0
Zambia;2010;Developing;58,00;363;30;2,47;184,36;83;15754;2,7;45;8;4,41;83;6,8;1463,21;138533;6,7;6,5;0,53;11,8
Zambia;2009;Developing;57,40;368;30;2,30;143,87;94;26;2,2;47;93;4,73;94;9,1;1139,11;13456417;6,7;6,6;0,52;11,6
Zambia;2008;Developing;55,70;45;31;2,12;153,68;87;140;19,7;49;9;4,87;87;11,9;1369,68;1382517;6,8;6,7;0,50;11,4
Zambia;2007;Developing;52,60;487;32;2,08;10,85;8;535;19,2;51;77;4,37;8;13,6;114,59;12725974;6,9;6,8;0,49;11,1
Zambia;2006;Developing;58,00;526;33;2,25;1,86;81;459;18,8;52;83;6,11;81;15,9;13,15;12383446;7,0;6,9;0,48;10,9
Zambia;2005;Developing;49,30;554;34;2,33;121,88;82;45;18,4;55;84;7,56;82;17,0;691,32;1252156;7,1;7,0;0,47;10,7
Zambia;2004;Developing;47,90;578;36;2,46;8,37;0;35;18,0;59;84;7,33;83;17,6;53,28;11731746;7,2;7,1;0,46;10,5
Zambia;2003;Developing;46,40;64;39;2,33;65,79;0;881;17,6;62;85;8,18;83;18,2;429,16;11421984;7,3;7,2;0,44;10,2
Zambia;2002;Developing;45,50;69;41;2,44;54,04;0;25036;17,3;66;85;6,93;84;18,4;377,14;111249;7,4;7,3;0,43;10,0
Zambia;2001;Developing;44,60;611;43;2,61;46,83;0;16997;17,1;70;86;6,56;85;18,6;378,27;1824125;7,4;7,4;0,42;9,8
Zambia;2000;Developing;43,80;614;44;2,62;45,62;0;30930;16,8;72;85;7,16;85;18,7;341,96;1531221;7,5;7,5;0,42;9,6
Zimbabwe;2015;Developing;67,00;336;22;0,00;0,00;87;0;31,8;32;88;0,00;87;6,2;118,69;15777451;5,6;5,5;0,51;10,3
Zimbabwe;2014;Developing;59,20;371;23;6,50;10,82;91;0;31,3;34;92;6,44;91;6,3;127,47;15411675;5,9;5,7;0,50;10,3
Zimbabwe;2013;Developing;58,00;399;25;6,39;10,67;95;0;3,8;36;95;6,88;95;6,8;111,23;155456;6,2;6,0;0,49;10,4
Zimbabwe;2012;Developing;56,60;429;26;6,09;92,60;97;0;3,3;39;95;6,69;95;8,8;955,65;1471826;6,5;6,4;0,46;9,8
Zimbabwe;2011;Developing;54,90;464;28;6,00;63,75;94;0;29,9;42;93;6,31;93;13,3;839,93;14386649;6,8;6,7;0,45;10,1
Zimbabwe;2010;Developing;52,40;527;29;5,21;53,31;9;9696;29,4;44;89;5,37;89;15,7;713,64;1486317;7,1;7,0;0,44;10,0
Zimbabwe;2009;Developing;50,00;587;30;4,64;1,04;73;853;29,0;45;69;6,26;73;18,1;65,82;1381599;7,5;7,4;0,42;9,9
Zimbabwe;2008;Developing;48,20;632;30;3,56;20,84;75;0;28,6;46;75;4,96;75;20,5;325,68;13558469;7,8;7,8;0,42;9,7
Zimbabwe;2007;Developing;46,60;67;29;3,88;29,81;72;242;28,2;46;73;4,47;73;23,7;397,00;1332999;8,2;8,2;0,41;9,6
Zimbabwe;2006;Developing;45,40;7;28;4,57;34,26;68;212;27,9;45;71;5,12;7;26,8;414,80;13124267;8,6;8,6;0,41;9,5
Zimbabwe;2005;Developing;44,60;717;28;4,14;8,72;65;420;27,5;43;69;6,44;68;30,3;444,77;129432;9,0;9,0;0,41;9,3
Zimbabwe;2004;Developing;44,30;723;27;4,36;0,00;68;31;27,1;42;67;7,13;65;33,6;454,37;12777511;9,4;9,4;0,41;9,2
Zimbabwe;2003;Developing;44,50;715;26;4,06;0,00;7;998;26,7;41;7;6,52;68;36,7;453,35;12633897;9,8;9,9;0,42;9,5
Zimbabwe;2002;Developing;44,80;73;25;4,43;0,00;73;304;26,3;40;73;6,53;71;39,8;57,35;125525;1,2;1,3;0,43;10,0
Zimbabwe;2001;Developing;45,30;686;25;1,72;0,00;76;529;25,9;39;76;6,16;75;42,1;548,59;12366165;1,6;1,7;0,43;9,8
Zimbabwe;2000;Developing;46,00;665;24;1,68;0,00;79;1483;25,5;39;78;7,10;78;43,5;547,36;12222251;11,0;11,2;0,43;9,8
